-- Seed data for 200 Users, Patients, Doctors, and Clinical Records
BEGIN;

-- 0. Clean up previous seed data using correct dependency order
DELETE FROM prescription_medicines WHERE prescription_id IN (SELECT id FROM prescriptions WHERE patient_id >= 1000);
DELETE FROM prescriptions WHERE patient_id >= 1000;
DELETE FROM appointments WHERE patient_id >= 1000 OR doctor_id >= 1000;
DELETE FROM lab_test_results WHERE lab_report_id IN (SELECT id FROM lab_reports WHERE patient_id >= 1000);
DELETE FROM lab_reports WHERE patient_id >= 1000;
DELETE FROM imaging_reports WHERE patient_id >= 1000;
DELETE FROM patient_allergies WHERE patient_id >= 1000;
DELETE FROM patient_chronic_diseases WHERE patient_id >= 1000;
DELETE FROM role_applications WHERE user_id >= 1000;
DELETE FROM user_roles WHERE user_id >= 1000;
DELETE FROM doctors WHERE id >= 1000 OR user_id >= 1000;
DELETE FROM patients WHERE id >= 1000 OR user_id >= 1000;
DELETE FROM users WHERE id >= 1000;
DELETE FROM hospitals WHERE id >= 10;

-- 0.5. Insert Dummy Hospitals
INSERT INTO hospitals (id, facility_id, name, division, classification, total_beds, occupied_beds, compliance_score, status) VALUES (10, 'FAC-1005', 'Ibn Sina Medical College', 'Dhaka', 'Private', 350, 290, 92, 'Active');
INSERT INTO hospitals (id, facility_id, name, division, classification, total_beds, occupied_beds, compliance_score, status) VALUES (11, 'FAC-1006', 'Labaid Specialized Hospital', 'Dhaka', 'Specialized', 250, 210, 95, 'Active');
INSERT INTO hospitals (id, facility_id, name, division, classification, total_beds, occupied_beds, compliance_score, status) VALUES (12, 'FAC-1007', 'United Hospital', 'Dhaka', 'Private', 450, 380, 96, 'Active');
INSERT INTO hospitals (id, facility_id, name, division, classification, total_beds, occupied_beds, compliance_score, status) VALUES (13, 'FAC-1008', 'Evercare Hospital', 'Dhaka', 'Private', 500, 420, 97, 'Active');
INSERT INTO hospitals (id, facility_id, name, division, classification, total_beds, occupied_beds, compliance_score, status) VALUES (14, 'FAC-1009', 'Delta Hospital', 'Dhaka', 'Specialized', 200, 150, 88, 'Active');
INSERT INTO hospitals (id, facility_id, name, division, classification, total_beds, occupied_beds, compliance_score, status) VALUES (15, 'FAC-1010', 'National Medical Center', 'Dhaka', 'Private', 300, 220, 85, 'Active');
INSERT INTO hospitals (id, facility_id, name, division, classification, total_beds, occupied_beds, compliance_score, status) VALUES (16, 'FAC-1011', 'Popular Diagnostic & Hospital', 'Dhaka', 'Private', 150, 110, 90, 'Active');
INSERT INTO hospitals (id, facility_id, name, division, classification, total_beds, occupied_beds, compliance_score, status) VALUES (17, 'FAC-1012', 'Anwer Khan Modern Medical College Hospital', 'Dhaka', 'Private', 400, 310, 89, 'Active');
INSERT INTO hospitals (id, facility_id, name, division, classification, total_beds, occupied_beds, compliance_score, status) VALUES (18, 'FAC-1013', 'Apollo Imperial Hospital', 'Chattogram', 'Private', 350, 280, 94, 'Active');
INSERT INTO hospitals (id, facility_id, name, division, classification, total_beds, occupied_beds, compliance_score, status) VALUES (19, 'FAC-1014', 'BSMMU (PG Hospital)', 'Dhaka', 'Public', 1500, 1420, 91, 'Active');
INSERT INTO hospitals (id, facility_id, name, division, classification, total_beds, occupied_beds, compliance_score, status) VALUES (20, 'FAC-1015', 'BIRDEM General Hospital', 'Dhaka', 'Specialized', 700, 650, 93, 'Active');
INSERT INTO hospitals (id, facility_id, name, division, classification, total_beds, occupied_beds, compliance_score, status) VALUES (21, 'FAC-1016', 'National Institute of Cardiovascular Diseases', 'Dhaka', 'Public', 400, 395, 86, 'Active');
INSERT INTO hospitals (id, facility_id, name, division, classification, total_beds, occupied_beds, compliance_score, status) VALUES (22, 'FAC-1017', 'Dhaka Shishu Hospital', 'Dhaka', 'Public', 600, 570, 89, 'Active');
INSERT INTO hospitals (id, facility_id, name, division, classification, total_beds, occupied_beds, compliance_score, status) VALUES (23, 'FAC-1018', 'Kurmitola General Hospital', 'Dhaka', 'Public', 500, 460, 87, 'Active');
INSERT INTO hospitals (id, facility_id, name, division, classification, total_beds, occupied_beds, compliance_score, status) VALUES (24, 'FAC-1019', 'Mugda Medical College Hospital', 'Dhaka', 'Public', 500, 410, 84, 'Active');
INSERT INTO hospitals (id, facility_id, name, division, classification, total_beds, occupied_beds, compliance_score, status) VALUES (25, 'FAC-1020', 'Sir Salimullah Medical College Hospital', 'Dhaka', 'Public', 1000, 960, 85, 'Active');
INSERT INTO hospitals (id, facility_id, name, division, classification, total_beds, occupied_beds, compliance_score, status) VALUES (26, 'FAC-1021', 'National Cancer Research Institute & Hospital', 'Dhaka', 'Public', 300, 280, 82, 'Under Review');
INSERT INTO hospitals (id, facility_id, name, division, classification, total_beds, occupied_beds, compliance_score, status) VALUES (27, 'FAC-1022', 'National Institute of Kidney Diseases & Urology', 'Dhaka', 'Public', 250, 230, 88, 'Active');
INSERT INTO hospitals (id, facility_id, name, division, classification, total_beds, occupied_beds, compliance_score, status) VALUES (28, 'FAC-1023', 'North West Medical College & Hospital', 'Rajshahi', 'Private', 200, 140, 83, 'Active');
INSERT INTO hospitals (id, facility_id, name, division, classification, total_beds, occupied_beds, compliance_score, status) VALUES (29, 'FAC-1024', 'Jashore General Hospital', 'Khulna', 'Public', 250, 240, 80, 'Active');

-- 1. Insert Users
INSERT INTO users (id, username, password, email) VALUES (1000, 'patient_100', '$2a$10$LPGHWPpCmjSpAGnihunkTORQaC5aZjqrX8HQscsFX/eecTAX5IAbi', 'patient_100@nudheb.gov');
INSERT INTO users (id, username, password, email) VALUES (1001, 'patient_101', '$2a$10$LPGHWPpCmjSpAGnihunkTORQaC5aZjqrX8HQscsFX/eecTAX5IAbi', 'patient_101@nudheb.gov');
INSERT INTO users (id, username, password, email) VALUES (1002, 'patient_102', '$2a$10$LPGHWPpCmjSpAGnihunkTORQaC5aZjqrX8HQscsFX/eecTAX5IAbi', 'patient_102@nudheb.gov');
INSERT INTO users (id, username, password, email) VALUES (1003, 'patient_103', '$2a$10$LPGHWPpCmjSpAGnihunkTORQaC5aZjqrX8HQscsFX/eecTAX5IAbi', 'patient_103@nudheb.gov');
INSERT INTO users (id, username, password, email) VALUES (1004, 'patient_104', '$2a$10$LPGHWPpCmjSpAGnihunkTORQaC5aZjqrX8HQscsFX/eecTAX5IAbi', 'patient_104@nudheb.gov');
INSERT INTO users (id, username, password, email) VALUES (1005, 'patient_105', '$2a$10$LPGHWPpCmjSpAGnihunkTORQaC5aZjqrX8HQscsFX/eecTAX5IAbi', 'patient_105@nudheb.gov');
INSERT INTO users (id, username, password, email) VALUES (1006, 'patient_106', '$2a$10$LPGHWPpCmjSpAGnihunkTORQaC5aZjqrX8HQscsFX/eecTAX5IAbi', 'patient_106@nudheb.gov');
INSERT INTO users (id, username, password, email) VALUES (1007, 'patient_107', '$2a$10$LPGHWPpCmjSpAGnihunkTORQaC5aZjqrX8HQscsFX/eecTAX5IAbi', 'patient_107@nudheb.gov');
INSERT INTO users (id, username, password, email) VALUES (1008, 'patient_108', '$2a$10$LPGHWPpCmjSpAGnihunkTORQaC5aZjqrX8HQscsFX/eecTAX5IAbi', 'patient_108@nudheb.gov');
INSERT INTO users (id, username, password, email) VALUES (1009, 'patient_109', '$2a$10$LPGHWPpCmjSpAGnihunkTORQaC5aZjqrX8HQscsFX/eecTAX5IAbi', 'patient_109@nudheb.gov');
INSERT INTO users (id, username, password, email) VALUES (1010, 'patient_110', '$2a$10$LPGHWPpCmjSpAGnihunkTORQaC5aZjqrX8HQscsFX/eecTAX5IAbi', 'patient_110@nudheb.gov');
INSERT INTO users (id, username, password, email) VALUES (1011, 'patient_111', '$2a$10$LPGHWPpCmjSpAGnihunkTORQaC5aZjqrX8HQscsFX/eecTAX5IAbi', 'patient_111@nudheb.gov');
INSERT INTO users (id, username, password, email) VALUES (1012, 'patient_112', '$2a$10$LPGHWPpCmjSpAGnihunkTORQaC5aZjqrX8HQscsFX/eecTAX5IAbi', 'patient_112@nudheb.gov');
INSERT INTO users (id, username, password, email) VALUES (1013, 'patient_113', '$2a$10$LPGHWPpCmjSpAGnihunkTORQaC5aZjqrX8HQscsFX/eecTAX5IAbi', 'patient_113@nudheb.gov');
INSERT INTO users (id, username, password, email) VALUES (1014, 'patient_114', '$2a$10$LPGHWPpCmjSpAGnihunkTORQaC5aZjqrX8HQscsFX/eecTAX5IAbi', 'patient_114@nudheb.gov');
INSERT INTO users (id, username, password, email) VALUES (1015, 'patient_115', '$2a$10$LPGHWPpCmjSpAGnihunkTORQaC5aZjqrX8HQscsFX/eecTAX5IAbi', 'patient_115@nudheb.gov');
INSERT INTO users (id, username, password, email) VALUES (1016, 'patient_116', '$2a$10$LPGHWPpCmjSpAGnihunkTORQaC5aZjqrX8HQscsFX/eecTAX5IAbi', 'patient_116@nudheb.gov');
INSERT INTO users (id, username, password, email) VALUES (1017, 'patient_117', '$2a$10$LPGHWPpCmjSpAGnihunkTORQaC5aZjqrX8HQscsFX/eecTAX5IAbi', 'patient_117@nudheb.gov');
INSERT INTO users (id, username, password, email) VALUES (1018, 'patient_118', '$2a$10$LPGHWPpCmjSpAGnihunkTORQaC5aZjqrX8HQscsFX/eecTAX5IAbi', 'patient_118@nudheb.gov');
INSERT INTO users (id, username, password, email) VALUES (1019, 'patient_119', '$2a$10$LPGHWPpCmjSpAGnihunkTORQaC5aZjqrX8HQscsFX/eecTAX5IAbi', 'patient_119@nudheb.gov');
INSERT INTO users (id, username, password, email) VALUES (1020, 'patient_120', '$2a$10$LPGHWPpCmjSpAGnihunkTORQaC5aZjqrX8HQscsFX/eecTAX5IAbi', 'patient_120@nudheb.gov');
INSERT INTO users (id, username, password, email) VALUES (1021, 'patient_121', '$2a$10$LPGHWPpCmjSpAGnihunkTORQaC5aZjqrX8HQscsFX/eecTAX5IAbi', 'patient_121@nudheb.gov');
INSERT INTO users (id, username, password, email) VALUES (1022, 'patient_122', '$2a$10$LPGHWPpCmjSpAGnihunkTORQaC5aZjqrX8HQscsFX/eecTAX5IAbi', 'patient_122@nudheb.gov');
INSERT INTO users (id, username, password, email) VALUES (1023, 'patient_123', '$2a$10$LPGHWPpCmjSpAGnihunkTORQaC5aZjqrX8HQscsFX/eecTAX5IAbi', 'patient_123@nudheb.gov');
INSERT INTO users (id, username, password, email) VALUES (1024, 'patient_124', '$2a$10$LPGHWPpCmjSpAGnihunkTORQaC5aZjqrX8HQscsFX/eecTAX5IAbi', 'patient_124@nudheb.gov');
INSERT INTO users (id, username, password, email) VALUES (1025, 'patient_125', '$2a$10$LPGHWPpCmjSpAGnihunkTORQaC5aZjqrX8HQscsFX/eecTAX5IAbi', 'patient_125@nudheb.gov');
INSERT INTO users (id, username, password, email) VALUES (1026, 'patient_126', '$2a$10$LPGHWPpCmjSpAGnihunkTORQaC5aZjqrX8HQscsFX/eecTAX5IAbi', 'patient_126@nudheb.gov');
INSERT INTO users (id, username, password, email) VALUES (1027, 'patient_127', '$2a$10$LPGHWPpCmjSpAGnihunkTORQaC5aZjqrX8HQscsFX/eecTAX5IAbi', 'patient_127@nudheb.gov');
INSERT INTO users (id, username, password, email) VALUES (1028, 'patient_128', '$2a$10$LPGHWPpCmjSpAGnihunkTORQaC5aZjqrX8HQscsFX/eecTAX5IAbi', 'patient_128@nudheb.gov');
INSERT INTO users (id, username, password, email) VALUES (1029, 'patient_129', '$2a$10$LPGHWPpCmjSpAGnihunkTORQaC5aZjqrX8HQscsFX/eecTAX5IAbi', 'patient_129@nudheb.gov');
INSERT INTO users (id, username, password, email) VALUES (1030, 'patient_130', '$2a$10$LPGHWPpCmjSpAGnihunkTORQaC5aZjqrX8HQscsFX/eecTAX5IAbi', 'patient_130@nudheb.gov');
INSERT INTO users (id, username, password, email) VALUES (1031, 'patient_131', '$2a$10$LPGHWPpCmjSpAGnihunkTORQaC5aZjqrX8HQscsFX/eecTAX5IAbi', 'patient_131@nudheb.gov');
INSERT INTO users (id, username, password, email) VALUES (1032, 'patient_132', '$2a$10$LPGHWPpCmjSpAGnihunkTORQaC5aZjqrX8HQscsFX/eecTAX5IAbi', 'patient_132@nudheb.gov');
INSERT INTO users (id, username, password, email) VALUES (1033, 'patient_133', '$2a$10$LPGHWPpCmjSpAGnihunkTORQaC5aZjqrX8HQscsFX/eecTAX5IAbi', 'patient_133@nudheb.gov');
INSERT INTO users (id, username, password, email) VALUES (1034, 'patient_134', '$2a$10$LPGHWPpCmjSpAGnihunkTORQaC5aZjqrX8HQscsFX/eecTAX5IAbi', 'patient_134@nudheb.gov');
INSERT INTO users (id, username, password, email) VALUES (1035, 'patient_135', '$2a$10$LPGHWPpCmjSpAGnihunkTORQaC5aZjqrX8HQscsFX/eecTAX5IAbi', 'patient_135@nudheb.gov');
INSERT INTO users (id, username, password, email) VALUES (1036, 'patient_136', '$2a$10$LPGHWPpCmjSpAGnihunkTORQaC5aZjqrX8HQscsFX/eecTAX5IAbi', 'patient_136@nudheb.gov');
INSERT INTO users (id, username, password, email) VALUES (1037, 'patient_137', '$2a$10$LPGHWPpCmjSpAGnihunkTORQaC5aZjqrX8HQscsFX/eecTAX5IAbi', 'patient_137@nudheb.gov');
INSERT INTO users (id, username, password, email) VALUES (1038, 'patient_138', '$2a$10$LPGHWPpCmjSpAGnihunkTORQaC5aZjqrX8HQscsFX/eecTAX5IAbi', 'patient_138@nudheb.gov');
INSERT INTO users (id, username, password, email) VALUES (1039, 'patient_139', '$2a$10$LPGHWPpCmjSpAGnihunkTORQaC5aZjqrX8HQscsFX/eecTAX5IAbi', 'patient_139@nudheb.gov');
INSERT INTO users (id, username, password, email) VALUES (1040, 'patient_140', '$2a$10$LPGHWPpCmjSpAGnihunkTORQaC5aZjqrX8HQscsFX/eecTAX5IAbi', 'patient_140@nudheb.gov');
INSERT INTO users (id, username, password, email) VALUES (1041, 'patient_141', '$2a$10$LPGHWPpCmjSpAGnihunkTORQaC5aZjqrX8HQscsFX/eecTAX5IAbi', 'patient_141@nudheb.gov');
INSERT INTO users (id, username, password, email) VALUES (1042, 'patient_142', '$2a$10$LPGHWPpCmjSpAGnihunkTORQaC5aZjqrX8HQscsFX/eecTAX5IAbi', 'patient_142@nudheb.gov');
INSERT INTO users (id, username, password, email) VALUES (1043, 'patient_143', '$2a$10$LPGHWPpCmjSpAGnihunkTORQaC5aZjqrX8HQscsFX/eecTAX5IAbi', 'patient_143@nudheb.gov');
INSERT INTO users (id, username, password, email) VALUES (1044, 'patient_144', '$2a$10$LPGHWPpCmjSpAGnihunkTORQaC5aZjqrX8HQscsFX/eecTAX5IAbi', 'patient_144@nudheb.gov');
INSERT INTO users (id, username, password, email) VALUES (1045, 'patient_145', '$2a$10$LPGHWPpCmjSpAGnihunkTORQaC5aZjqrX8HQscsFX/eecTAX5IAbi', 'patient_145@nudheb.gov');
INSERT INTO users (id, username, password, email) VALUES (1046, 'patient_146', '$2a$10$LPGHWPpCmjSpAGnihunkTORQaC5aZjqrX8HQscsFX/eecTAX5IAbi', 'patient_146@nudheb.gov');
INSERT INTO users (id, username, password, email) VALUES (1047, 'patient_147', '$2a$10$LPGHWPpCmjSpAGnihunkTORQaC5aZjqrX8HQscsFX/eecTAX5IAbi', 'patient_147@nudheb.gov');
INSERT INTO users (id, username, password, email) VALUES (1048, 'patient_148', '$2a$10$LPGHWPpCmjSpAGnihunkTORQaC5aZjqrX8HQscsFX/eecTAX5IAbi', 'patient_148@nudheb.gov');
INSERT INTO users (id, username, password, email) VALUES (1049, 'patient_149', '$2a$10$LPGHWPpCmjSpAGnihunkTORQaC5aZjqrX8HQscsFX/eecTAX5IAbi', 'patient_149@nudheb.gov');
INSERT INTO users (id, username, password, email) VALUES (1050, 'patient_150', '$2a$10$LPGHWPpCmjSpAGnihunkTORQaC5aZjqrX8HQscsFX/eecTAX5IAbi', 'patient_150@nudheb.gov');
INSERT INTO users (id, username, password, email) VALUES (1051, 'patient_151', '$2a$10$LPGHWPpCmjSpAGnihunkTORQaC5aZjqrX8HQscsFX/eecTAX5IAbi', 'patient_151@nudheb.gov');
INSERT INTO users (id, username, password, email) VALUES (1052, 'patient_152', '$2a$10$LPGHWPpCmjSpAGnihunkTORQaC5aZjqrX8HQscsFX/eecTAX5IAbi', 'patient_152@nudheb.gov');
INSERT INTO users (id, username, password, email) VALUES (1053, 'patient_153', '$2a$10$LPGHWPpCmjSpAGnihunkTORQaC5aZjqrX8HQscsFX/eecTAX5IAbi', 'patient_153@nudheb.gov');
INSERT INTO users (id, username, password, email) VALUES (1054, 'patient_154', '$2a$10$LPGHWPpCmjSpAGnihunkTORQaC5aZjqrX8HQscsFX/eecTAX5IAbi', 'patient_154@nudheb.gov');
INSERT INTO users (id, username, password, email) VALUES (1055, 'patient_155', '$2a$10$LPGHWPpCmjSpAGnihunkTORQaC5aZjqrX8HQscsFX/eecTAX5IAbi', 'patient_155@nudheb.gov');
INSERT INTO users (id, username, password, email) VALUES (1056, 'patient_156', '$2a$10$LPGHWPpCmjSpAGnihunkTORQaC5aZjqrX8HQscsFX/eecTAX5IAbi', 'patient_156@nudheb.gov');
INSERT INTO users (id, username, password, email) VALUES (1057, 'patient_157', '$2a$10$LPGHWPpCmjSpAGnihunkTORQaC5aZjqrX8HQscsFX/eecTAX5IAbi', 'patient_157@nudheb.gov');
INSERT INTO users (id, username, password, email) VALUES (1058, 'patient_158', '$2a$10$LPGHWPpCmjSpAGnihunkTORQaC5aZjqrX8HQscsFX/eecTAX5IAbi', 'patient_158@nudheb.gov');
INSERT INTO users (id, username, password, email) VALUES (1059, 'patient_159', '$2a$10$LPGHWPpCmjSpAGnihunkTORQaC5aZjqrX8HQscsFX/eecTAX5IAbi', 'patient_159@nudheb.gov');
INSERT INTO users (id, username, password, email) VALUES (1060, 'patient_160', '$2a$10$LPGHWPpCmjSpAGnihunkTORQaC5aZjqrX8HQscsFX/eecTAX5IAbi', 'patient_160@nudheb.gov');
INSERT INTO users (id, username, password, email) VALUES (1061, 'patient_161', '$2a$10$LPGHWPpCmjSpAGnihunkTORQaC5aZjqrX8HQscsFX/eecTAX5IAbi', 'patient_161@nudheb.gov');
INSERT INTO users (id, username, password, email) VALUES (1062, 'patient_162', '$2a$10$LPGHWPpCmjSpAGnihunkTORQaC5aZjqrX8HQscsFX/eecTAX5IAbi', 'patient_162@nudheb.gov');
INSERT INTO users (id, username, password, email) VALUES (1063, 'patient_163', '$2a$10$LPGHWPpCmjSpAGnihunkTORQaC5aZjqrX8HQscsFX/eecTAX5IAbi', 'patient_163@nudheb.gov');
INSERT INTO users (id, username, password, email) VALUES (1064, 'patient_164', '$2a$10$LPGHWPpCmjSpAGnihunkTORQaC5aZjqrX8HQscsFX/eecTAX5IAbi', 'patient_164@nudheb.gov');
INSERT INTO users (id, username, password, email) VALUES (1065, 'patient_165', '$2a$10$LPGHWPpCmjSpAGnihunkTORQaC5aZjqrX8HQscsFX/eecTAX5IAbi', 'patient_165@nudheb.gov');
INSERT INTO users (id, username, password, email) VALUES (1066, 'patient_166', '$2a$10$LPGHWPpCmjSpAGnihunkTORQaC5aZjqrX8HQscsFX/eecTAX5IAbi', 'patient_166@nudheb.gov');
INSERT INTO users (id, username, password, email) VALUES (1067, 'patient_167', '$2a$10$LPGHWPpCmjSpAGnihunkTORQaC5aZjqrX8HQscsFX/eecTAX5IAbi', 'patient_167@nudheb.gov');
INSERT INTO users (id, username, password, email) VALUES (1068, 'patient_168', '$2a$10$LPGHWPpCmjSpAGnihunkTORQaC5aZjqrX8HQscsFX/eecTAX5IAbi', 'patient_168@nudheb.gov');
INSERT INTO users (id, username, password, email) VALUES (1069, 'patient_169', '$2a$10$LPGHWPpCmjSpAGnihunkTORQaC5aZjqrX8HQscsFX/eecTAX5IAbi', 'patient_169@nudheb.gov');
INSERT INTO users (id, username, password, email) VALUES (1070, 'patient_170', '$2a$10$LPGHWPpCmjSpAGnihunkTORQaC5aZjqrX8HQscsFX/eecTAX5IAbi', 'patient_170@nudheb.gov');
INSERT INTO users (id, username, password, email) VALUES (1071, 'patient_171', '$2a$10$LPGHWPpCmjSpAGnihunkTORQaC5aZjqrX8HQscsFX/eecTAX5IAbi', 'patient_171@nudheb.gov');
INSERT INTO users (id, username, password, email) VALUES (1072, 'patient_172', '$2a$10$LPGHWPpCmjSpAGnihunkTORQaC5aZjqrX8HQscsFX/eecTAX5IAbi', 'patient_172@nudheb.gov');
INSERT INTO users (id, username, password, email) VALUES (1073, 'patient_173', '$2a$10$LPGHWPpCmjSpAGnihunkTORQaC5aZjqrX8HQscsFX/eecTAX5IAbi', 'patient_173@nudheb.gov');
INSERT INTO users (id, username, password, email) VALUES (1074, 'patient_174', '$2a$10$LPGHWPpCmjSpAGnihunkTORQaC5aZjqrX8HQscsFX/eecTAX5IAbi', 'patient_174@nudheb.gov');
INSERT INTO users (id, username, password, email) VALUES (1075, 'patient_175', '$2a$10$LPGHWPpCmjSpAGnihunkTORQaC5aZjqrX8HQscsFX/eecTAX5IAbi', 'patient_175@nudheb.gov');
INSERT INTO users (id, username, password, email) VALUES (1076, 'patient_176', '$2a$10$LPGHWPpCmjSpAGnihunkTORQaC5aZjqrX8HQscsFX/eecTAX5IAbi', 'patient_176@nudheb.gov');
INSERT INTO users (id, username, password, email) VALUES (1077, 'patient_177', '$2a$10$LPGHWPpCmjSpAGnihunkTORQaC5aZjqrX8HQscsFX/eecTAX5IAbi', 'patient_177@nudheb.gov');
INSERT INTO users (id, username, password, email) VALUES (1078, 'patient_178', '$2a$10$LPGHWPpCmjSpAGnihunkTORQaC5aZjqrX8HQscsFX/eecTAX5IAbi', 'patient_178@nudheb.gov');
INSERT INTO users (id, username, password, email) VALUES (1079, 'patient_179', '$2a$10$LPGHWPpCmjSpAGnihunkTORQaC5aZjqrX8HQscsFX/eecTAX5IAbi', 'patient_179@nudheb.gov');
INSERT INTO users (id, username, password, email) VALUES (1080, 'patient_180', '$2a$10$LPGHWPpCmjSpAGnihunkTORQaC5aZjqrX8HQscsFX/eecTAX5IAbi', 'patient_180@nudheb.gov');
INSERT INTO users (id, username, password, email) VALUES (1081, 'patient_181', '$2a$10$LPGHWPpCmjSpAGnihunkTORQaC5aZjqrX8HQscsFX/eecTAX5IAbi', 'patient_181@nudheb.gov');
INSERT INTO users (id, username, password, email) VALUES (1082, 'patient_182', '$2a$10$LPGHWPpCmjSpAGnihunkTORQaC5aZjqrX8HQscsFX/eecTAX5IAbi', 'patient_182@nudheb.gov');
INSERT INTO users (id, username, password, email) VALUES (1083, 'patient_183', '$2a$10$LPGHWPpCmjSpAGnihunkTORQaC5aZjqrX8HQscsFX/eecTAX5IAbi', 'patient_183@nudheb.gov');
INSERT INTO users (id, username, password, email) VALUES (1084, 'patient_184', '$2a$10$LPGHWPpCmjSpAGnihunkTORQaC5aZjqrX8HQscsFX/eecTAX5IAbi', 'patient_184@nudheb.gov');
INSERT INTO users (id, username, password, email) VALUES (1085, 'patient_185', '$2a$10$LPGHWPpCmjSpAGnihunkTORQaC5aZjqrX8HQscsFX/eecTAX5IAbi', 'patient_185@nudheb.gov');
INSERT INTO users (id, username, password, email) VALUES (1086, 'patient_186', '$2a$10$LPGHWPpCmjSpAGnihunkTORQaC5aZjqrX8HQscsFX/eecTAX5IAbi', 'patient_186@nudheb.gov');
INSERT INTO users (id, username, password, email) VALUES (1087, 'patient_187', '$2a$10$LPGHWPpCmjSpAGnihunkTORQaC5aZjqrX8HQscsFX/eecTAX5IAbi', 'patient_187@nudheb.gov');
INSERT INTO users (id, username, password, email) VALUES (1088, 'patient_188', '$2a$10$LPGHWPpCmjSpAGnihunkTORQaC5aZjqrX8HQscsFX/eecTAX5IAbi', 'patient_188@nudheb.gov');
INSERT INTO users (id, username, password, email) VALUES (1089, 'patient_189', '$2a$10$LPGHWPpCmjSpAGnihunkTORQaC5aZjqrX8HQscsFX/eecTAX5IAbi', 'patient_189@nudheb.gov');
INSERT INTO users (id, username, password, email) VALUES (1090, 'patient_190', '$2a$10$LPGHWPpCmjSpAGnihunkTORQaC5aZjqrX8HQscsFX/eecTAX5IAbi', 'patient_190@nudheb.gov');
INSERT INTO users (id, username, password, email) VALUES (1091, 'patient_191', '$2a$10$LPGHWPpCmjSpAGnihunkTORQaC5aZjqrX8HQscsFX/eecTAX5IAbi', 'patient_191@nudheb.gov');
INSERT INTO users (id, username, password, email) VALUES (1092, 'patient_192', '$2a$10$LPGHWPpCmjSpAGnihunkTORQaC5aZjqrX8HQscsFX/eecTAX5IAbi', 'patient_192@nudheb.gov');
INSERT INTO users (id, username, password, email) VALUES (1093, 'patient_193', '$2a$10$LPGHWPpCmjSpAGnihunkTORQaC5aZjqrX8HQscsFX/eecTAX5IAbi', 'patient_193@nudheb.gov');
INSERT INTO users (id, username, password, email) VALUES (1094, 'patient_194', '$2a$10$LPGHWPpCmjSpAGnihunkTORQaC5aZjqrX8HQscsFX/eecTAX5IAbi', 'patient_194@nudheb.gov');
INSERT INTO users (id, username, password, email) VALUES (1095, 'patient_195', '$2a$10$LPGHWPpCmjSpAGnihunkTORQaC5aZjqrX8HQscsFX/eecTAX5IAbi', 'patient_195@nudheb.gov');
INSERT INTO users (id, username, password, email) VALUES (1096, 'patient_196', '$2a$10$LPGHWPpCmjSpAGnihunkTORQaC5aZjqrX8HQscsFX/eecTAX5IAbi', 'patient_196@nudheb.gov');
INSERT INTO users (id, username, password, email) VALUES (1097, 'patient_197', '$2a$10$LPGHWPpCmjSpAGnihunkTORQaC5aZjqrX8HQscsFX/eecTAX5IAbi', 'patient_197@nudheb.gov');
INSERT INTO users (id, username, password, email) VALUES (1098, 'patient_198', '$2a$10$LPGHWPpCmjSpAGnihunkTORQaC5aZjqrX8HQscsFX/eecTAX5IAbi', 'patient_198@nudheb.gov');
INSERT INTO users (id, username, password, email) VALUES (1099, 'patient_199', '$2a$10$LPGHWPpCmjSpAGnihunkTORQaC5aZjqrX8HQscsFX/eecTAX5IAbi', 'patient_199@nudheb.gov');
INSERT INTO users (id, username, password, email) VALUES (1100, 'doctor_100', '$2a$10$LPGHWPpCmjSpAGnihunkTORQaC5aZjqrX8HQscsFX/eecTAX5IAbi', 'doctor_100@nudheb.gov');
INSERT INTO users (id, username, password, email) VALUES (1101, 'doctor_101', '$2a$10$LPGHWPpCmjSpAGnihunkTORQaC5aZjqrX8HQscsFX/eecTAX5IAbi', 'doctor_101@nudheb.gov');
INSERT INTO users (id, username, password, email) VALUES (1102, 'doctor_102', '$2a$10$LPGHWPpCmjSpAGnihunkTORQaC5aZjqrX8HQscsFX/eecTAX5IAbi', 'doctor_102@nudheb.gov');
INSERT INTO users (id, username, password, email) VALUES (1103, 'doctor_103', '$2a$10$LPGHWPpCmjSpAGnihunkTORQaC5aZjqrX8HQscsFX/eecTAX5IAbi', 'doctor_103@nudheb.gov');
INSERT INTO users (id, username, password, email) VALUES (1104, 'doctor_104', '$2a$10$LPGHWPpCmjSpAGnihunkTORQaC5aZjqrX8HQscsFX/eecTAX5IAbi', 'doctor_104@nudheb.gov');
INSERT INTO users (id, username, password, email) VALUES (1105, 'doctor_105', '$2a$10$LPGHWPpCmjSpAGnihunkTORQaC5aZjqrX8HQscsFX/eecTAX5IAbi', 'doctor_105@nudheb.gov');
INSERT INTO users (id, username, password, email) VALUES (1106, 'doctor_106', '$2a$10$LPGHWPpCmjSpAGnihunkTORQaC5aZjqrX8HQscsFX/eecTAX5IAbi', 'doctor_106@nudheb.gov');
INSERT INTO users (id, username, password, email) VALUES (1107, 'doctor_107', '$2a$10$LPGHWPpCmjSpAGnihunkTORQaC5aZjqrX8HQscsFX/eecTAX5IAbi', 'doctor_107@nudheb.gov');
INSERT INTO users (id, username, password, email) VALUES (1108, 'doctor_108', '$2a$10$LPGHWPpCmjSpAGnihunkTORQaC5aZjqrX8HQscsFX/eecTAX5IAbi', 'doctor_108@nudheb.gov');
INSERT INTO users (id, username, password, email) VALUES (1109, 'doctor_109', '$2a$10$LPGHWPpCmjSpAGnihunkTORQaC5aZjqrX8HQscsFX/eecTAX5IAbi', 'doctor_109@nudheb.gov');
INSERT INTO users (id, username, password, email) VALUES (1110, 'doctor_110', '$2a$10$LPGHWPpCmjSpAGnihunkTORQaC5aZjqrX8HQscsFX/eecTAX5IAbi', 'doctor_110@nudheb.gov');
INSERT INTO users (id, username, password, email) VALUES (1111, 'doctor_111', '$2a$10$LPGHWPpCmjSpAGnihunkTORQaC5aZjqrX8HQscsFX/eecTAX5IAbi', 'doctor_111@nudheb.gov');
INSERT INTO users (id, username, password, email) VALUES (1112, 'doctor_112', '$2a$10$LPGHWPpCmjSpAGnihunkTORQaC5aZjqrX8HQscsFX/eecTAX5IAbi', 'doctor_112@nudheb.gov');
INSERT INTO users (id, username, password, email) VALUES (1113, 'doctor_113', '$2a$10$LPGHWPpCmjSpAGnihunkTORQaC5aZjqrX8HQscsFX/eecTAX5IAbi', 'doctor_113@nudheb.gov');
INSERT INTO users (id, username, password, email) VALUES (1114, 'doctor_114', '$2a$10$LPGHWPpCmjSpAGnihunkTORQaC5aZjqrX8HQscsFX/eecTAX5IAbi', 'doctor_114@nudheb.gov');
INSERT INTO users (id, username, password, email) VALUES (1115, 'doctor_115', '$2a$10$LPGHWPpCmjSpAGnihunkTORQaC5aZjqrX8HQscsFX/eecTAX5IAbi', 'doctor_115@nudheb.gov');
INSERT INTO users (id, username, password, email) VALUES (1116, 'doctor_116', '$2a$10$LPGHWPpCmjSpAGnihunkTORQaC5aZjqrX8HQscsFX/eecTAX5IAbi', 'doctor_116@nudheb.gov');
INSERT INTO users (id, username, password, email) VALUES (1117, 'doctor_117', '$2a$10$LPGHWPpCmjSpAGnihunkTORQaC5aZjqrX8HQscsFX/eecTAX5IAbi', 'doctor_117@nudheb.gov');
INSERT INTO users (id, username, password, email) VALUES (1118, 'doctor_118', '$2a$10$LPGHWPpCmjSpAGnihunkTORQaC5aZjqrX8HQscsFX/eecTAX5IAbi', 'doctor_118@nudheb.gov');
INSERT INTO users (id, username, password, email) VALUES (1119, 'doctor_119', '$2a$10$LPGHWPpCmjSpAGnihunkTORQaC5aZjqrX8HQscsFX/eecTAX5IAbi', 'doctor_119@nudheb.gov');
INSERT INTO users (id, username, password, email) VALUES (1120, 'doctor_120', '$2a$10$LPGHWPpCmjSpAGnihunkTORQaC5aZjqrX8HQscsFX/eecTAX5IAbi', 'doctor_120@nudheb.gov');
INSERT INTO users (id, username, password, email) VALUES (1121, 'doctor_121', '$2a$10$LPGHWPpCmjSpAGnihunkTORQaC5aZjqrX8HQscsFX/eecTAX5IAbi', 'doctor_121@nudheb.gov');
INSERT INTO users (id, username, password, email) VALUES (1122, 'doctor_122', '$2a$10$LPGHWPpCmjSpAGnihunkTORQaC5aZjqrX8HQscsFX/eecTAX5IAbi', 'doctor_122@nudheb.gov');
INSERT INTO users (id, username, password, email) VALUES (1123, 'doctor_123', '$2a$10$LPGHWPpCmjSpAGnihunkTORQaC5aZjqrX8HQscsFX/eecTAX5IAbi', 'doctor_123@nudheb.gov');
INSERT INTO users (id, username, password, email) VALUES (1124, 'doctor_124', '$2a$10$LPGHWPpCmjSpAGnihunkTORQaC5aZjqrX8HQscsFX/eecTAX5IAbi', 'doctor_124@nudheb.gov');
INSERT INTO users (id, username, password, email) VALUES (1125, 'doctor_125', '$2a$10$LPGHWPpCmjSpAGnihunkTORQaC5aZjqrX8HQscsFX/eecTAX5IAbi', 'doctor_125@nudheb.gov');
INSERT INTO users (id, username, password, email) VALUES (1126, 'doctor_126', '$2a$10$LPGHWPpCmjSpAGnihunkTORQaC5aZjqrX8HQscsFX/eecTAX5IAbi', 'doctor_126@nudheb.gov');
INSERT INTO users (id, username, password, email) VALUES (1127, 'doctor_127', '$2a$10$LPGHWPpCmjSpAGnihunkTORQaC5aZjqrX8HQscsFX/eecTAX5IAbi', 'doctor_127@nudheb.gov');
INSERT INTO users (id, username, password, email) VALUES (1128, 'doctor_128', '$2a$10$LPGHWPpCmjSpAGnihunkTORQaC5aZjqrX8HQscsFX/eecTAX5IAbi', 'doctor_128@nudheb.gov');
INSERT INTO users (id, username, password, email) VALUES (1129, 'doctor_129', '$2a$10$LPGHWPpCmjSpAGnihunkTORQaC5aZjqrX8HQscsFX/eecTAX5IAbi', 'doctor_129@nudheb.gov');
INSERT INTO users (id, username, password, email) VALUES (1130, 'doctor_130', '$2a$10$LPGHWPpCmjSpAGnihunkTORQaC5aZjqrX8HQscsFX/eecTAX5IAbi', 'doctor_130@nudheb.gov');
INSERT INTO users (id, username, password, email) VALUES (1131, 'doctor_131', '$2a$10$LPGHWPpCmjSpAGnihunkTORQaC5aZjqrX8HQscsFX/eecTAX5IAbi', 'doctor_131@nudheb.gov');
INSERT INTO users (id, username, password, email) VALUES (1132, 'doctor_132', '$2a$10$LPGHWPpCmjSpAGnihunkTORQaC5aZjqrX8HQscsFX/eecTAX5IAbi', 'doctor_132@nudheb.gov');
INSERT INTO users (id, username, password, email) VALUES (1133, 'doctor_133', '$2a$10$LPGHWPpCmjSpAGnihunkTORQaC5aZjqrX8HQscsFX/eecTAX5IAbi', 'doctor_133@nudheb.gov');
INSERT INTO users (id, username, password, email) VALUES (1134, 'doctor_134', '$2a$10$LPGHWPpCmjSpAGnihunkTORQaC5aZjqrX8HQscsFX/eecTAX5IAbi', 'doctor_134@nudheb.gov');
INSERT INTO users (id, username, password, email) VALUES (1135, 'doctor_135', '$2a$10$LPGHWPpCmjSpAGnihunkTORQaC5aZjqrX8HQscsFX/eecTAX5IAbi', 'doctor_135@nudheb.gov');
INSERT INTO users (id, username, password, email) VALUES (1136, 'doctor_136', '$2a$10$LPGHWPpCmjSpAGnihunkTORQaC5aZjqrX8HQscsFX/eecTAX5IAbi', 'doctor_136@nudheb.gov');
INSERT INTO users (id, username, password, email) VALUES (1137, 'doctor_137', '$2a$10$LPGHWPpCmjSpAGnihunkTORQaC5aZjqrX8HQscsFX/eecTAX5IAbi', 'doctor_137@nudheb.gov');
INSERT INTO users (id, username, password, email) VALUES (1138, 'doctor_138', '$2a$10$LPGHWPpCmjSpAGnihunkTORQaC5aZjqrX8HQscsFX/eecTAX5IAbi', 'doctor_138@nudheb.gov');
INSERT INTO users (id, username, password, email) VALUES (1139, 'doctor_139', '$2a$10$LPGHWPpCmjSpAGnihunkTORQaC5aZjqrX8HQscsFX/eecTAX5IAbi', 'doctor_139@nudheb.gov');
INSERT INTO users (id, username, password, email) VALUES (1140, 'doctor_140', '$2a$10$LPGHWPpCmjSpAGnihunkTORQaC5aZjqrX8HQscsFX/eecTAX5IAbi', 'doctor_140@nudheb.gov');
INSERT INTO users (id, username, password, email) VALUES (1141, 'doctor_141', '$2a$10$LPGHWPpCmjSpAGnihunkTORQaC5aZjqrX8HQscsFX/eecTAX5IAbi', 'doctor_141@nudheb.gov');
INSERT INTO users (id, username, password, email) VALUES (1142, 'doctor_142', '$2a$10$LPGHWPpCmjSpAGnihunkTORQaC5aZjqrX8HQscsFX/eecTAX5IAbi', 'doctor_142@nudheb.gov');
INSERT INTO users (id, username, password, email) VALUES (1143, 'doctor_143', '$2a$10$LPGHWPpCmjSpAGnihunkTORQaC5aZjqrX8HQscsFX/eecTAX5IAbi', 'doctor_143@nudheb.gov');
INSERT INTO users (id, username, password, email) VALUES (1144, 'doctor_144', '$2a$10$LPGHWPpCmjSpAGnihunkTORQaC5aZjqrX8HQscsFX/eecTAX5IAbi', 'doctor_144@nudheb.gov');
INSERT INTO users (id, username, password, email) VALUES (1145, 'doctor_145', '$2a$10$LPGHWPpCmjSpAGnihunkTORQaC5aZjqrX8HQscsFX/eecTAX5IAbi', 'doctor_145@nudheb.gov');
INSERT INTO users (id, username, password, email) VALUES (1146, 'doctor_146', '$2a$10$LPGHWPpCmjSpAGnihunkTORQaC5aZjqrX8HQscsFX/eecTAX5IAbi', 'doctor_146@nudheb.gov');
INSERT INTO users (id, username, password, email) VALUES (1147, 'doctor_147', '$2a$10$LPGHWPpCmjSpAGnihunkTORQaC5aZjqrX8HQscsFX/eecTAX5IAbi', 'doctor_147@nudheb.gov');
INSERT INTO users (id, username, password, email) VALUES (1148, 'doctor_148', '$2a$10$LPGHWPpCmjSpAGnihunkTORQaC5aZjqrX8HQscsFX/eecTAX5IAbi', 'doctor_148@nudheb.gov');
INSERT INTO users (id, username, password, email) VALUES (1149, 'doctor_149', '$2a$10$LPGHWPpCmjSpAGnihunkTORQaC5aZjqrX8HQscsFX/eecTAX5IAbi', 'doctor_149@nudheb.gov');
INSERT INTO users (id, username, password, email) VALUES (1150, 'doctor_150', '$2a$10$LPGHWPpCmjSpAGnihunkTORQaC5aZjqrX8HQscsFX/eecTAX5IAbi', 'doctor_150@nudheb.gov');
INSERT INTO users (id, username, password, email) VALUES (1151, 'doctor_151', '$2a$10$LPGHWPpCmjSpAGnihunkTORQaC5aZjqrX8HQscsFX/eecTAX5IAbi', 'doctor_151@nudheb.gov');
INSERT INTO users (id, username, password, email) VALUES (1152, 'doctor_152', '$2a$10$LPGHWPpCmjSpAGnihunkTORQaC5aZjqrX8HQscsFX/eecTAX5IAbi', 'doctor_152@nudheb.gov');
INSERT INTO users (id, username, password, email) VALUES (1153, 'doctor_153', '$2a$10$LPGHWPpCmjSpAGnihunkTORQaC5aZjqrX8HQscsFX/eecTAX5IAbi', 'doctor_153@nudheb.gov');
INSERT INTO users (id, username, password, email) VALUES (1154, 'doctor_154', '$2a$10$LPGHWPpCmjSpAGnihunkTORQaC5aZjqrX8HQscsFX/eecTAX5IAbi', 'doctor_154@nudheb.gov');
INSERT INTO users (id, username, password, email) VALUES (1155, 'doctor_155', '$2a$10$LPGHWPpCmjSpAGnihunkTORQaC5aZjqrX8HQscsFX/eecTAX5IAbi', 'doctor_155@nudheb.gov');
INSERT INTO users (id, username, password, email) VALUES (1156, 'doctor_156', '$2a$10$LPGHWPpCmjSpAGnihunkTORQaC5aZjqrX8HQscsFX/eecTAX5IAbi', 'doctor_156@nudheb.gov');
INSERT INTO users (id, username, password, email) VALUES (1157, 'doctor_157', '$2a$10$LPGHWPpCmjSpAGnihunkTORQaC5aZjqrX8HQscsFX/eecTAX5IAbi', 'doctor_157@nudheb.gov');
INSERT INTO users (id, username, password, email) VALUES (1158, 'doctor_158', '$2a$10$LPGHWPpCmjSpAGnihunkTORQaC5aZjqrX8HQscsFX/eecTAX5IAbi', 'doctor_158@nudheb.gov');
INSERT INTO users (id, username, password, email) VALUES (1159, 'doctor_159', '$2a$10$LPGHWPpCmjSpAGnihunkTORQaC5aZjqrX8HQscsFX/eecTAX5IAbi', 'doctor_159@nudheb.gov');
INSERT INTO users (id, username, password, email) VALUES (1160, 'doctor_160', '$2a$10$LPGHWPpCmjSpAGnihunkTORQaC5aZjqrX8HQscsFX/eecTAX5IAbi', 'doctor_160@nudheb.gov');
INSERT INTO users (id, username, password, email) VALUES (1161, 'doctor_161', '$2a$10$LPGHWPpCmjSpAGnihunkTORQaC5aZjqrX8HQscsFX/eecTAX5IAbi', 'doctor_161@nudheb.gov');
INSERT INTO users (id, username, password, email) VALUES (1162, 'doctor_162', '$2a$10$LPGHWPpCmjSpAGnihunkTORQaC5aZjqrX8HQscsFX/eecTAX5IAbi', 'doctor_162@nudheb.gov');
INSERT INTO users (id, username, password, email) VALUES (1163, 'doctor_163', '$2a$10$LPGHWPpCmjSpAGnihunkTORQaC5aZjqrX8HQscsFX/eecTAX5IAbi', 'doctor_163@nudheb.gov');
INSERT INTO users (id, username, password, email) VALUES (1164, 'doctor_164', '$2a$10$LPGHWPpCmjSpAGnihunkTORQaC5aZjqrX8HQscsFX/eecTAX5IAbi', 'doctor_164@nudheb.gov');
INSERT INTO users (id, username, password, email) VALUES (1165, 'doctor_165', '$2a$10$LPGHWPpCmjSpAGnihunkTORQaC5aZjqrX8HQscsFX/eecTAX5IAbi', 'doctor_165@nudheb.gov');
INSERT INTO users (id, username, password, email) VALUES (1166, 'doctor_166', '$2a$10$LPGHWPpCmjSpAGnihunkTORQaC5aZjqrX8HQscsFX/eecTAX5IAbi', 'doctor_166@nudheb.gov');
INSERT INTO users (id, username, password, email) VALUES (1167, 'doctor_167', '$2a$10$LPGHWPpCmjSpAGnihunkTORQaC5aZjqrX8HQscsFX/eecTAX5IAbi', 'doctor_167@nudheb.gov');
INSERT INTO users (id, username, password, email) VALUES (1168, 'doctor_168', '$2a$10$LPGHWPpCmjSpAGnihunkTORQaC5aZjqrX8HQscsFX/eecTAX5IAbi', 'doctor_168@nudheb.gov');
INSERT INTO users (id, username, password, email) VALUES (1169, 'doctor_169', '$2a$10$LPGHWPpCmjSpAGnihunkTORQaC5aZjqrX8HQscsFX/eecTAX5IAbi', 'doctor_169@nudheb.gov');
INSERT INTO users (id, username, password, email) VALUES (1170, 'hospital_100', '$2a$10$LPGHWPpCmjSpAGnihunkTORQaC5aZjqrX8HQscsFX/eecTAX5IAbi', 'hospital_100@nudheb.gov');
INSERT INTO users (id, username, password, email) VALUES (1171, 'hospital_101', '$2a$10$LPGHWPpCmjSpAGnihunkTORQaC5aZjqrX8HQscsFX/eecTAX5IAbi', 'hospital_101@nudheb.gov');
INSERT INTO users (id, username, password, email) VALUES (1172, 'hospital_102', '$2a$10$LPGHWPpCmjSpAGnihunkTORQaC5aZjqrX8HQscsFX/eecTAX5IAbi', 'hospital_102@nudheb.gov');
INSERT INTO users (id, username, password, email) VALUES (1173, 'hospital_103', '$2a$10$LPGHWPpCmjSpAGnihunkTORQaC5aZjqrX8HQscsFX/eecTAX5IAbi', 'hospital_103@nudheb.gov');
INSERT INTO users (id, username, password, email) VALUES (1174, 'hospital_104', '$2a$10$LPGHWPpCmjSpAGnihunkTORQaC5aZjqrX8HQscsFX/eecTAX5IAbi', 'hospital_104@nudheb.gov');
INSERT INTO users (id, username, password, email) VALUES (1175, 'hospital_105', '$2a$10$LPGHWPpCmjSpAGnihunkTORQaC5aZjqrX8HQscsFX/eecTAX5IAbi', 'hospital_105@nudheb.gov');
INSERT INTO users (id, username, password, email) VALUES (1176, 'hospital_106', '$2a$10$LPGHWPpCmjSpAGnihunkTORQaC5aZjqrX8HQscsFX/eecTAX5IAbi', 'hospital_106@nudheb.gov');
INSERT INTO users (id, username, password, email) VALUES (1177, 'hospital_107', '$2a$10$LPGHWPpCmjSpAGnihunkTORQaC5aZjqrX8HQscsFX/eecTAX5IAbi', 'hospital_107@nudheb.gov');
INSERT INTO users (id, username, password, email) VALUES (1178, 'hospital_108', '$2a$10$LPGHWPpCmjSpAGnihunkTORQaC5aZjqrX8HQscsFX/eecTAX5IAbi', 'hospital_108@nudheb.gov');
INSERT INTO users (id, username, password, email) VALUES (1179, 'hospital_109', '$2a$10$LPGHWPpCmjSpAGnihunkTORQaC5aZjqrX8HQscsFX/eecTAX5IAbi', 'hospital_109@nudheb.gov');
INSERT INTO users (id, username, password, email) VALUES (1180, 'hospital_110', '$2a$10$LPGHWPpCmjSpAGnihunkTORQaC5aZjqrX8HQscsFX/eecTAX5IAbi', 'hospital_110@nudheb.gov');
INSERT INTO users (id, username, password, email) VALUES (1181, 'hospital_111', '$2a$10$LPGHWPpCmjSpAGnihunkTORQaC5aZjqrX8HQscsFX/eecTAX5IAbi', 'hospital_111@nudheb.gov');
INSERT INTO users (id, username, password, email) VALUES (1182, 'hospital_112', '$2a$10$LPGHWPpCmjSpAGnihunkTORQaC5aZjqrX8HQscsFX/eecTAX5IAbi', 'hospital_112@nudheb.gov');
INSERT INTO users (id, username, password, email) VALUES (1183, 'hospital_113', '$2a$10$LPGHWPpCmjSpAGnihunkTORQaC5aZjqrX8HQscsFX/eecTAX5IAbi', 'hospital_113@nudheb.gov');
INSERT INTO users (id, username, password, email) VALUES (1184, 'hospital_114', '$2a$10$LPGHWPpCmjSpAGnihunkTORQaC5aZjqrX8HQscsFX/eecTAX5IAbi', 'hospital_114@nudheb.gov');
INSERT INTO users (id, username, password, email) VALUES (1185, 'hospital_115', '$2a$10$LPGHWPpCmjSpAGnihunkTORQaC5aZjqrX8HQscsFX/eecTAX5IAbi', 'hospital_115@nudheb.gov');
INSERT INTO users (id, username, password, email) VALUES (1186, 'hospital_116', '$2a$10$LPGHWPpCmjSpAGnihunkTORQaC5aZjqrX8HQscsFX/eecTAX5IAbi', 'hospital_116@nudheb.gov');
INSERT INTO users (id, username, password, email) VALUES (1187, 'hospital_117', '$2a$10$LPGHWPpCmjSpAGnihunkTORQaC5aZjqrX8HQscsFX/eecTAX5IAbi', 'hospital_117@nudheb.gov');
INSERT INTO users (id, username, password, email) VALUES (1188, 'hospital_118', '$2a$10$LPGHWPpCmjSpAGnihunkTORQaC5aZjqrX8HQscsFX/eecTAX5IAbi', 'hospital_118@nudheb.gov');
INSERT INTO users (id, username, password, email) VALUES (1189, 'hospital_119', '$2a$10$LPGHWPpCmjSpAGnihunkTORQaC5aZjqrX8HQscsFX/eecTAX5IAbi', 'hospital_119@nudheb.gov');
INSERT INTO users (id, username, password, email) VALUES (1190, 'hospital_120', '$2a$10$LPGHWPpCmjSpAGnihunkTORQaC5aZjqrX8HQscsFX/eecTAX5IAbi', 'hospital_120@nudheb.gov');
INSERT INTO users (id, username, password, email) VALUES (1191, 'hospital_121', '$2a$10$LPGHWPpCmjSpAGnihunkTORQaC5aZjqrX8HQscsFX/eecTAX5IAbi', 'hospital_121@nudheb.gov');
INSERT INTO users (id, username, password, email) VALUES (1192, 'hospital_122', '$2a$10$LPGHWPpCmjSpAGnihunkTORQaC5aZjqrX8HQscsFX/eecTAX5IAbi', 'hospital_122@nudheb.gov');
INSERT INTO users (id, username, password, email) VALUES (1193, 'hospital_123', '$2a$10$LPGHWPpCmjSpAGnihunkTORQaC5aZjqrX8HQscsFX/eecTAX5IAbi', 'hospital_123@nudheb.gov');
INSERT INTO users (id, username, password, email) VALUES (1194, 'hospital_124', '$2a$10$LPGHWPpCmjSpAGnihunkTORQaC5aZjqrX8HQscsFX/eecTAX5IAbi', 'hospital_124@nudheb.gov');
INSERT INTO users (id, username, password, email) VALUES (1195, 'hospital_125', '$2a$10$LPGHWPpCmjSpAGnihunkTORQaC5aZjqrX8HQscsFX/eecTAX5IAbi', 'hospital_125@nudheb.gov');
INSERT INTO users (id, username, password, email) VALUES (1196, 'hospital_126', '$2a$10$LPGHWPpCmjSpAGnihunkTORQaC5aZjqrX8HQscsFX/eecTAX5IAbi', 'hospital_126@nudheb.gov');
INSERT INTO users (id, username, password, email) VALUES (1197, 'hospital_127', '$2a$10$LPGHWPpCmjSpAGnihunkTORQaC5aZjqrX8HQscsFX/eecTAX5IAbi', 'hospital_127@nudheb.gov');
INSERT INTO users (id, username, password, email) VALUES (1198, 'hospital_128', '$2a$10$LPGHWPpCmjSpAGnihunkTORQaC5aZjqrX8HQscsFX/eecTAX5IAbi', 'hospital_128@nudheb.gov');
INSERT INTO users (id, username, password, email) VALUES (1199, 'hospital_129', '$2a$10$LPGHWPpCmjSpAGnihunkTORQaC5aZjqrX8HQscsFX/eecTAX5IAbi', 'hospital_129@nudheb.gov');

-- 2. Insert User Roles
INSERT INTO user_roles (user_id, role) VALUES (1000, 'PATIENT');
INSERT INTO user_roles (user_id, role) VALUES (1001, 'PATIENT');
INSERT INTO user_roles (user_id, role) VALUES (1002, 'PATIENT');
INSERT INTO user_roles (user_id, role) VALUES (1003, 'PATIENT');
INSERT INTO user_roles (user_id, role) VALUES (1004, 'PATIENT');
INSERT INTO user_roles (user_id, role) VALUES (1005, 'PATIENT');
INSERT INTO user_roles (user_id, role) VALUES (1006, 'PATIENT');
INSERT INTO user_roles (user_id, role) VALUES (1007, 'PATIENT');
INSERT INTO user_roles (user_id, role) VALUES (1008, 'PATIENT');
INSERT INTO user_roles (user_id, role) VALUES (1009, 'PATIENT');
INSERT INTO user_roles (user_id, role) VALUES (1010, 'PATIENT');
INSERT INTO user_roles (user_id, role) VALUES (1011, 'PATIENT');
INSERT INTO user_roles (user_id, role) VALUES (1012, 'PATIENT');
INSERT INTO user_roles (user_id, role) VALUES (1013, 'PATIENT');
INSERT INTO user_roles (user_id, role) VALUES (1014, 'PATIENT');
INSERT INTO user_roles (user_id, role) VALUES (1015, 'PATIENT');
INSERT INTO user_roles (user_id, role) VALUES (1016, 'PATIENT');
INSERT INTO user_roles (user_id, role) VALUES (1017, 'PATIENT');
INSERT INTO user_roles (user_id, role) VALUES (1018, 'PATIENT');
INSERT INTO user_roles (user_id, role) VALUES (1019, 'PATIENT');
INSERT INTO user_roles (user_id, role) VALUES (1020, 'PATIENT');
INSERT INTO user_roles (user_id, role) VALUES (1021, 'PATIENT');
INSERT INTO user_roles (user_id, role) VALUES (1022, 'PATIENT');
INSERT INTO user_roles (user_id, role) VALUES (1023, 'PATIENT');
INSERT INTO user_roles (user_id, role) VALUES (1024, 'PATIENT');
INSERT INTO user_roles (user_id, role) VALUES (1025, 'PATIENT');
INSERT INTO user_roles (user_id, role) VALUES (1026, 'PATIENT');
INSERT INTO user_roles (user_id, role) VALUES (1027, 'PATIENT');
INSERT INTO user_roles (user_id, role) VALUES (1028, 'PATIENT');
INSERT INTO user_roles (user_id, role) VALUES (1029, 'PATIENT');
INSERT INTO user_roles (user_id, role) VALUES (1030, 'PATIENT');
INSERT INTO user_roles (user_id, role) VALUES (1031, 'PATIENT');
INSERT INTO user_roles (user_id, role) VALUES (1032, 'PATIENT');
INSERT INTO user_roles (user_id, role) VALUES (1033, 'PATIENT');
INSERT INTO user_roles (user_id, role) VALUES (1034, 'PATIENT');
INSERT INTO user_roles (user_id, role) VALUES (1035, 'PATIENT');
INSERT INTO user_roles (user_id, role) VALUES (1036, 'PATIENT');
INSERT INTO user_roles (user_id, role) VALUES (1037, 'PATIENT');
INSERT INTO user_roles (user_id, role) VALUES (1038, 'PATIENT');
INSERT INTO user_roles (user_id, role) VALUES (1039, 'PATIENT');
INSERT INTO user_roles (user_id, role) VALUES (1040, 'PATIENT');
INSERT INTO user_roles (user_id, role) VALUES (1041, 'PATIENT');
INSERT INTO user_roles (user_id, role) VALUES (1042, 'PATIENT');
INSERT INTO user_roles (user_id, role) VALUES (1043, 'PATIENT');
INSERT INTO user_roles (user_id, role) VALUES (1044, 'PATIENT');
INSERT INTO user_roles (user_id, role) VALUES (1045, 'PATIENT');
INSERT INTO user_roles (user_id, role) VALUES (1046, 'PATIENT');
INSERT INTO user_roles (user_id, role) VALUES (1047, 'PATIENT');
INSERT INTO user_roles (user_id, role) VALUES (1048, 'PATIENT');
INSERT INTO user_roles (user_id, role) VALUES (1049, 'PATIENT');
INSERT INTO user_roles (user_id, role) VALUES (1050, 'PATIENT');
INSERT INTO user_roles (user_id, role) VALUES (1051, 'PATIENT');
INSERT INTO user_roles (user_id, role) VALUES (1052, 'PATIENT');
INSERT INTO user_roles (user_id, role) VALUES (1053, 'PATIENT');
INSERT INTO user_roles (user_id, role) VALUES (1054, 'PATIENT');
INSERT INTO user_roles (user_id, role) VALUES (1055, 'PATIENT');
INSERT INTO user_roles (user_id, role) VALUES (1056, 'PATIENT');
INSERT INTO user_roles (user_id, role) VALUES (1057, 'PATIENT');
INSERT INTO user_roles (user_id, role) VALUES (1058, 'PATIENT');
INSERT INTO user_roles (user_id, role) VALUES (1059, 'PATIENT');
INSERT INTO user_roles (user_id, role) VALUES (1060, 'PATIENT');
INSERT INTO user_roles (user_id, role) VALUES (1061, 'PATIENT');
INSERT INTO user_roles (user_id, role) VALUES (1062, 'PATIENT');
INSERT INTO user_roles (user_id, role) VALUES (1063, 'PATIENT');
INSERT INTO user_roles (user_id, role) VALUES (1064, 'PATIENT');
INSERT INTO user_roles (user_id, role) VALUES (1065, 'PATIENT');
INSERT INTO user_roles (user_id, role) VALUES (1066, 'PATIENT');
INSERT INTO user_roles (user_id, role) VALUES (1067, 'PATIENT');
INSERT INTO user_roles (user_id, role) VALUES (1068, 'PATIENT');
INSERT INTO user_roles (user_id, role) VALUES (1069, 'PATIENT');
INSERT INTO user_roles (user_id, role) VALUES (1070, 'PATIENT');
INSERT INTO user_roles (user_id, role) VALUES (1071, 'PATIENT');
INSERT INTO user_roles (user_id, role) VALUES (1072, 'PATIENT');
INSERT INTO user_roles (user_id, role) VALUES (1073, 'PATIENT');
INSERT INTO user_roles (user_id, role) VALUES (1074, 'PATIENT');
INSERT INTO user_roles (user_id, role) VALUES (1075, 'PATIENT');
INSERT INTO user_roles (user_id, role) VALUES (1076, 'PATIENT');
INSERT INTO user_roles (user_id, role) VALUES (1077, 'PATIENT');
INSERT INTO user_roles (user_id, role) VALUES (1078, 'PATIENT');
INSERT INTO user_roles (user_id, role) VALUES (1079, 'PATIENT');
INSERT INTO user_roles (user_id, role) VALUES (1080, 'PATIENT');
INSERT INTO user_roles (user_id, role) VALUES (1081, 'PATIENT');
INSERT INTO user_roles (user_id, role) VALUES (1082, 'PATIENT');
INSERT INTO user_roles (user_id, role) VALUES (1083, 'PATIENT');
INSERT INTO user_roles (user_id, role) VALUES (1084, 'PATIENT');
INSERT INTO user_roles (user_id, role) VALUES (1085, 'PATIENT');
INSERT INTO user_roles (user_id, role) VALUES (1086, 'PATIENT');
INSERT INTO user_roles (user_id, role) VALUES (1087, 'PATIENT');
INSERT INTO user_roles (user_id, role) VALUES (1088, 'PATIENT');
INSERT INTO user_roles (user_id, role) VALUES (1089, 'PATIENT');
INSERT INTO user_roles (user_id, role) VALUES (1090, 'PATIENT');
INSERT INTO user_roles (user_id, role) VALUES (1091, 'PATIENT');
INSERT INTO user_roles (user_id, role) VALUES (1092, 'PATIENT');
INSERT INTO user_roles (user_id, role) VALUES (1093, 'PATIENT');
INSERT INTO user_roles (user_id, role) VALUES (1094, 'PATIENT');
INSERT INTO user_roles (user_id, role) VALUES (1095, 'PATIENT');
INSERT INTO user_roles (user_id, role) VALUES (1096, 'PATIENT');
INSERT INTO user_roles (user_id, role) VALUES (1097, 'PATIENT');
INSERT INTO user_roles (user_id, role) VALUES (1098, 'PATIENT');
INSERT INTO user_roles (user_id, role) VALUES (1099, 'PATIENT');
INSERT INTO user_roles (user_id, role) VALUES (1100, 'PATIENT');
INSERT INTO user_roles (user_id, role) VALUES (1100, 'DOCTOR');
INSERT INTO user_roles (user_id, role) VALUES (1101, 'PATIENT');
INSERT INTO user_roles (user_id, role) VALUES (1101, 'DOCTOR');
INSERT INTO user_roles (user_id, role) VALUES (1102, 'PATIENT');
INSERT INTO user_roles (user_id, role) VALUES (1102, 'DOCTOR');
INSERT INTO user_roles (user_id, role) VALUES (1103, 'PATIENT');
INSERT INTO user_roles (user_id, role) VALUES (1103, 'DOCTOR');
INSERT INTO user_roles (user_id, role) VALUES (1104, 'PATIENT');
INSERT INTO user_roles (user_id, role) VALUES (1104, 'DOCTOR');
INSERT INTO user_roles (user_id, role) VALUES (1105, 'PATIENT');
INSERT INTO user_roles (user_id, role) VALUES (1105, 'DOCTOR');
INSERT INTO user_roles (user_id, role) VALUES (1106, 'PATIENT');
INSERT INTO user_roles (user_id, role) VALUES (1106, 'DOCTOR');
INSERT INTO user_roles (user_id, role) VALUES (1107, 'PATIENT');
INSERT INTO user_roles (user_id, role) VALUES (1107, 'DOCTOR');
INSERT INTO user_roles (user_id, role) VALUES (1108, 'PATIENT');
INSERT INTO user_roles (user_id, role) VALUES (1108, 'DOCTOR');
INSERT INTO user_roles (user_id, role) VALUES (1109, 'PATIENT');
INSERT INTO user_roles (user_id, role) VALUES (1109, 'DOCTOR');
INSERT INTO user_roles (user_id, role) VALUES (1110, 'PATIENT');
INSERT INTO user_roles (user_id, role) VALUES (1110, 'DOCTOR');
INSERT INTO user_roles (user_id, role) VALUES (1111, 'PATIENT');
INSERT INTO user_roles (user_id, role) VALUES (1111, 'DOCTOR');
INSERT INTO user_roles (user_id, role) VALUES (1112, 'PATIENT');
INSERT INTO user_roles (user_id, role) VALUES (1112, 'DOCTOR');
INSERT INTO user_roles (user_id, role) VALUES (1113, 'PATIENT');
INSERT INTO user_roles (user_id, role) VALUES (1113, 'DOCTOR');
INSERT INTO user_roles (user_id, role) VALUES (1114, 'PATIENT');
INSERT INTO user_roles (user_id, role) VALUES (1114, 'DOCTOR');
INSERT INTO user_roles (user_id, role) VALUES (1115, 'PATIENT');
INSERT INTO user_roles (user_id, role) VALUES (1115, 'DOCTOR');
INSERT INTO user_roles (user_id, role) VALUES (1116, 'PATIENT');
INSERT INTO user_roles (user_id, role) VALUES (1116, 'DOCTOR');
INSERT INTO user_roles (user_id, role) VALUES (1117, 'PATIENT');
INSERT INTO user_roles (user_id, role) VALUES (1117, 'DOCTOR');
INSERT INTO user_roles (user_id, role) VALUES (1118, 'PATIENT');
INSERT INTO user_roles (user_id, role) VALUES (1118, 'DOCTOR');
INSERT INTO user_roles (user_id, role) VALUES (1119, 'PATIENT');
INSERT INTO user_roles (user_id, role) VALUES (1119, 'DOCTOR');
INSERT INTO user_roles (user_id, role) VALUES (1120, 'PATIENT');
INSERT INTO user_roles (user_id, role) VALUES (1120, 'DOCTOR');
INSERT INTO user_roles (user_id, role) VALUES (1121, 'PATIENT');
INSERT INTO user_roles (user_id, role) VALUES (1121, 'DOCTOR');
INSERT INTO user_roles (user_id, role) VALUES (1122, 'PATIENT');
INSERT INTO user_roles (user_id, role) VALUES (1122, 'DOCTOR');
INSERT INTO user_roles (user_id, role) VALUES (1123, 'PATIENT');
INSERT INTO user_roles (user_id, role) VALUES (1123, 'DOCTOR');
INSERT INTO user_roles (user_id, role) VALUES (1124, 'PATIENT');
INSERT INTO user_roles (user_id, role) VALUES (1124, 'DOCTOR');
INSERT INTO user_roles (user_id, role) VALUES (1125, 'PATIENT');
INSERT INTO user_roles (user_id, role) VALUES (1125, 'DOCTOR');
INSERT INTO user_roles (user_id, role) VALUES (1126, 'PATIENT');
INSERT INTO user_roles (user_id, role) VALUES (1126, 'DOCTOR');
INSERT INTO user_roles (user_id, role) VALUES (1127, 'PATIENT');
INSERT INTO user_roles (user_id, role) VALUES (1127, 'DOCTOR');
INSERT INTO user_roles (user_id, role) VALUES (1128, 'PATIENT');
INSERT INTO user_roles (user_id, role) VALUES (1128, 'DOCTOR');
INSERT INTO user_roles (user_id, role) VALUES (1129, 'PATIENT');
INSERT INTO user_roles (user_id, role) VALUES (1129, 'DOCTOR');
INSERT INTO user_roles (user_id, role) VALUES (1130, 'PATIENT');
INSERT INTO user_roles (user_id, role) VALUES (1130, 'DOCTOR');
INSERT INTO user_roles (user_id, role) VALUES (1131, 'PATIENT');
INSERT INTO user_roles (user_id, role) VALUES (1131, 'DOCTOR');
INSERT INTO user_roles (user_id, role) VALUES (1132, 'PATIENT');
INSERT INTO user_roles (user_id, role) VALUES (1132, 'DOCTOR');
INSERT INTO user_roles (user_id, role) VALUES (1133, 'PATIENT');
INSERT INTO user_roles (user_id, role) VALUES (1133, 'DOCTOR');
INSERT INTO user_roles (user_id, role) VALUES (1134, 'PATIENT');
INSERT INTO user_roles (user_id, role) VALUES (1134, 'DOCTOR');
INSERT INTO user_roles (user_id, role) VALUES (1135, 'PATIENT');
INSERT INTO user_roles (user_id, role) VALUES (1135, 'DOCTOR');
INSERT INTO user_roles (user_id, role) VALUES (1136, 'PATIENT');
INSERT INTO user_roles (user_id, role) VALUES (1136, 'DOCTOR');
INSERT INTO user_roles (user_id, role) VALUES (1137, 'PATIENT');
INSERT INTO user_roles (user_id, role) VALUES (1137, 'DOCTOR');
INSERT INTO user_roles (user_id, role) VALUES (1138, 'PATIENT');
INSERT INTO user_roles (user_id, role) VALUES (1138, 'DOCTOR');
INSERT INTO user_roles (user_id, role) VALUES (1139, 'PATIENT');
INSERT INTO user_roles (user_id, role) VALUES (1139, 'DOCTOR');
INSERT INTO user_roles (user_id, role) VALUES (1140, 'PATIENT');
INSERT INTO user_roles (user_id, role) VALUES (1140, 'DOCTOR');
INSERT INTO user_roles (user_id, role) VALUES (1141, 'PATIENT');
INSERT INTO user_roles (user_id, role) VALUES (1141, 'DOCTOR');
INSERT INTO user_roles (user_id, role) VALUES (1142, 'PATIENT');
INSERT INTO user_roles (user_id, role) VALUES (1142, 'DOCTOR');
INSERT INTO user_roles (user_id, role) VALUES (1143, 'PATIENT');
INSERT INTO user_roles (user_id, role) VALUES (1143, 'DOCTOR');
INSERT INTO user_roles (user_id, role) VALUES (1144, 'PATIENT');
INSERT INTO user_roles (user_id, role) VALUES (1144, 'DOCTOR');
INSERT INTO user_roles (user_id, role) VALUES (1145, 'PATIENT');
INSERT INTO user_roles (user_id, role) VALUES (1145, 'DOCTOR');
INSERT INTO user_roles (user_id, role) VALUES (1146, 'PATIENT');
INSERT INTO user_roles (user_id, role) VALUES (1146, 'DOCTOR');
INSERT INTO user_roles (user_id, role) VALUES (1147, 'PATIENT');
INSERT INTO user_roles (user_id, role) VALUES (1147, 'DOCTOR');
INSERT INTO user_roles (user_id, role) VALUES (1148, 'PATIENT');
INSERT INTO user_roles (user_id, role) VALUES (1148, 'DOCTOR');
INSERT INTO user_roles (user_id, role) VALUES (1149, 'PATIENT');
INSERT INTO user_roles (user_id, role) VALUES (1149, 'DOCTOR');
INSERT INTO user_roles (user_id, role) VALUES (1150, 'PATIENT');
INSERT INTO user_roles (user_id, role) VALUES (1150, 'DOCTOR');
INSERT INTO user_roles (user_id, role) VALUES (1151, 'PATIENT');
INSERT INTO user_roles (user_id, role) VALUES (1151, 'DOCTOR');
INSERT INTO user_roles (user_id, role) VALUES (1152, 'PATIENT');
INSERT INTO user_roles (user_id, role) VALUES (1152, 'DOCTOR');
INSERT INTO user_roles (user_id, role) VALUES (1153, 'PATIENT');
INSERT INTO user_roles (user_id, role) VALUES (1153, 'DOCTOR');
INSERT INTO user_roles (user_id, role) VALUES (1154, 'PATIENT');
INSERT INTO user_roles (user_id, role) VALUES (1154, 'DOCTOR');
INSERT INTO user_roles (user_id, role) VALUES (1155, 'PATIENT');
INSERT INTO user_roles (user_id, role) VALUES (1155, 'DOCTOR');
INSERT INTO user_roles (user_id, role) VALUES (1156, 'PATIENT');
INSERT INTO user_roles (user_id, role) VALUES (1156, 'DOCTOR');
INSERT INTO user_roles (user_id, role) VALUES (1157, 'PATIENT');
INSERT INTO user_roles (user_id, role) VALUES (1157, 'DOCTOR');
INSERT INTO user_roles (user_id, role) VALUES (1158, 'PATIENT');
INSERT INTO user_roles (user_id, role) VALUES (1158, 'DOCTOR');
INSERT INTO user_roles (user_id, role) VALUES (1159, 'PATIENT');
INSERT INTO user_roles (user_id, role) VALUES (1159, 'DOCTOR');
INSERT INTO user_roles (user_id, role) VALUES (1160, 'PATIENT');
INSERT INTO user_roles (user_id, role) VALUES (1160, 'DOCTOR');
INSERT INTO user_roles (user_id, role) VALUES (1161, 'PATIENT');
INSERT INTO user_roles (user_id, role) VALUES (1161, 'DOCTOR');
INSERT INTO user_roles (user_id, role) VALUES (1162, 'PATIENT');
INSERT INTO user_roles (user_id, role) VALUES (1162, 'DOCTOR');
INSERT INTO user_roles (user_id, role) VALUES (1163, 'PATIENT');
INSERT INTO user_roles (user_id, role) VALUES (1163, 'DOCTOR');
INSERT INTO user_roles (user_id, role) VALUES (1164, 'PATIENT');
INSERT INTO user_roles (user_id, role) VALUES (1164, 'DOCTOR');
INSERT INTO user_roles (user_id, role) VALUES (1165, 'PATIENT');
INSERT INTO user_roles (user_id, role) VALUES (1165, 'DOCTOR');
INSERT INTO user_roles (user_id, role) VALUES (1166, 'PATIENT');
INSERT INTO user_roles (user_id, role) VALUES (1166, 'DOCTOR');
INSERT INTO user_roles (user_id, role) VALUES (1167, 'PATIENT');
INSERT INTO user_roles (user_id, role) VALUES (1167, 'DOCTOR');
INSERT INTO user_roles (user_id, role) VALUES (1168, 'PATIENT');
INSERT INTO user_roles (user_id, role) VALUES (1168, 'DOCTOR');
INSERT INTO user_roles (user_id, role) VALUES (1169, 'PATIENT');
INSERT INTO user_roles (user_id, role) VALUES (1169, 'DOCTOR');
INSERT INTO user_roles (user_id, role) VALUES (1170, 'PATIENT');
INSERT INTO user_roles (user_id, role) VALUES (1170, 'HOSPITAL');
INSERT INTO user_roles (user_id, role) VALUES (1171, 'PATIENT');
INSERT INTO user_roles (user_id, role) VALUES (1171, 'HOSPITAL');
INSERT INTO user_roles (user_id, role) VALUES (1172, 'PATIENT');
INSERT INTO user_roles (user_id, role) VALUES (1172, 'HOSPITAL');
INSERT INTO user_roles (user_id, role) VALUES (1173, 'PATIENT');
INSERT INTO user_roles (user_id, role) VALUES (1173, 'HOSPITAL');
INSERT INTO user_roles (user_id, role) VALUES (1174, 'PATIENT');
INSERT INTO user_roles (user_id, role) VALUES (1174, 'HOSPITAL');
INSERT INTO user_roles (user_id, role) VALUES (1175, 'PATIENT');
INSERT INTO user_roles (user_id, role) VALUES (1175, 'HOSPITAL');
INSERT INTO user_roles (user_id, role) VALUES (1176, 'PATIENT');
INSERT INTO user_roles (user_id, role) VALUES (1176, 'HOSPITAL');
INSERT INTO user_roles (user_id, role) VALUES (1177, 'PATIENT');
INSERT INTO user_roles (user_id, role) VALUES (1177, 'HOSPITAL');
INSERT INTO user_roles (user_id, role) VALUES (1178, 'PATIENT');
INSERT INTO user_roles (user_id, role) VALUES (1178, 'HOSPITAL');
INSERT INTO user_roles (user_id, role) VALUES (1179, 'PATIENT');
INSERT INTO user_roles (user_id, role) VALUES (1179, 'HOSPITAL');
INSERT INTO user_roles (user_id, role) VALUES (1180, 'PATIENT');
INSERT INTO user_roles (user_id, role) VALUES (1180, 'HOSPITAL');
INSERT INTO user_roles (user_id, role) VALUES (1181, 'PATIENT');
INSERT INTO user_roles (user_id, role) VALUES (1181, 'HOSPITAL');
INSERT INTO user_roles (user_id, role) VALUES (1182, 'PATIENT');
INSERT INTO user_roles (user_id, role) VALUES (1182, 'HOSPITAL');
INSERT INTO user_roles (user_id, role) VALUES (1183, 'PATIENT');
INSERT INTO user_roles (user_id, role) VALUES (1183, 'HOSPITAL');
INSERT INTO user_roles (user_id, role) VALUES (1184, 'PATIENT');
INSERT INTO user_roles (user_id, role) VALUES (1184, 'HOSPITAL');
INSERT INTO user_roles (user_id, role) VALUES (1185, 'PATIENT');
INSERT INTO user_roles (user_id, role) VALUES (1185, 'HOSPITAL');
INSERT INTO user_roles (user_id, role) VALUES (1186, 'PATIENT');
INSERT INTO user_roles (user_id, role) VALUES (1186, 'HOSPITAL');
INSERT INTO user_roles (user_id, role) VALUES (1187, 'PATIENT');
INSERT INTO user_roles (user_id, role) VALUES (1187, 'HOSPITAL');
INSERT INTO user_roles (user_id, role) VALUES (1188, 'PATIENT');
INSERT INTO user_roles (user_id, role) VALUES (1188, 'HOSPITAL');
INSERT INTO user_roles (user_id, role) VALUES (1189, 'PATIENT');
INSERT INTO user_roles (user_id, role) VALUES (1189, 'HOSPITAL');
INSERT INTO user_roles (user_id, role) VALUES (1190, 'PATIENT');
INSERT INTO user_roles (user_id, role) VALUES (1190, 'HOSPITAL');
INSERT INTO user_roles (user_id, role) VALUES (1191, 'PATIENT');
INSERT INTO user_roles (user_id, role) VALUES (1191, 'HOSPITAL');
INSERT INTO user_roles (user_id, role) VALUES (1192, 'PATIENT');
INSERT INTO user_roles (user_id, role) VALUES (1192, 'HOSPITAL');
INSERT INTO user_roles (user_id, role) VALUES (1193, 'PATIENT');
INSERT INTO user_roles (user_id, role) VALUES (1193, 'HOSPITAL');
INSERT INTO user_roles (user_id, role) VALUES (1194, 'PATIENT');
INSERT INTO user_roles (user_id, role) VALUES (1194, 'HOSPITAL');
INSERT INTO user_roles (user_id, role) VALUES (1195, 'PATIENT');
INSERT INTO user_roles (user_id, role) VALUES (1195, 'HOSPITAL');
INSERT INTO user_roles (user_id, role) VALUES (1196, 'PATIENT');
INSERT INTO user_roles (user_id, role) VALUES (1196, 'HOSPITAL');
INSERT INTO user_roles (user_id, role) VALUES (1197, 'PATIENT');
INSERT INTO user_roles (user_id, role) VALUES (1197, 'HOSPITAL');
INSERT INTO user_roles (user_id, role) VALUES (1198, 'PATIENT');
INSERT INTO user_roles (user_id, role) VALUES (1198, 'HOSPITAL');
INSERT INTO user_roles (user_id, role) VALUES (1199, 'PATIENT');
INSERT INTO user_roles (user_id, role) VALUES (1199, 'HOSPITAL');

-- 3. Insert Patients Profiles
INSERT INTO patients (id, user_id, full_name, date_of_birth, gender, blood_group, contact_number, address, occupation, marital_status, present_address, permanent_address, emergency_contact_name, emergency_contact_relation, emergency_contact_phone, national_id, bp_systolic, bp_diastolic, blood_glucose, heart_rate, weight, vitals_last_updated) VALUES (1000, 1000, 'Laila Khan', '1982-12-05', 'Female', 'A+', '+8801738489943', 'House 46, Road 4, Dhanmondi, Dhaka', 'Housewife', 'Single', 'House 46, Road 4, Dhanmondi, Dhaka', 'House 46, Road 4, Dhanmondi, Dhaka', 'Emergency Contact', 'Relative', '+8801738489943', '7723161374', '112', '86', '157', '60', '81', NOW());
INSERT INTO patients (id, user_id, full_name, date_of_birth, gender, blood_group, contact_number, address, occupation, marital_status, present_address, permanent_address, emergency_contact_name, emergency_contact_relation, emergency_contact_phone, national_id, bp_systolic, bp_diastolic, blood_glucose, heart_rate, weight, vitals_last_updated) VALUES (1001, 1001, 'Rana Akter', '1996-09-23', 'Male', 'A+', '+8801782449184', 'House 141, Road 28, Dhanmondi, Dhaka', 'Government Officer', 'Divorced', 'House 141, Road 28, Dhanmondi, Dhaka', 'House 141, Road 28, Dhanmondi, Dhaka', 'Emergency Contact', 'Relative', '+8801782449184', '3170770588', '131', '81', '144', '98', '59', NOW());
INSERT INTO patients (id, user_id, full_name, date_of_birth, gender, blood_group, contact_number, address, occupation, marital_status, present_address, permanent_address, emergency_contact_name, emergency_contact_relation, emergency_contact_phone, national_id, bp_systolic, bp_diastolic, blood_glucose, heart_rate, weight, vitals_last_updated) VALUES (1002, 1002, 'Helal Uddin', '1987-01-12', 'Male', 'AB+', '+8801783308818', 'House 11, Road 2, Dhanmondi, Dhaka', 'Government Officer', 'Married', 'House 11, Road 2, Dhanmondi, Dhaka', 'House 11, Road 2, Dhanmondi, Dhaka', 'Emergency Contact', 'Relative', '+8801783308818', '4773352761', '140', '76', '120', '98', '69', NOW());
INSERT INTO patients (id, user_id, full_name, date_of_birth, gender, blood_group, contact_number, address, occupation, marital_status, present_address, permanent_address, emergency_contact_name, emergency_contact_relation, emergency_contact_phone, national_id, bp_systolic, bp_diastolic, blood_glucose, heart_rate, weight, vitals_last_updated) VALUES (1003, 1003, 'Halima Islam', '1999-12-22', 'Female', 'A+', '+8801739785764', 'House 99, Road 24, Dhanmondi, Dhaka', 'Government Officer', 'Divorced', 'House 99, Road 24, Dhanmondi, Dhaka', 'House 99, Road 24, Dhanmondi, Dhaka', 'Emergency Contact', 'Relative', '+8801739785764', '5504427325', '132', '77', '115', '86', '60', NOW());
INSERT INTO patients (id, user_id, full_name, date_of_birth, gender, blood_group, contact_number, address, occupation, marital_status, present_address, permanent_address, emergency_contact_name, emergency_contact_relation, emergency_contact_phone, national_id, bp_systolic, bp_diastolic, blood_glucose, heart_rate, weight, vitals_last_updated) VALUES (1004, 1004, 'Fatema Uddin', '1983-06-26', 'Female', 'AB+', '+8801717287815', 'House 143, Road 25, Dhanmondi, Dhaka', 'Housewife', 'Divorced', 'House 143, Road 25, Dhanmondi, Dhaka', 'House 143, Road 25, Dhanmondi, Dhaka', 'Emergency Contact', 'Relative', '+8801717287815', '3472406924', '115', '70', '137', '70', '66', NOW());
INSERT INTO patients (id, user_id, full_name, date_of_birth, gender, blood_group, contact_number, address, occupation, marital_status, present_address, permanent_address, emergency_contact_name, emergency_contact_relation, emergency_contact_phone, national_id, bp_systolic, bp_diastolic, blood_glucose, heart_rate, weight, vitals_last_updated) VALUES (1005, 1005, 'Afrin Talukder', '1989-04-09', 'Female', 'A-', '+8801716592446', 'House 84, Road 11, Dhanmondi, Dhaka', 'Doctor', 'Married', 'House 84, Road 11, Dhanmondi, Dhaka', 'House 84, Road 11, Dhanmondi, Dhaka', 'Emergency Contact', 'Relative', '+8801716592446', '5277941790', '125', '70', '124', '67', '83', NOW());
INSERT INTO patients (id, user_id, full_name, date_of_birth, gender, blood_group, contact_number, address, occupation, marital_status, present_address, permanent_address, emergency_contact_name, emergency_contact_relation, emergency_contact_phone, national_id, bp_systolic, bp_diastolic, blood_glucose, heart_rate, weight, vitals_last_updated) VALUES (1006, 1006, 'Salam Akter', '1997-12-12', 'Male', 'A-', '+8801783593669', 'House 135, Road 12, Dhanmondi, Dhaka', 'Unemployed', 'Single', 'House 135, Road 12, Dhanmondi, Dhaka', 'House 135, Road 12, Dhanmondi, Dhaka', 'Emergency Contact', 'Relative', '+8801783593669', '1943026022', '133', '85', '119', '99', '70', NOW());
INSERT INTO patients (id, user_id, full_name, date_of_birth, gender, blood_group, contact_number, address, occupation, marital_status, present_address, permanent_address, emergency_contact_name, emergency_contact_relation, emergency_contact_phone, national_id, bp_systolic, bp_diastolic, blood_glucose, heart_rate, weight, vitals_last_updated) VALUES (1007, 1007, 'Jannatul Islam', '1990-01-18', 'Female', 'A+', '+8801736026332', 'House 39, Road 18, Dhanmondi, Dhaka', 'Student', 'Married', 'House 39, Road 18, Dhanmondi, Dhaka', 'House 39, Road 18, Dhanmondi, Dhaka', 'Emergency Contact', 'Relative', '+8801736026332', '0072534961', '133', '75', '191', '95', '59', NOW());
INSERT INTO patients (id, user_id, full_name, date_of_birth, gender, blood_group, contact_number, address, occupation, marital_status, present_address, permanent_address, emergency_contact_name, emergency_contact_relation, emergency_contact_phone, national_id, bp_systolic, bp_diastolic, blood_glucose, heart_rate, weight, vitals_last_updated) VALUES (1008, 1008, 'Zahid Ali', '1973-03-02', 'Male', 'AB+', '+8801787285875', 'House 97, Road 24, Dhanmondi, Dhaka', 'Doctor', 'Divorced', 'House 97, Road 24, Dhanmondi, Dhaka', 'House 97, Road 24, Dhanmondi, Dhaka', 'Emergency Contact', 'Relative', '+8801787285875', '9903346438', '112', '75', '188', '97', '93', NOW());
INSERT INTO patients (id, user_id, full_name, date_of_birth, gender, blood_group, contact_number, address, occupation, marital_status, present_address, permanent_address, emergency_contact_name, emergency_contact_relation, emergency_contact_phone, national_id, bp_systolic, bp_diastolic, blood_glucose, heart_rate, weight, vitals_last_updated) VALUES (1009, 1009, 'Sabrina Hasan', '1995-10-13', 'Female', 'A-', '+8801756654795', 'House 40, Road 30, Dhanmondi, Dhaka', 'Farmer', 'Single', 'House 40, Road 30, Dhanmondi, Dhaka', 'House 40, Road 30, Dhanmondi, Dhaka', 'Emergency Contact', 'Relative', '+8801756654795', '2849525114', '122', '90', '177', '67', '88', NOW());
INSERT INTO patients (id, user_id, full_name, date_of_birth, gender, blood_group, contact_number, address, occupation, marital_status, present_address, permanent_address, emergency_contact_name, emergency_contact_relation, emergency_contact_phone, national_id, bp_systolic, bp_diastolic, blood_glucose, heart_rate, weight, vitals_last_updated) VALUES (1010, 1010, 'Fatema Talukder', '1974-02-26', 'Female', 'B+', '+8801758036616', 'House 63, Road 17, Dhanmondi, Dhaka', 'Software Engineer', 'Single', 'House 63, Road 17, Dhanmondi, Dhaka', 'House 63, Road 17, Dhanmondi, Dhaka', 'Emergency Contact', 'Relative', '+8801758036616', '5386904308', '111', '74', '101', '87', '89', NOW());
INSERT INTO patients (id, user_id, full_name, date_of_birth, gender, blood_group, contact_number, address, occupation, marital_status, present_address, permanent_address, emergency_contact_name, emergency_contact_relation, emergency_contact_phone, national_id, bp_systolic, bp_diastolic, blood_glucose, heart_rate, weight, vitals_last_updated) VALUES (1011, 1011, 'Rakib Talukder', '1975-04-14', 'Male', 'A-', '+8801742314147', 'House 124, Road 22, Dhanmondi, Dhaka', 'Teacher', 'Married', 'House 124, Road 22, Dhanmondi, Dhaka', 'House 124, Road 22, Dhanmondi, Dhaka', 'Emergency Contact', 'Relative', '+8801742314147', '6463651017', '129', '81', '147', '92', '89', NOW());
INSERT INTO patients (id, user_id, full_name, date_of_birth, gender, blood_group, contact_number, address, occupation, marital_status, present_address, permanent_address, emergency_contact_name, emergency_contact_relation, emergency_contact_phone, national_id, bp_systolic, bp_diastolic, blood_glucose, heart_rate, weight, vitals_last_updated) VALUES (1012, 1012, 'Tarek Ahmed', '1971-10-16', 'Male', 'AB-', '+8801775815815', 'House 54, Road 30, Dhanmondi, Dhaka', 'Unemployed', 'Widowed', 'House 54, Road 30, Dhanmondi, Dhaka', 'House 54, Road 30, Dhanmondi, Dhaka', 'Emergency Contact', 'Relative', '+8801775815815', '8507360980', '115', '76', '95', '76', '65', NOW());
INSERT INTO patients (id, user_id, full_name, date_of_birth, gender, blood_group, contact_number, address, occupation, marital_status, present_address, permanent_address, emergency_contact_name, emergency_contact_relation, emergency_contact_phone, national_id, bp_systolic, bp_diastolic, blood_glucose, heart_rate, weight, vitals_last_updated) VALUES (1013, 1013, 'Zahid Ahmed', '1995-01-15', 'Male', 'B+', '+8801771179036', 'House 123, Road 29, Dhanmondi, Dhaka', 'Businessman', 'Divorced', 'House 123, Road 29, Dhanmondi, Dhaka', 'House 123, Road 29, Dhanmondi, Dhaka', 'Emergency Contact', 'Relative', '+8801771179036', '8115507982', '136', '81', '172', '80', '63', NOW());
INSERT INTO patients (id, user_id, full_name, date_of_birth, gender, blood_group, contact_number, address, occupation, marital_status, present_address, permanent_address, emergency_contact_name, emergency_contact_relation, emergency_contact_phone, national_id, bp_systolic, bp_diastolic, blood_glucose, heart_rate, weight, vitals_last_updated) VALUES (1014, 1014, 'Kohinoor Ali', '1979-04-28', 'Female', 'A+', '+8801786056983', 'House 53, Road 8, Dhanmondi, Dhaka', 'Student', 'Divorced', 'House 53, Road 8, Dhanmondi, Dhaka', 'House 53, Road 8, Dhanmondi, Dhaka', 'Emergency Contact', 'Relative', '+8801786056983', '6293850091', '118', '80', '123', '62', '52', NOW());
INSERT INTO patients (id, user_id, full_name, date_of_birth, gender, blood_group, contact_number, address, occupation, marital_status, present_address, permanent_address, emergency_contact_name, emergency_contact_relation, emergency_contact_phone, national_id, bp_systolic, bp_diastolic, blood_glucose, heart_rate, weight, vitals_last_updated) VALUES (1015, 1015, 'Babul Hasan', '1983-01-19', 'Male', 'A+', '+8801748996129', 'House 104, Road 5, Dhanmondi, Dhaka', 'Housewife', 'Married', 'House 104, Road 5, Dhanmondi, Dhaka', 'House 104, Road 5, Dhanmondi, Dhaka', 'Emergency Contact', 'Relative', '+8801748996129', '9240862523', '127', '72', '189', '86', '89', NOW());
INSERT INTO patients (id, user_id, full_name, date_of_birth, gender, blood_group, contact_number, address, occupation, marital_status, present_address, permanent_address, emergency_contact_name, emergency_contact_relation, emergency_contact_phone, national_id, bp_systolic, bp_diastolic, blood_glucose, heart_rate, weight, vitals_last_updated) VALUES (1016, 1016, 'Iqra Ali', '1978-02-22', 'Female', 'O+', '+8801735897495', 'House 77, Road 2, Dhanmondi, Dhaka', 'Businessman', 'Widowed', 'House 77, Road 2, Dhanmondi, Dhaka', 'House 77, Road 2, Dhanmondi, Dhaka', 'Emergency Contact', 'Relative', '+8801735897495', '5273028049', '110', '82', '107', '77', '63', NOW());
INSERT INTO patients (id, user_id, full_name, date_of_birth, gender, blood_group, contact_number, address, occupation, marital_status, present_address, permanent_address, emergency_contact_name, emergency_contact_relation, emergency_contact_phone, national_id, bp_systolic, bp_diastolic, blood_glucose, heart_rate, weight, vitals_last_updated) VALUES (1017, 1017, 'Rokeya Chowdhury', '1967-07-27', 'Female', 'AB-', '+8801726014352', 'House 46, Road 4, Dhanmondi, Dhaka', 'Doctor', 'Married', 'House 46, Road 4, Dhanmondi, Dhaka', 'House 46, Road 4, Dhanmondi, Dhaka', 'Emergency Contact', 'Relative', '+8801726014352', '8881655426', '111', '71', '105', '71', '50', NOW());
INSERT INTO patients (id, user_id, full_name, date_of_birth, gender, blood_group, contact_number, address, occupation, marital_status, present_address, permanent_address, emergency_contact_name, emergency_contact_relation, emergency_contact_phone, national_id, bp_systolic, bp_diastolic, blood_glucose, heart_rate, weight, vitals_last_updated) VALUES (1018, 1018, 'Mim Chowdhury', '1969-12-23', 'Female', 'AB+', '+8801739025029', 'House 66, Road 16, Dhanmondi, Dhaka', 'Unemployed', 'Single', 'House 66, Road 16, Dhanmondi, Dhaka', 'House 66, Road 16, Dhanmondi, Dhaka', 'Emergency Contact', 'Relative', '+8801739025029', '0546671460', '119', '80', '96', '89', '50', NOW());
INSERT INTO patients (id, user_id, full_name, date_of_birth, gender, blood_group, contact_number, address, occupation, marital_status, present_address, permanent_address, emergency_contact_name, emergency_contact_relation, emergency_contact_phone, national_id, bp_systolic, bp_diastolic, blood_glucose, heart_rate, weight, vitals_last_updated) VALUES (1019, 1019, 'Mizan Rahman', '1971-05-12', 'Male', 'A+', '+8801738159161', 'House 6, Road 15, Dhanmondi, Dhaka', 'Unemployed', 'Single', 'House 6, Road 15, Dhanmondi, Dhaka', 'House 6, Road 15, Dhanmondi, Dhaka', 'Emergency Contact', 'Relative', '+8801738159161', '6628275166', '126', '90', '83', '85', '69', NOW());
INSERT INTO patients (id, user_id, full_name, date_of_birth, gender, blood_group, contact_number, address, occupation, marital_status, present_address, permanent_address, emergency_contact_name, emergency_contact_relation, emergency_contact_phone, national_id, bp_systolic, bp_diastolic, blood_glucose, heart_rate, weight, vitals_last_updated) VALUES (1020, 1020, 'Tarek Akter', '2003-11-25', 'Male', 'AB+', '+8801720674483', 'House 61, Road 25, Dhanmondi, Dhaka', 'Housewife', 'Widowed', 'House 61, Road 25, Dhanmondi, Dhaka', 'House 61, Road 25, Dhanmondi, Dhaka', 'Emergency Contact', 'Relative', '+8801720674483', '3179733791', '127', '79', '83', '98', '52', NOW());
INSERT INTO patients (id, user_id, full_name, date_of_birth, gender, blood_group, contact_number, address, occupation, marital_status, present_address, permanent_address, emergency_contact_name, emergency_contact_relation, emergency_contact_phone, national_id, bp_systolic, bp_diastolic, blood_glucose, heart_rate, weight, vitals_last_updated) VALUES (1021, 1021, 'Sohel Akter', '1968-05-24', 'Male', 'B-', '+8801776262606', 'House 28, Road 30, Dhanmondi, Dhaka', 'Teacher', 'Single', 'House 28, Road 30, Dhanmondi, Dhaka', 'House 28, Road 30, Dhanmondi, Dhaka', 'Emergency Contact', 'Relative', '+8801776262606', '8308008537', '123', '90', '137', '96', '55', NOW());
INSERT INTO patients (id, user_id, full_name, date_of_birth, gender, blood_group, contact_number, address, occupation, marital_status, present_address, permanent_address, emergency_contact_name, emergency_contact_relation, emergency_contact_phone, national_id, bp_systolic, bp_diastolic, blood_glucose, heart_rate, weight, vitals_last_updated) VALUES (1022, 1022, 'Salma Begum', '1965-09-02', 'Female', 'B-', '+8801759576638', 'House 41, Road 17, Dhanmondi, Dhaka', 'Housewife', 'Widowed', 'House 41, Road 17, Dhanmondi, Dhaka', 'House 41, Road 17, Dhanmondi, Dhaka', 'Emergency Contact', 'Relative', '+8801759576638', '9823043065', '112', '77', '140', '81', '92', NOW());
INSERT INTO patients (id, user_id, full_name, date_of_birth, gender, blood_group, contact_number, address, occupation, marital_status, present_address, permanent_address, emergency_contact_name, emergency_contact_relation, emergency_contact_phone, national_id, bp_systolic, bp_diastolic, blood_glucose, heart_rate, weight, vitals_last_updated) VALUES (1023, 1023, 'Lubna Uddin', '1984-11-14', 'Female', 'B+', '+8801720576649', 'House 44, Road 2, Dhanmondi, Dhaka', 'Banker', 'Single', 'House 44, Road 2, Dhanmondi, Dhaka', 'House 44, Road 2, Dhanmondi, Dhaka', 'Emergency Contact', 'Relative', '+8801720576649', '1458216523', '133', '70', '125', '84', '56', NOW());
INSERT INTO patients (id, user_id, full_name, date_of_birth, gender, blood_group, contact_number, address, occupation, marital_status, present_address, permanent_address, emergency_contact_name, emergency_contact_relation, emergency_contact_phone, national_id, bp_systolic, bp_diastolic, blood_glucose, heart_rate, weight, vitals_last_updated) VALUES (1024, 1024, 'Ruma Talukder', '1999-06-20', 'Female', 'O+', '+8801770903347', 'House 6, Road 2, Dhanmondi, Dhaka', 'Student', 'Divorced', 'House 6, Road 2, Dhanmondi, Dhaka', 'House 6, Road 2, Dhanmondi, Dhaka', 'Emergency Contact', 'Relative', '+8801770903347', '0042535171', '137', '90', '114', '78', '74', NOW());
INSERT INTO patients (id, user_id, full_name, date_of_birth, gender, blood_group, contact_number, address, occupation, marital_status, present_address, permanent_address, emergency_contact_name, emergency_contact_relation, emergency_contact_phone, national_id, bp_systolic, bp_diastolic, blood_glucose, heart_rate, weight, vitals_last_updated) VALUES (1025, 1025, 'Rahim Talukder', '1967-06-12', 'Male', 'B-', '+8801737723024', 'House 11, Road 8, Dhanmondi, Dhaka', 'Banker', 'Divorced', 'House 11, Road 8, Dhanmondi, Dhaka', 'House 11, Road 8, Dhanmondi, Dhaka', 'Emergency Contact', 'Relative', '+8801737723024', '7575376632', '135', '79', '138', '79', '82', NOW());
INSERT INTO patients (id, user_id, full_name, date_of_birth, gender, blood_group, contact_number, address, occupation, marital_status, present_address, permanent_address, emergency_contact_name, emergency_contact_relation, emergency_contact_phone, national_id, bp_systolic, bp_diastolic, blood_glucose, heart_rate, weight, vitals_last_updated) VALUES (1026, 1026, 'Fatema Islam', '1980-08-06', 'Female', 'AB-', '+8801749414242', 'House 21, Road 14, Dhanmondi, Dhaka', 'Farmer', 'Single', 'House 21, Road 14, Dhanmondi, Dhaka', 'House 21, Road 14, Dhanmondi, Dhaka', 'Emergency Contact', 'Relative', '+8801749414242', '2639429564', '135', '88', '168', '61', '76', NOW());
INSERT INTO patients (id, user_id, full_name, date_of_birth, gender, blood_group, contact_number, address, occupation, marital_status, present_address, permanent_address, emergency_contact_name, emergency_contact_relation, emergency_contact_phone, national_id, bp_systolic, bp_diastolic, blood_glucose, heart_rate, weight, vitals_last_updated) VALUES (1027, 1027, 'Rakib Akter', '1983-05-03', 'Male', 'O-', '+8801734366169', 'House 121, Road 13, Dhanmondi, Dhaka', 'Student', 'Widowed', 'House 121, Road 13, Dhanmondi, Dhaka', 'House 121, Road 13, Dhanmondi, Dhaka', 'Emergency Contact', 'Relative', '+8801734366169', '8041020034', '125', '85', '82', '91', '52', NOW());
INSERT INTO patients (id, user_id, full_name, date_of_birth, gender, blood_group, contact_number, address, occupation, marital_status, present_address, permanent_address, emergency_contact_name, emergency_contact_relation, emergency_contact_phone, national_id, bp_systolic, bp_diastolic, blood_glucose, heart_rate, weight, vitals_last_updated) VALUES (1028, 1028, 'Asif Uddin', '2003-11-01', 'Male', 'AB+', '+8801746853868', 'House 29, Road 4, Dhanmondi, Dhaka', 'Businessman', 'Divorced', 'House 29, Road 4, Dhanmondi, Dhaka', 'House 29, Road 4, Dhanmondi, Dhaka', 'Emergency Contact', 'Relative', '+8801746853868', '8953270425', '124', '86', '133', '97', '75', NOW());
INSERT INTO patients (id, user_id, full_name, date_of_birth, gender, blood_group, contact_number, address, occupation, marital_status, present_address, permanent_address, emergency_contact_name, emergency_contact_relation, emergency_contact_phone, national_id, bp_systolic, bp_diastolic, blood_glucose, heart_rate, weight, vitals_last_updated) VALUES (1029, 1029, 'Laila Hasan', '1996-01-07', 'Female', 'A+', '+8801759983657', 'House 131, Road 24, Dhanmondi, Dhaka', 'Banker', 'Married', 'House 131, Road 24, Dhanmondi, Dhaka', 'House 131, Road 24, Dhanmondi, Dhaka', 'Emergency Contact', 'Relative', '+8801759983657', '9908959089', '128', '80', '189', '75', '91', NOW());
INSERT INTO patients (id, user_id, full_name, date_of_birth, gender, blood_group, contact_number, address, occupation, marital_status, present_address, permanent_address, emergency_contact_name, emergency_contact_relation, emergency_contact_phone, national_id, bp_systolic, bp_diastolic, blood_glucose, heart_rate, weight, vitals_last_updated) VALUES (1030, 1030, 'Rakib Akter', '1981-04-28', 'Male', 'B-', '+8801768058839', 'House 133, Road 14, Dhanmondi, Dhaka', 'Banker', 'Divorced', 'House 133, Road 14, Dhanmondi, Dhaka', 'House 133, Road 14, Dhanmondi, Dhaka', 'Emergency Contact', 'Relative', '+8801768058839', '2022163412', '137', '83', '109', '99', '95', NOW());
INSERT INTO patients (id, user_id, full_name, date_of_birth, gender, blood_group, contact_number, address, occupation, marital_status, present_address, permanent_address, emergency_contact_name, emergency_contact_relation, emergency_contact_phone, national_id, bp_systolic, bp_diastolic, blood_glucose, heart_rate, weight, vitals_last_updated) VALUES (1031, 1031, 'Salam Chowdhury', '2000-08-21', 'Male', 'O+', '+8801734750362', 'House 9, Road 1, Dhanmondi, Dhaka', 'Government Officer', 'Single', 'House 9, Road 1, Dhanmondi, Dhaka', 'House 9, Road 1, Dhanmondi, Dhaka', 'Emergency Contact', 'Relative', '+8801734750362', '5674423272', '132', '81', '120', '85', '88', NOW());
INSERT INTO patients (id, user_id, full_name, date_of_birth, gender, blood_group, contact_number, address, occupation, marital_status, present_address, permanent_address, emergency_contact_name, emergency_contact_relation, emergency_contact_phone, national_id, bp_systolic, bp_diastolic, blood_glucose, heart_rate, weight, vitals_last_updated) VALUES (1032, 1032, 'Lubna Hasan', '1972-11-04', 'Female', 'B-', '+8801766448877', 'House 145, Road 29, Dhanmondi, Dhaka', 'Student', 'Married', 'House 145, Road 29, Dhanmondi, Dhaka', 'House 145, Road 29, Dhanmondi, Dhaka', 'Emergency Contact', 'Relative', '+8801766448877', '6651087162', '111', '85', '179', '89', '87', NOW());
INSERT INTO patients (id, user_id, full_name, date_of_birth, gender, blood_group, contact_number, address, occupation, marital_status, present_address, permanent_address, emergency_contact_name, emergency_contact_relation, emergency_contact_phone, national_id, bp_systolic, bp_diastolic, blood_glucose, heart_rate, weight, vitals_last_updated) VALUES (1033, 1033, 'Sadia Khan', '1990-12-19', 'Female', 'A-', '+8801724189181', 'House 96, Road 8, Dhanmondi, Dhaka', 'Housewife', 'Single', 'House 96, Road 8, Dhanmondi, Dhaka', 'House 96, Road 8, Dhanmondi, Dhaka', 'Emergency Contact', 'Relative', '+8801724189181', '8189988600', '124', '84', '141', '68', '63', NOW());
INSERT INTO patients (id, user_id, full_name, date_of_birth, gender, blood_group, contact_number, address, occupation, marital_status, present_address, permanent_address, emergency_contact_name, emergency_contact_relation, emergency_contact_phone, national_id, bp_systolic, bp_diastolic, blood_glucose, heart_rate, weight, vitals_last_updated) VALUES (1034, 1034, 'Fiza Talukder', '1974-04-13', 'Female', 'B+', '+8801748070431', 'House 60, Road 5, Dhanmondi, Dhaka', 'Banker', 'Widowed', 'House 60, Road 5, Dhanmondi, Dhaka', 'House 60, Road 5, Dhanmondi, Dhaka', 'Emergency Contact', 'Relative', '+8801748070431', '0062871010', '118', '86', '114', '77', '78', NOW());
INSERT INTO patients (id, user_id, full_name, date_of_birth, gender, blood_group, contact_number, address, occupation, marital_status, present_address, permanent_address, emergency_contact_name, emergency_contact_relation, emergency_contact_phone, national_id, bp_systolic, bp_diastolic, blood_glucose, heart_rate, weight, vitals_last_updated) VALUES (1035, 1035, 'Nasrin Rahman', '1996-01-06', 'Female', 'AB-', '+8801761319747', 'House 124, Road 23, Dhanmondi, Dhaka', 'Government Officer', 'Single', 'House 124, Road 23, Dhanmondi, Dhaka', 'House 124, Road 23, Dhanmondi, Dhaka', 'Emergency Contact', 'Relative', '+8801761319747', '6039078522', '130', '82', '190', '63', '91', NOW());
INSERT INTO patients (id, user_id, full_name, date_of_birth, gender, blood_group, contact_number, address, occupation, marital_status, present_address, permanent_address, emergency_contact_name, emergency_contact_relation, emergency_contact_phone, national_id, bp_systolic, bp_diastolic, blood_glucose, heart_rate, weight, vitals_last_updated) VALUES (1036, 1036, 'Samia Siddique', '1985-01-26', 'Female', 'AB-', '+8801735673206', 'House 96, Road 24, Dhanmondi, Dhaka', 'Businessman', 'Single', 'House 96, Road 24, Dhanmondi, Dhaka', 'House 96, Road 24, Dhanmondi, Dhaka', 'Emergency Contact', 'Relative', '+8801735673206', '0505862980', '111', '87', '140', '97', '60', NOW());
INSERT INTO patients (id, user_id, full_name, date_of_birth, gender, blood_group, contact_number, address, occupation, marital_status, present_address, permanent_address, emergency_contact_name, emergency_contact_relation, emergency_contact_phone, national_id, bp_systolic, bp_diastolic, blood_glucose, heart_rate, weight, vitals_last_updated) VALUES (1037, 1037, 'Nusrat Hasan', '1965-03-07', 'Female', 'A-', '+8801797875177', 'House 116, Road 17, Dhanmondi, Dhaka', 'Teacher', 'Single', 'House 116, Road 17, Dhanmondi, Dhaka', 'House 116, Road 17, Dhanmondi, Dhaka', 'Emergency Contact', 'Relative', '+8801797875177', '0136658434', '124', '79', '138', '84', '83', NOW());
INSERT INTO patients (id, user_id, full_name, date_of_birth, gender, blood_group, contact_number, address, occupation, marital_status, present_address, permanent_address, emergency_contact_name, emergency_contact_relation, emergency_contact_phone, national_id, bp_systolic, bp_diastolic, blood_glucose, heart_rate, weight, vitals_last_updated) VALUES (1038, 1038, 'Mahmud Rahman', '1986-10-28', 'Male', 'B-', '+8801737785532', 'House 138, Road 28, Dhanmondi, Dhaka', 'Software Engineer', 'Divorced', 'House 138, Road 28, Dhanmondi, Dhaka', 'House 138, Road 28, Dhanmondi, Dhaka', 'Emergency Contact', 'Relative', '+8801737785532', '2375723568', '135', '78', '195', '72', '52', NOW());
INSERT INTO patients (id, user_id, full_name, date_of_birth, gender, blood_group, contact_number, address, occupation, marital_status, present_address, permanent_address, emergency_contact_name, emergency_contact_relation, emergency_contact_phone, national_id, bp_systolic, bp_diastolic, blood_glucose, heart_rate, weight, vitals_last_updated) VALUES (1039, 1039, 'Shakib Talukder', '1969-04-26', 'Male', 'O+', '+8801743629750', 'House 94, Road 11, Dhanmondi, Dhaka', 'Businessman', 'Single', 'House 94, Road 11, Dhanmondi, Dhaka', 'House 94, Road 11, Dhanmondi, Dhaka', 'Emergency Contact', 'Relative', '+8801743629750', '0735863899', '131', '88', '108', '75', '94', NOW());
INSERT INTO patients (id, user_id, full_name, date_of_birth, gender, blood_group, contact_number, address, occupation, marital_status, present_address, permanent_address, emergency_contact_name, emergency_contact_relation, emergency_contact_phone, national_id, bp_systolic, bp_diastolic, blood_glucose, heart_rate, weight, vitals_last_updated) VALUES (1040, 1040, 'Nasrin Ahmed', '1976-07-02', 'Female', 'O-', '+8801739450902', 'House 129, Road 7, Dhanmondi, Dhaka', 'Software Engineer', 'Divorced', 'House 129, Road 7, Dhanmondi, Dhaka', 'House 129, Road 7, Dhanmondi, Dhaka', 'Emergency Contact', 'Relative', '+8801739450902', '2632389092', '129', '81', '163', '75', '76', NOW());
INSERT INTO patients (id, user_id, full_name, date_of_birth, gender, blood_group, contact_number, address, occupation, marital_status, present_address, permanent_address, emergency_contact_name, emergency_contact_relation, emergency_contact_phone, national_id, bp_systolic, bp_diastolic, blood_glucose, heart_rate, weight, vitals_last_updated) VALUES (1041, 1041, 'Zahid Begum', '1997-06-26', 'Male', 'AB-', '+8801751369217', 'House 55, Road 19, Dhanmondi, Dhaka', 'Government Officer', 'Widowed', 'House 55, Road 19, Dhanmondi, Dhaka', 'House 55, Road 19, Dhanmondi, Dhaka', 'Emergency Contact', 'Relative', '+8801751369217', '9604618003', '131', '77', '98', '87', '66', NOW());
INSERT INTO patients (id, user_id, full_name, date_of_birth, gender, blood_group, contact_number, address, occupation, marital_status, present_address, permanent_address, emergency_contact_name, emergency_contact_relation, emergency_contact_phone, national_id, bp_systolic, bp_diastolic, blood_glucose, heart_rate, weight, vitals_last_updated) VALUES (1042, 1042, 'Akhter Talukder', '1995-10-21', 'Female', 'AB+', '+8801726656287', 'House 84, Road 23, Dhanmondi, Dhaka', 'Unemployed', 'Married', 'House 84, Road 23, Dhanmondi, Dhaka', 'House 84, Road 23, Dhanmondi, Dhaka', 'Emergency Contact', 'Relative', '+8801726656287', '5361071131', '116', '77', '105', '76', '71', NOW());
INSERT INTO patients (id, user_id, full_name, date_of_birth, gender, blood_group, contact_number, address, occupation, marital_status, present_address, permanent_address, emergency_contact_name, emergency_contact_relation, emergency_contact_phone, national_id, bp_systolic, bp_diastolic, blood_glucose, heart_rate, weight, vitals_last_updated) VALUES (1043, 1043, 'Rafiq Talukder', '1975-06-21', 'Male', 'A-', '+8801769625186', 'House 13, Road 19, Dhanmondi, Dhaka', 'Unemployed', 'Married', 'House 13, Road 19, Dhanmondi, Dhaka', 'House 13, Road 19, Dhanmondi, Dhaka', 'Emergency Contact', 'Relative', '+8801769625186', '0580573039', '127', '88', '161', '78', '76', NOW());
INSERT INTO patients (id, user_id, full_name, date_of_birth, gender, blood_group, contact_number, address, occupation, marital_status, present_address, permanent_address, emergency_contact_name, emergency_contact_relation, emergency_contact_phone, national_id, bp_systolic, bp_diastolic, blood_glucose, heart_rate, weight, vitals_last_updated) VALUES (1044, 1044, 'Tanvir Uddin', '2005-02-12', 'Male', 'AB+', '+8801790391010', 'House 90, Road 15, Dhanmondi, Dhaka', 'Government Officer', 'Widowed', 'House 90, Road 15, Dhanmondi, Dhaka', 'House 90, Road 15, Dhanmondi, Dhaka', 'Emergency Contact', 'Relative', '+8801790391010', '7586590153', '140', '79', '84', '78', '77', NOW());
INSERT INTO patients (id, user_id, full_name, date_of_birth, gender, blood_group, contact_number, address, occupation, marital_status, present_address, permanent_address, emergency_contact_name, emergency_contact_relation, emergency_contact_phone, national_id, bp_systolic, bp_diastolic, blood_glucose, heart_rate, weight, vitals_last_updated) VALUES (1045, 1045, 'Rashed Rahman', '1979-03-21', 'Male', 'O+', '+8801721850016', 'House 95, Road 27, Dhanmondi, Dhaka', 'Banker', 'Married', 'House 95, Road 27, Dhanmondi, Dhaka', 'House 95, Road 27, Dhanmondi, Dhaka', 'Emergency Contact', 'Relative', '+8801721850016', '2945205121', '127', '83', '87', '70', '52', NOW());
INSERT INTO patients (id, user_id, full_name, date_of_birth, gender, blood_group, contact_number, address, occupation, marital_status, present_address, permanent_address, emergency_contact_name, emergency_contact_relation, emergency_contact_phone, national_id, bp_systolic, bp_diastolic, blood_glucose, heart_rate, weight, vitals_last_updated) VALUES (1046, 1046, 'Shilpi Siddique', '1971-06-09', 'Female', 'A-', '+8801781618745', 'House 104, Road 16, Dhanmondi, Dhaka', 'Software Engineer', 'Widowed', 'House 104, Road 16, Dhanmondi, Dhaka', 'House 104, Road 16, Dhanmondi, Dhaka', 'Emergency Contact', 'Relative', '+8801781618745', '4437038341', '133', '78', '117', '89', '70', NOW());
INSERT INTO patients (id, user_id, full_name, date_of_birth, gender, blood_group, contact_number, address, occupation, marital_status, present_address, permanent_address, emergency_contact_name, emergency_contact_relation, emergency_contact_phone, national_id, bp_systolic, bp_diastolic, blood_glucose, heart_rate, weight, vitals_last_updated) VALUES (1047, 1047, 'Tariq Akter', '1992-02-06', 'Male', 'A-', '+8801791861522', 'House 92, Road 14, Dhanmondi, Dhaka', 'Housewife', 'Single', 'House 92, Road 14, Dhanmondi, Dhaka', 'House 92, Road 14, Dhanmondi, Dhaka', 'Emergency Contact', 'Relative', '+8801791861522', '4843456369', '137', '79', '190', '68', '70', NOW());
INSERT INTO patients (id, user_id, full_name, date_of_birth, gender, blood_group, contact_number, address, occupation, marital_status, present_address, permanent_address, emergency_contact_name, emergency_contact_relation, emergency_contact_phone, national_id, bp_systolic, bp_diastolic, blood_glucose, heart_rate, weight, vitals_last_updated) VALUES (1048, 1048, 'Sani Siddique', '1991-06-05', 'Male', 'O-', '+8801791731753', 'House 17, Road 18, Dhanmondi, Dhaka', 'Doctor', 'Married', 'House 17, Road 18, Dhanmondi, Dhaka', 'House 17, Road 18, Dhanmondi, Dhaka', 'Emergency Contact', 'Relative', '+8801791731753', '1224705781', '113', '71', '98', '81', '94', NOW());
INSERT INTO patients (id, user_id, full_name, date_of_birth, gender, blood_group, contact_number, address, occupation, marital_status, present_address, permanent_address, emergency_contact_name, emergency_contact_relation, emergency_contact_phone, national_id, bp_systolic, bp_diastolic, blood_glucose, heart_rate, weight, vitals_last_updated) VALUES (1049, 1049, 'Asif Khan', '1995-06-08', 'Male', 'A-', '+8801735110632', 'House 7, Road 21, Dhanmondi, Dhaka', 'Doctor', 'Married', 'House 7, Road 21, Dhanmondi, Dhaka', 'House 7, Road 21, Dhanmondi, Dhaka', 'Emergency Contact', 'Relative', '+8801735110632', '6891925566', '137', '80', '163', '88', '80', NOW());
INSERT INTO patients (id, user_id, full_name, date_of_birth, gender, blood_group, contact_number, address, occupation, marital_status, present_address, permanent_address, emergency_contact_name, emergency_contact_relation, emergency_contact_phone, national_id, bp_systolic, bp_diastolic, blood_glucose, heart_rate, weight, vitals_last_updated) VALUES (1050, 1050, 'Kohinoor Chowdhury', '1972-06-17', 'Female', 'AB-', '+8801785960994', 'House 41, Road 19, Dhanmondi, Dhaka', 'Businessman', 'Married', 'House 41, Road 19, Dhanmondi, Dhaka', 'House 41, Road 19, Dhanmondi, Dhaka', 'Emergency Contact', 'Relative', '+8801785960994', '0118632939', '134', '81', '181', '78', '90', NOW());
INSERT INTO patients (id, user_id, full_name, date_of_birth, gender, blood_group, contact_number, address, occupation, marital_status, present_address, permanent_address, emergency_contact_name, emergency_contact_relation, emergency_contact_phone, national_id, bp_systolic, bp_diastolic, blood_glucose, heart_rate, weight, vitals_last_updated) VALUES (1051, 1051, 'Faisal Ahmed', '1979-09-27', 'Male', 'AB-', '+8801748043201', 'House 35, Road 20, Dhanmondi, Dhaka', 'Government Officer', 'Divorced', 'House 35, Road 20, Dhanmondi, Dhaka', 'House 35, Road 20, Dhanmondi, Dhaka', 'Emergency Contact', 'Relative', '+8801748043201', '0354271026', '134', '86', '124', '63', '94', NOW());
INSERT INTO patients (id, user_id, full_name, date_of_birth, gender, blood_group, contact_number, address, occupation, marital_status, present_address, permanent_address, emergency_contact_name, emergency_contact_relation, emergency_contact_phone, national_id, bp_systolic, bp_diastolic, blood_glucose, heart_rate, weight, vitals_last_updated) VALUES (1052, 1052, 'Sonia Siddique', '1980-04-04', 'Female', 'A-', '+8801749250541', 'House 78, Road 12, Dhanmondi, Dhaka', 'Teacher', 'Married', 'House 78, Road 12, Dhanmondi, Dhaka', 'House 78, Road 12, Dhanmondi, Dhaka', 'Emergency Contact', 'Relative', '+8801749250541', '9055871088', '120', '80', '132', '73', '75', NOW());
INSERT INTO patients (id, user_id, full_name, date_of_birth, gender, blood_group, contact_number, address, occupation, marital_status, present_address, permanent_address, emergency_contact_name, emergency_contact_relation, emergency_contact_phone, national_id, bp_systolic, bp_diastolic, blood_glucose, heart_rate, weight, vitals_last_updated) VALUES (1053, 1053, 'Shilpi Rahman', '1984-06-24', 'Female', 'O+', '+8801787919944', 'House 62, Road 20, Dhanmondi, Dhaka', 'Banker', 'Widowed', 'House 62, Road 20, Dhanmondi, Dhaka', 'House 62, Road 20, Dhanmondi, Dhaka', 'Emergency Contact', 'Relative', '+8801787919944', '6253824652', '129', '82', '122', '84', '74', NOW());
INSERT INTO patients (id, user_id, full_name, date_of_birth, gender, blood_group, contact_number, address, occupation, marital_status, present_address, permanent_address, emergency_contact_name, emergency_contact_relation, emergency_contact_phone, national_id, bp_systolic, bp_diastolic, blood_glucose, heart_rate, weight, vitals_last_updated) VALUES (1054, 1054, 'Rubel Hasan', '1990-03-27', 'Male', 'B-', '+8801763968701', 'House 13, Road 17, Dhanmondi, Dhaka', 'Software Engineer', 'Divorced', 'House 13, Road 17, Dhanmondi, Dhaka', 'House 13, Road 17, Dhanmondi, Dhaka', 'Emergency Contact', 'Relative', '+8801763968701', '0773062165', '126', '72', '117', '64', '76', NOW());
INSERT INTO patients (id, user_id, full_name, date_of_birth, gender, blood_group, contact_number, address, occupation, marital_status, present_address, permanent_address, emergency_contact_name, emergency_contact_relation, emergency_contact_phone, national_id, bp_systolic, bp_diastolic, blood_glucose, heart_rate, weight, vitals_last_updated) VALUES (1055, 1055, 'Sharmin Uddin', '1977-03-01', 'Female', 'O+', '+8801782755815', 'House 74, Road 11, Dhanmondi, Dhaka', 'Software Engineer', 'Widowed', 'House 74, Road 11, Dhanmondi, Dhaka', 'House 74, Road 11, Dhanmondi, Dhaka', 'Emergency Contact', 'Relative', '+8801782755815', '4887263551', '115', '78', '153', '82', '57', NOW());
INSERT INTO patients (id, user_id, full_name, date_of_birth, gender, blood_group, contact_number, address, occupation, marital_status, present_address, permanent_address, emergency_contact_name, emergency_contact_relation, emergency_contact_phone, national_id, bp_systolic, bp_diastolic, blood_glucose, heart_rate, weight, vitals_last_updated) VALUES (1056, 1056, 'Sabrina Chowdhury', '1980-06-26', 'Female', 'B+', '+8801769580849', 'House 96, Road 25, Dhanmondi, Dhaka', 'Housewife', 'Widowed', 'House 96, Road 25, Dhanmondi, Dhaka', 'House 96, Road 25, Dhanmondi, Dhaka', 'Emergency Contact', 'Relative', '+8801769580849', '5499428131', '133', '78', '163', '73', '54', NOW());
INSERT INTO patients (id, user_id, full_name, date_of_birth, gender, blood_group, contact_number, address, occupation, marital_status, present_address, permanent_address, emergency_contact_name, emergency_contact_relation, emergency_contact_phone, national_id, bp_systolic, bp_diastolic, blood_glucose, heart_rate, weight, vitals_last_updated) VALUES (1057, 1057, 'Nasir Begum', '1990-09-14', 'Male', 'AB-', '+8801716732778', 'House 141, Road 26, Dhanmondi, Dhaka', 'Unemployed', 'Single', 'House 141, Road 26, Dhanmondi, Dhaka', 'House 141, Road 26, Dhanmondi, Dhaka', 'Emergency Contact', 'Relative', '+8801716732778', '6812135023', '120', '81', '96', '75', '91', NOW());
INSERT INTO patients (id, user_id, full_name, date_of_birth, gender, blood_group, contact_number, address, occupation, marital_status, present_address, permanent_address, emergency_contact_name, emergency_contact_relation, emergency_contact_phone, national_id, bp_systolic, bp_diastolic, blood_glucose, heart_rate, weight, vitals_last_updated) VALUES (1058, 1058, 'Asma Khan', '2000-07-11', 'Female', 'B+', '+8801732527903', 'House 148, Road 16, Dhanmondi, Dhaka', 'Unemployed', 'Single', 'House 148, Road 16, Dhanmondi, Dhaka', 'House 148, Road 16, Dhanmondi, Dhaka', 'Emergency Contact', 'Relative', '+8801732527903', '5427968368', '125', '77', '145', '98', '65', NOW());
INSERT INTO patients (id, user_id, full_name, date_of_birth, gender, blood_group, contact_number, address, occupation, marital_status, present_address, permanent_address, emergency_contact_name, emergency_contact_relation, emergency_contact_phone, national_id, bp_systolic, bp_diastolic, blood_glucose, heart_rate, weight, vitals_last_updated) VALUES (1059, 1059, 'Monir Uddin', '1995-06-27', 'Male', 'AB-', '+8801728817942', 'House 36, Road 24, Dhanmondi, Dhaka', 'Government Officer', 'Widowed', 'House 36, Road 24, Dhanmondi, Dhaka', 'House 36, Road 24, Dhanmondi, Dhaka', 'Emergency Contact', 'Relative', '+8801728817942', '0688869469', '127', '88', '123', '79', '87', NOW());
INSERT INTO patients (id, user_id, full_name, date_of_birth, gender, blood_group, contact_number, address, occupation, marital_status, present_address, permanent_address, emergency_contact_name, emergency_contact_relation, emergency_contact_phone, national_id, bp_systolic, bp_diastolic, blood_glucose, heart_rate, weight, vitals_last_updated) VALUES (1060, 1060, 'Nehal Uddin', '2002-06-02', 'Male', 'AB+', '+8801777522245', 'House 77, Road 6, Dhanmondi, Dhaka', 'Doctor', 'Widowed', 'House 77, Road 6, Dhanmondi, Dhaka', 'House 77, Road 6, Dhanmondi, Dhaka', 'Emergency Contact', 'Relative', '+8801777522245', '1375544533', '116', '78', '102', '99', '83', NOW());
INSERT INTO patients (id, user_id, full_name, date_of_birth, gender, blood_group, contact_number, address, occupation, marital_status, present_address, permanent_address, emergency_contact_name, emergency_contact_relation, emergency_contact_phone, national_id, bp_systolic, bp_diastolic, blood_glucose, heart_rate, weight, vitals_last_updated) VALUES (1061, 1061, 'Keya Begum', '1995-11-23', 'Female', 'O-', '+8801791165127', 'House 53, Road 3, Dhanmondi, Dhaka', 'Farmer', 'Divorced', 'House 53, Road 3, Dhanmondi, Dhaka', 'House 53, Road 3, Dhanmondi, Dhaka', 'Emergency Contact', 'Relative', '+8801791165127', '5165835311', '120', '74', '152', '89', '53', NOW());
INSERT INTO patients (id, user_id, full_name, date_of_birth, gender, blood_group, contact_number, address, occupation, marital_status, present_address, permanent_address, emergency_contact_name, emergency_contact_relation, emergency_contact_phone, national_id, bp_systolic, bp_diastolic, blood_glucose, heart_rate, weight, vitals_last_updated) VALUES (1062, 1062, 'Samia Talukder', '1998-06-16', 'Female', 'B-', '+8801780733030', 'House 74, Road 25, Dhanmondi, Dhaka', 'Businessman', 'Widowed', 'House 74, Road 25, Dhanmondi, Dhaka', 'House 74, Road 25, Dhanmondi, Dhaka', 'Emergency Contact', 'Relative', '+8801780733030', '5134737485', '121', '84', '126', '98', '95', NOW());
INSERT INTO patients (id, user_id, full_name, date_of_birth, gender, blood_group, contact_number, address, occupation, marital_status, present_address, permanent_address, emergency_contact_name, emergency_contact_relation, emergency_contact_phone, national_id, bp_systolic, bp_diastolic, blood_glucose, heart_rate, weight, vitals_last_updated) VALUES (1063, 1063, 'Biplob Hasan', '1984-03-27', 'Male', 'B-', '+8801735175588', 'House 28, Road 13, Dhanmondi, Dhaka', 'Farmer', 'Divorced', 'House 28, Road 13, Dhanmondi, Dhaka', 'House 28, Road 13, Dhanmondi, Dhaka', 'Emergency Contact', 'Relative', '+8801735175588', '0808723882', '117', '73', '197', '77', '91', NOW());
INSERT INTO patients (id, user_id, full_name, date_of_birth, gender, blood_group, contact_number, address, occupation, marital_status, present_address, permanent_address, emergency_contact_name, emergency_contact_relation, emergency_contact_phone, national_id, bp_systolic, bp_diastolic, blood_glucose, heart_rate, weight, vitals_last_updated) VALUES (1064, 1064, 'Rubel Hasan', '1986-02-17', 'Male', 'B-', '+8801767242370', 'House 86, Road 19, Dhanmondi, Dhaka', 'Banker', 'Divorced', 'House 86, Road 19, Dhanmondi, Dhaka', 'House 86, Road 19, Dhanmondi, Dhaka', 'Emergency Contact', 'Relative', '+8801767242370', '1243396832', '137', '70', '93', '79', '64', NOW());
INSERT INTO patients (id, user_id, full_name, date_of_birth, gender, blood_group, contact_number, address, occupation, marital_status, present_address, permanent_address, emergency_contact_name, emergency_contact_relation, emergency_contact_phone, national_id, bp_systolic, bp_diastolic, blood_glucose, heart_rate, weight, vitals_last_updated) VALUES (1065, 1065, 'Sajib Uddin', '1963-09-20', 'Male', 'B+', '+8801769297949', 'House 49, Road 17, Dhanmondi, Dhaka', 'Housewife', 'Widowed', 'House 49, Road 17, Dhanmondi, Dhaka', 'House 49, Road 17, Dhanmondi, Dhaka', 'Emergency Contact', 'Relative', '+8801769297949', '3456746859', '134', '79', '88', '99', '51', NOW());
INSERT INTO patients (id, user_id, full_name, date_of_birth, gender, blood_group, contact_number, address, occupation, marital_status, present_address, permanent_address, emergency_contact_name, emergency_contact_relation, emergency_contact_phone, national_id, bp_systolic, bp_diastolic, blood_glucose, heart_rate, weight, vitals_last_updated) VALUES (1066, 1066, 'Kabir Siddique', '1976-09-16', 'Male', 'AB+', '+8801774661294', 'House 7, Road 1, Dhanmondi, Dhaka', 'Doctor', 'Widowed', 'House 7, Road 1, Dhanmondi, Dhaka', 'House 7, Road 1, Dhanmondi, Dhaka', 'Emergency Contact', 'Relative', '+8801774661294', '1575336644', '140', '89', '117', '93', '93', NOW());
INSERT INTO patients (id, user_id, full_name, date_of_birth, gender, blood_group, contact_number, address, occupation, marital_status, present_address, permanent_address, emergency_contact_name, emergency_contact_relation, emergency_contact_phone, national_id, bp_systolic, bp_diastolic, blood_glucose, heart_rate, weight, vitals_last_updated) VALUES (1067, 1067, 'Shahin Akter', '1990-07-01', 'Male', 'B-', '+8801745479671', 'House 120, Road 2, Dhanmondi, Dhaka', 'Banker', 'Married', 'House 120, Road 2, Dhanmondi, Dhaka', 'House 120, Road 2, Dhanmondi, Dhaka', 'Emergency Contact', 'Relative', '+8801745479671', '2567685682', '135', '88', '94', '82', '61', NOW());
INSERT INTO patients (id, user_id, full_name, date_of_birth, gender, blood_group, contact_number, address, occupation, marital_status, present_address, permanent_address, emergency_contact_name, emergency_contact_relation, emergency_contact_phone, national_id, bp_systolic, bp_diastolic, blood_glucose, heart_rate, weight, vitals_last_updated) VALUES (1068, 1068, 'Hasan Ahmed', '1973-07-17', 'Male', 'AB+', '+8801782643611', 'House 89, Road 17, Dhanmondi, Dhaka', 'Software Engineer', 'Divorced', 'House 89, Road 17, Dhanmondi, Dhaka', 'House 89, Road 17, Dhanmondi, Dhaka', 'Emergency Contact', 'Relative', '+8801782643611', '2400188481', '134', '79', '119', '96', '82', NOW());
INSERT INTO patients (id, user_id, full_name, date_of_birth, gender, blood_group, contact_number, address, occupation, marital_status, present_address, permanent_address, emergency_contact_name, emergency_contact_relation, emergency_contact_phone, national_id, bp_systolic, bp_diastolic, blood_glucose, heart_rate, weight, vitals_last_updated) VALUES (1069, 1069, 'Poly Begum', '1986-02-06', 'Female', 'O-', '+8801799773750', 'House 105, Road 13, Dhanmondi, Dhaka', 'Banker', 'Widowed', 'House 105, Road 13, Dhanmondi, Dhaka', 'House 105, Road 13, Dhanmondi, Dhaka', 'Emergency Contact', 'Relative', '+8801799773750', '4111212892', '126', '74', '130', '70', '52', NOW());
INSERT INTO patients (id, user_id, full_name, date_of_birth, gender, blood_group, contact_number, address, occupation, marital_status, present_address, permanent_address, emergency_contact_name, emergency_contact_relation, emergency_contact_phone, national_id, bp_systolic, bp_diastolic, blood_glucose, heart_rate, weight, vitals_last_updated) VALUES (1070, 1070, 'Ripon Ahmed', '2004-01-04', 'Male', 'AB+', '+8801722977991', 'House 28, Road 21, Dhanmondi, Dhaka', 'Unemployed', 'Widowed', 'House 28, Road 21, Dhanmondi, Dhaka', 'House 28, Road 21, Dhanmondi, Dhaka', 'Emergency Contact', 'Relative', '+8801722977991', '1125328821', '115', '84', '113', '93', '65', NOW());
INSERT INTO patients (id, user_id, full_name, date_of_birth, gender, blood_group, contact_number, address, occupation, marital_status, present_address, permanent_address, emergency_contact_name, emergency_contact_relation, emergency_contact_phone, national_id, bp_systolic, bp_diastolic, blood_glucose, heart_rate, weight, vitals_last_updated) VALUES (1071, 1071, 'Zoya Ali', '1981-02-06', 'Female', 'B-', '+8801788803597', 'House 131, Road 29, Dhanmondi, Dhaka', 'Student', 'Married', 'House 131, Road 29, Dhanmondi, Dhaka', 'House 131, Road 29, Dhanmondi, Dhaka', 'Emergency Contact', 'Relative', '+8801788803597', '6343921129', '125', '70', '160', '76', '82', NOW());
INSERT INTO patients (id, user_id, full_name, date_of_birth, gender, blood_group, contact_number, address, occupation, marital_status, present_address, permanent_address, emergency_contact_name, emergency_contact_relation, emergency_contact_phone, national_id, bp_systolic, bp_diastolic, blood_glucose, heart_rate, weight, vitals_last_updated) VALUES (1072, 1072, 'Monir Begum', '1970-10-26', 'Male', 'B-', '+8801768334817', 'House 66, Road 15, Dhanmondi, Dhaka', 'Teacher', 'Divorced', 'House 66, Road 15, Dhanmondi, Dhaka', 'House 66, Road 15, Dhanmondi, Dhaka', 'Emergency Contact', 'Relative', '+8801768334817', '1185872191', '114', '77', '185', '90', '90', NOW());
INSERT INTO patients (id, user_id, full_name, date_of_birth, gender, blood_group, contact_number, address, occupation, marital_status, present_address, permanent_address, emergency_contact_name, emergency_contact_relation, emergency_contact_phone, national_id, bp_systolic, bp_diastolic, blood_glucose, heart_rate, weight, vitals_last_updated) VALUES (1073, 1073, 'Sani Uddin', '1961-05-25', 'Male', 'A-', '+8801751708355', 'House 126, Road 24, Dhanmondi, Dhaka', 'Unemployed', 'Widowed', 'House 126, Road 24, Dhanmondi, Dhaka', 'House 126, Road 24, Dhanmondi, Dhaka', 'Emergency Contact', 'Relative', '+8801751708355', '7872388621', '120', '74', '89', '96', '50', NOW());
INSERT INTO patients (id, user_id, full_name, date_of_birth, gender, blood_group, contact_number, address, occupation, marital_status, present_address, permanent_address, emergency_contact_name, emergency_contact_relation, emergency_contact_phone, national_id, bp_systolic, bp_diastolic, blood_glucose, heart_rate, weight, vitals_last_updated) VALUES (1074, 1074, 'Fiza Hasan', '1993-05-18', 'Female', 'O+', '+8801742530116', 'House 19, Road 12, Dhanmondi, Dhaka', 'Teacher', 'Divorced', 'House 19, Road 12, Dhanmondi, Dhaka', 'House 19, Road 12, Dhanmondi, Dhaka', 'Emergency Contact', 'Relative', '+8801742530116', '3537220930', '114', '88', '99', '83', '69', NOW());
INSERT INTO patients (id, user_id, full_name, date_of_birth, gender, blood_group, contact_number, address, occupation, marital_status, present_address, permanent_address, emergency_contact_name, emergency_contact_relation, emergency_contact_phone, national_id, bp_systolic, bp_diastolic, blood_glucose, heart_rate, weight, vitals_last_updated) VALUES (1075, 1075, 'Samia Ali', '1995-08-05', 'Female', 'B-', '+8801767440953', 'House 138, Road 10, Dhanmondi, Dhaka', 'Software Engineer', 'Divorced', 'House 138, Road 10, Dhanmondi, Dhaka', 'House 138, Road 10, Dhanmondi, Dhaka', 'Emergency Contact', 'Relative', '+8801767440953', '7609390384', '115', '82', '106', '87', '75', NOW());
INSERT INTO patients (id, user_id, full_name, date_of_birth, gender, blood_group, contact_number, address, occupation, marital_status, present_address, permanent_address, emergency_contact_name, emergency_contact_relation, emergency_contact_phone, national_id, bp_systolic, bp_diastolic, blood_glucose, heart_rate, weight, vitals_last_updated) VALUES (1076, 1076, 'Habib Islam', '1994-02-27', 'Male', 'AB-', '+8801782920944', 'House 41, Road 30, Dhanmondi, Dhaka', 'Government Officer', 'Divorced', 'House 41, Road 30, Dhanmondi, Dhaka', 'House 41, Road 30, Dhanmondi, Dhaka', 'Emergency Contact', 'Relative', '+8801782920944', '4807716470', '139', '77', '155', '71', '77', NOW());
INSERT INTO patients (id, user_id, full_name, date_of_birth, gender, blood_group, contact_number, address, occupation, marital_status, present_address, permanent_address, emergency_contact_name, emergency_contact_relation, emergency_contact_phone, national_id, bp_systolic, bp_diastolic, blood_glucose, heart_rate, weight, vitals_last_updated) VALUES (1077, 1077, 'Jannatul Ali', '1982-06-03', 'Female', 'A-', '+8801754055961', 'House 15, Road 2, Dhanmondi, Dhaka', 'Software Engineer', 'Divorced', 'House 15, Road 2, Dhanmondi, Dhaka', 'House 15, Road 2, Dhanmondi, Dhaka', 'Emergency Contact', 'Relative', '+8801754055961', '8144085714', '131', '72', '98', '92', '88', NOW());
INSERT INTO patients (id, user_id, full_name, date_of_birth, gender, blood_group, contact_number, address, occupation, marital_status, present_address, permanent_address, emergency_contact_name, emergency_contact_relation, emergency_contact_phone, national_id, bp_systolic, bp_diastolic, blood_glucose, heart_rate, weight, vitals_last_updated) VALUES (1078, 1078, 'Rafiq Siddique', '1993-04-06', 'Male', 'B+', '+8801788809049', 'House 26, Road 11, Dhanmondi, Dhaka', 'Software Engineer', 'Single', 'House 26, Road 11, Dhanmondi, Dhaka', 'House 26, Road 11, Dhanmondi, Dhaka', 'Emergency Contact', 'Relative', '+8801788809049', '6821796061', '110', '71', '168', '69', '54', NOW());
INSERT INTO patients (id, user_id, full_name, date_of_birth, gender, blood_group, contact_number, address, occupation, marital_status, present_address, permanent_address, emergency_contact_name, emergency_contact_relation, emergency_contact_phone, national_id, bp_systolic, bp_diastolic, blood_glucose, heart_rate, weight, vitals_last_updated) VALUES (1079, 1079, 'Tarek Ahmed', '1987-03-03', 'Male', 'B-', '+8801744820970', 'House 130, Road 26, Dhanmondi, Dhaka', 'Businessman', 'Married', 'House 130, Road 26, Dhanmondi, Dhaka', 'House 130, Road 26, Dhanmondi, Dhaka', 'Emergency Contact', 'Relative', '+8801744820970', '4332803413', '123', '84', '103', '83', '58', NOW());
INSERT INTO patients (id, user_id, full_name, date_of_birth, gender, blood_group, contact_number, address, occupation, marital_status, present_address, permanent_address, emergency_contact_name, emergency_contact_relation, emergency_contact_phone, national_id, bp_systolic, bp_diastolic, blood_glucose, heart_rate, weight, vitals_last_updated) VALUES (1080, 1080, 'Shakib Chowdhury', '1966-09-23', 'Male', 'A+', '+8801792060762', 'House 148, Road 26, Dhanmondi, Dhaka', 'Housewife', 'Married', 'House 148, Road 26, Dhanmondi, Dhaka', 'House 148, Road 26, Dhanmondi, Dhaka', 'Emergency Contact', 'Relative', '+8801792060762', '3510354315', '124', '82', '145', '93', '84', NOW());
INSERT INTO patients (id, user_id, full_name, date_of_birth, gender, blood_group, contact_number, address, occupation, marital_status, present_address, permanent_address, emergency_contact_name, emergency_contact_relation, emergency_contact_phone, national_id, bp_systolic, bp_diastolic, blood_glucose, heart_rate, weight, vitals_last_updated) VALUES (1081, 1081, 'Taniya Khan', '1993-08-04', 'Female', 'AB-', '+8801714626791', 'House 87, Road 3, Dhanmondi, Dhaka', 'Government Officer', 'Married', 'House 87, Road 3, Dhanmondi, Dhaka', 'House 87, Road 3, Dhanmondi, Dhaka', 'Emergency Contact', 'Relative', '+8801714626791', '7321308717', '118', '75', '120', '81', '60', NOW());
INSERT INTO patients (id, user_id, full_name, date_of_birth, gender, blood_group, contact_number, address, occupation, marital_status, present_address, permanent_address, emergency_contact_name, emergency_contact_relation, emergency_contact_phone, national_id, bp_systolic, bp_diastolic, blood_glucose, heart_rate, weight, vitals_last_updated) VALUES (1082, 1082, 'Khadija Rahman', '2001-11-02', 'Female', 'AB-', '+8801797456667', 'House 91, Road 24, Dhanmondi, Dhaka', 'Housewife', 'Single', 'House 91, Road 24, Dhanmondi, Dhaka', 'House 91, Road 24, Dhanmondi, Dhaka', 'Emergency Contact', 'Relative', '+8801797456667', '3782248825', '114', '84', '101', '86', '79', NOW());
INSERT INTO patients (id, user_id, full_name, date_of_birth, gender, blood_group, contact_number, address, occupation, marital_status, present_address, permanent_address, emergency_contact_name, emergency_contact_relation, emergency_contact_phone, national_id, bp_systolic, bp_diastolic, blood_glucose, heart_rate, weight, vitals_last_updated) VALUES (1083, 1083, 'Farhana Ali', '1971-12-13', 'Female', 'AB+', '+8801751135591', 'House 112, Road 28, Dhanmondi, Dhaka', 'Banker', 'Single', 'House 112, Road 28, Dhanmondi, Dhaka', 'House 112, Road 28, Dhanmondi, Dhaka', 'Emergency Contact', 'Relative', '+8801751135591', '5937102812', '110', '73', '93', '78', '93', NOW());
INSERT INTO patients (id, user_id, full_name, date_of_birth, gender, blood_group, contact_number, address, occupation, marital_status, present_address, permanent_address, emergency_contact_name, emergency_contact_relation, emergency_contact_phone, national_id, bp_systolic, bp_diastolic, blood_glucose, heart_rate, weight, vitals_last_updated) VALUES (1084, 1084, 'Sonia Talukder', '1981-02-24', 'Female', 'O-', '+8801798303081', 'House 113, Road 19, Dhanmondi, Dhaka', 'Doctor', 'Married', 'House 113, Road 19, Dhanmondi, Dhaka', 'House 113, Road 19, Dhanmondi, Dhaka', 'Emergency Contact', 'Relative', '+8801798303081', '1859090744', '117', '73', '143', '64', '95', NOW());
INSERT INTO patients (id, user_id, full_name, date_of_birth, gender, blood_group, contact_number, address, occupation, marital_status, present_address, permanent_address, emergency_contact_name, emergency_contact_relation, emergency_contact_phone, national_id, bp_systolic, bp_diastolic, blood_glucose, heart_rate, weight, vitals_last_updated) VALUES (1085, 1085, 'Sadia Khan', '2005-05-11', 'Female', 'B-', '+8801731121195', 'House 92, Road 14, Dhanmondi, Dhaka', 'Businessman', 'Widowed', 'House 92, Road 14, Dhanmondi, Dhaka', 'House 92, Road 14, Dhanmondi, Dhaka', 'Emergency Contact', 'Relative', '+8801731121195', '8348692012', '122', '72', '98', '88', '82', NOW());
INSERT INTO patients (id, user_id, full_name, date_of_birth, gender, blood_group, contact_number, address, occupation, marital_status, present_address, permanent_address, emergency_contact_name, emergency_contact_relation, emergency_contact_phone, national_id, bp_systolic, bp_diastolic, blood_glucose, heart_rate, weight, vitals_last_updated) VALUES (1086, 1086, 'Tasnim Ali', '1977-10-16', 'Female', 'B+', '+8801756615331', 'House 96, Road 11, Dhanmondi, Dhaka', 'Unemployed', 'Divorced', 'House 96, Road 11, Dhanmondi, Dhaka', 'House 96, Road 11, Dhanmondi, Dhaka', 'Emergency Contact', 'Relative', '+8801756615331', '6110032934', '120', '74', '165', '80', '58', NOW());
INSERT INTO patients (id, user_id, full_name, date_of_birth, gender, blood_group, contact_number, address, occupation, marital_status, present_address, permanent_address, emergency_contact_name, emergency_contact_relation, emergency_contact_phone, national_id, bp_systolic, bp_diastolic, blood_glucose, heart_rate, weight, vitals_last_updated) VALUES (1087, 1087, 'Rokeya Khan', '1986-02-19', 'Female', 'B-', '+8801742804106', 'House 146, Road 22, Dhanmondi, Dhaka', 'Doctor', 'Married', 'House 146, Road 22, Dhanmondi, Dhaka', 'House 146, Road 22, Dhanmondi, Dhaka', 'Emergency Contact', 'Relative', '+8801742804106', '8742016127', '127', '86', '198', '88', '86', NOW());
INSERT INTO patients (id, user_id, full_name, date_of_birth, gender, blood_group, contact_number, address, occupation, marital_status, present_address, permanent_address, emergency_contact_name, emergency_contact_relation, emergency_contact_phone, national_id, bp_systolic, bp_diastolic, blood_glucose, heart_rate, weight, vitals_last_updated) VALUES (1088, 1088, 'Mizan Rahman', '1980-12-25', 'Male', 'A+', '+8801750390737', 'House 14, Road 3, Dhanmondi, Dhaka', 'Farmer', 'Divorced', 'House 14, Road 3, Dhanmondi, Dhaka', 'House 14, Road 3, Dhanmondi, Dhaka', 'Emergency Contact', 'Relative', '+8801750390737', '5471773944', '129', '79', '108', '92', '88', NOW());
INSERT INTO patients (id, user_id, full_name, date_of_birth, gender, blood_group, contact_number, address, occupation, marital_status, present_address, permanent_address, emergency_contact_name, emergency_contact_relation, emergency_contact_phone, national_id, bp_systolic, bp_diastolic, blood_glucose, heart_rate, weight, vitals_last_updated) VALUES (1089, 1089, 'Asif Rahman', '1986-04-26', 'Male', 'A-', '+8801719255362', 'House 56, Road 10, Dhanmondi, Dhaka', 'Government Officer', 'Divorced', 'House 56, Road 10, Dhanmondi, Dhaka', 'House 56, Road 10, Dhanmondi, Dhaka', 'Emergency Contact', 'Relative', '+8801719255362', '6360475411', '130', '78', '91', '84', '78', NOW());
INSERT INTO patients (id, user_id, full_name, date_of_birth, gender, blood_group, contact_number, address, occupation, marital_status, present_address, permanent_address, emergency_contact_name, emergency_contact_relation, emergency_contact_phone, national_id, bp_systolic, bp_diastolic, blood_glucose, heart_rate, weight, vitals_last_updated) VALUES (1090, 1090, 'Taniya Chowdhury', '1970-05-18', 'Female', 'O-', '+8801780959909', 'House 104, Road 18, Dhanmondi, Dhaka', 'Student', 'Single', 'House 104, Road 18, Dhanmondi, Dhaka', 'House 104, Road 18, Dhanmondi, Dhaka', 'Emergency Contact', 'Relative', '+8801780959909', '4665702179', '119', '73', '103', '63', '58', NOW());
INSERT INTO patients (id, user_id, full_name, date_of_birth, gender, blood_group, contact_number, address, occupation, marital_status, present_address, permanent_address, emergency_contact_name, emergency_contact_relation, emergency_contact_phone, national_id, bp_systolic, bp_diastolic, blood_glucose, heart_rate, weight, vitals_last_updated) VALUES (1091, 1091, 'Keya Ali', '1979-12-26', 'Female', 'AB-', '+8801777749186', 'House 113, Road 28, Dhanmondi, Dhaka', 'Businessman', 'Widowed', 'House 113, Road 28, Dhanmondi, Dhaka', 'House 113, Road 28, Dhanmondi, Dhaka', 'Emergency Contact', 'Relative', '+8801777749186', '6330272231', '114', '81', '105', '85', '59', NOW());
INSERT INTO patients (id, user_id, full_name, date_of_birth, gender, blood_group, contact_number, address, occupation, marital_status, present_address, permanent_address, emergency_contact_name, emergency_contact_relation, emergency_contact_phone, national_id, bp_systolic, bp_diastolic, blood_glucose, heart_rate, weight, vitals_last_updated) VALUES (1092, 1092, 'Laila Rahman', '1978-04-09', 'Female', 'A+', '+8801743778109', 'House 17, Road 29, Dhanmondi, Dhaka', 'Software Engineer', 'Divorced', 'House 17, Road 29, Dhanmondi, Dhaka', 'House 17, Road 29, Dhanmondi, Dhaka', 'Emergency Contact', 'Relative', '+8801743778109', '6572677436', '126', '79', '185', '82', '55', NOW());
INSERT INTO patients (id, user_id, full_name, date_of_birth, gender, blood_group, contact_number, address, occupation, marital_status, present_address, permanent_address, emergency_contact_name, emergency_contact_relation, emergency_contact_phone, national_id, bp_systolic, bp_diastolic, blood_glucose, heart_rate, weight, vitals_last_updated) VALUES (1093, 1093, 'Nigar Siddique', '1965-01-20', 'Female', 'A-', '+8801712769270', 'House 47, Road 23, Dhanmondi, Dhaka', 'Housewife', 'Married', 'House 47, Road 23, Dhanmondi, Dhaka', 'House 47, Road 23, Dhanmondi, Dhaka', 'Emergency Contact', 'Relative', '+8801712769270', '8386273585', '110', '89', '122', '88', '75', NOW());
INSERT INTO patients (id, user_id, full_name, date_of_birth, gender, blood_group, contact_number, address, occupation, marital_status, present_address, permanent_address, emergency_contact_name, emergency_contact_relation, emergency_contact_phone, national_id, bp_systolic, bp_diastolic, blood_glucose, heart_rate, weight, vitals_last_updated) VALUES (1094, 1094, 'Sabbir Siddique', '1981-04-20', 'Male', 'B+', '+8801727650196', 'House 72, Road 12, Dhanmondi, Dhaka', 'Businessman', 'Single', 'House 72, Road 12, Dhanmondi, Dhaka', 'House 72, Road 12, Dhanmondi, Dhaka', 'Emergency Contact', 'Relative', '+8801727650196', '4789469672', '137', '75', '154', '95', '64', NOW());
INSERT INTO patients (id, user_id, full_name, date_of_birth, gender, blood_group, contact_number, address, occupation, marital_status, present_address, permanent_address, emergency_contact_name, emergency_contact_relation, emergency_contact_phone, national_id, bp_systolic, bp_diastolic, blood_glucose, heart_rate, weight, vitals_last_updated) VALUES (1095, 1095, 'Iqra Akter', '1973-11-17', 'Female', 'O+', '+8801731109603', 'House 36, Road 26, Dhanmondi, Dhaka', 'Farmer', 'Married', 'House 36, Road 26, Dhanmondi, Dhaka', 'House 36, Road 26, Dhanmondi, Dhaka', 'Emergency Contact', 'Relative', '+8801731109603', '3531402856', '115', '85', '164', '93', '50', NOW());
INSERT INTO patients (id, user_id, full_name, date_of_birth, gender, blood_group, contact_number, address, occupation, marital_status, present_address, permanent_address, emergency_contact_name, emergency_contact_relation, emergency_contact_phone, national_id, bp_systolic, bp_diastolic, blood_glucose, heart_rate, weight, vitals_last_updated) VALUES (1096, 1096, 'Poly Chowdhury', '1974-01-02', 'Female', 'O+', '+8801724458446', 'House 115, Road 29, Dhanmondi, Dhaka', 'Doctor', 'Widowed', 'House 115, Road 29, Dhanmondi, Dhaka', 'House 115, Road 29, Dhanmondi, Dhaka', 'Emergency Contact', 'Relative', '+8801724458446', '2625676259', '131', '86', '161', '62', '55', NOW());
INSERT INTO patients (id, user_id, full_name, date_of_birth, gender, blood_group, contact_number, address, occupation, marital_status, present_address, permanent_address, emergency_contact_name, emergency_contact_relation, emergency_contact_phone, national_id, bp_systolic, bp_diastolic, blood_glucose, heart_rate, weight, vitals_last_updated) VALUES (1097, 1097, 'Sultana Uddin', '1996-11-02', 'Female', 'O-', '+8801758408504', 'House 9, Road 21, Dhanmondi, Dhaka', 'Software Engineer', 'Widowed', 'House 9, Road 21, Dhanmondi, Dhaka', 'House 9, Road 21, Dhanmondi, Dhaka', 'Emergency Contact', 'Relative', '+8801758408504', '5735487355', '118', '73', '90', '61', '77', NOW());
INSERT INTO patients (id, user_id, full_name, date_of_birth, gender, blood_group, contact_number, address, occupation, marital_status, present_address, permanent_address, emergency_contact_name, emergency_contact_relation, emergency_contact_phone, national_id, bp_systolic, bp_diastolic, blood_glucose, heart_rate, weight, vitals_last_updated) VALUES (1098, 1098, 'Mizan Begum', '1984-09-05', 'Male', 'O+', '+8801765806900', 'House 68, Road 30, Dhanmondi, Dhaka', 'Student', 'Widowed', 'House 68, Road 30, Dhanmondi, Dhaka', 'House 68, Road 30, Dhanmondi, Dhaka', 'Emergency Contact', 'Relative', '+8801765806900', '7243154036', '139', '81', '180', '98', '67', NOW());
INSERT INTO patients (id, user_id, full_name, date_of_birth, gender, blood_group, contact_number, address, occupation, marital_status, present_address, permanent_address, emergency_contact_name, emergency_contact_relation, emergency_contact_phone, national_id, bp_systolic, bp_diastolic, blood_glucose, heart_rate, weight, vitals_last_updated) VALUES (1099, 1099, 'Sumon Uddin', '1991-05-16', 'Male', 'AB+', '+8801798210689', 'House 101, Road 14, Dhanmondi, Dhaka', 'Farmer', 'Divorced', 'House 101, Road 14, Dhanmondi, Dhaka', 'House 101, Road 14, Dhanmondi, Dhaka', 'Emergency Contact', 'Relative', '+8801798210689', '2441513092', '131', '75', '164', '77', '86', NOW());
INSERT INTO patients (id, user_id, full_name, date_of_birth, gender, blood_group, contact_number, address, occupation, marital_status, present_address, permanent_address, emergency_contact_name, emergency_contact_relation, emergency_contact_phone, national_id, bp_systolic, bp_diastolic, blood_glucose, heart_rate, weight, vitals_last_updated) VALUES (1100, 1100, 'Dr. Tariq Ali', '1977-01-16', 'Male', 'B-', '+8801789809710', 'House 6, Road 28, Dhanmondi, Dhaka', 'Doctor', 'Single', 'House 6, Road 28, Dhanmondi, Dhaka', 'House 6, Road 28, Dhanmondi, Dhaka', 'Emergency Contact', 'Relative', '+8801789809710', '3865457177', '123', '87', '118', '89', '72', NOW());
INSERT INTO patients (id, user_id, full_name, date_of_birth, gender, blood_group, contact_number, address, occupation, marital_status, present_address, permanent_address, emergency_contact_name, emergency_contact_relation, emergency_contact_phone, national_id, bp_systolic, bp_diastolic, blood_glucose, heart_rate, weight, vitals_last_updated) VALUES (1101, 1101, 'Dr. Simin Siddique', '1969-08-14', 'Female', 'A-', '+8801777885678', 'House 50, Road 2, Dhanmondi, Dhaka', 'Doctor', 'Single', 'House 50, Road 2, Dhanmondi, Dhaka', 'House 50, Road 2, Dhanmondi, Dhaka', 'Emergency Contact', 'Relative', '+8801777885678', '3938901231', '118', '89', '121', '66', '65', NOW());
INSERT INTO patients (id, user_id, full_name, date_of_birth, gender, blood_group, contact_number, address, occupation, marital_status, present_address, permanent_address, emergency_contact_name, emergency_contact_relation, emergency_contact_phone, national_id, bp_systolic, bp_diastolic, blood_glucose, heart_rate, weight, vitals_last_updated) VALUES (1102, 1102, 'Dr. Keya Rahman', '1998-08-13', 'Female', 'B-', '+8801777658473', 'House 121, Road 10, Dhanmondi, Dhaka', 'Doctor', 'Widowed', 'House 121, Road 10, Dhanmondi, Dhaka', 'House 121, Road 10, Dhanmondi, Dhaka', 'Emergency Contact', 'Relative', '+8801777658473', '1397306354', '117', '78', '136', '66', '66', NOW());
INSERT INTO patients (id, user_id, full_name, date_of_birth, gender, blood_group, contact_number, address, occupation, marital_status, present_address, permanent_address, emergency_contact_name, emergency_contact_relation, emergency_contact_phone, national_id, bp_systolic, bp_diastolic, blood_glucose, heart_rate, weight, vitals_last_updated) VALUES (1103, 1103, 'Dr. Rahim Akter', '1979-12-03', 'Male', 'B-', '+8801776446681', 'House 58, Road 16, Dhanmondi, Dhaka', 'Doctor', 'Widowed', 'House 58, Road 16, Dhanmondi, Dhaka', 'House 58, Road 16, Dhanmondi, Dhaka', 'Emergency Contact', 'Relative', '+8801776446681', '4926593800', '124', '70', '189', '83', '87', NOW());
INSERT INTO patients (id, user_id, full_name, date_of_birth, gender, blood_group, contact_number, address, occupation, marital_status, present_address, permanent_address, emergency_contact_name, emergency_contact_relation, emergency_contact_phone, national_id, bp_systolic, bp_diastolic, blood_glucose, heart_rate, weight, vitals_last_updated) VALUES (1104, 1104, 'Dr. Selim Hasan', '1978-09-09', 'Male', 'A+', '+8801771904061', 'House 83, Road 22, Dhanmondi, Dhaka', 'Doctor', 'Married', 'House 83, Road 22, Dhanmondi, Dhaka', 'House 83, Road 22, Dhanmondi, Dhaka', 'Emergency Contact', 'Relative', '+8801771904061', '1926846820', '137', '72', '97', '64', '84', NOW());
INSERT INTO patients (id, user_id, full_name, date_of_birth, gender, blood_group, contact_number, address, occupation, marital_status, present_address, permanent_address, emergency_contact_name, emergency_contact_relation, emergency_contact_phone, national_id, bp_systolic, bp_diastolic, blood_glucose, heart_rate, weight, vitals_last_updated) VALUES (1105, 1105, 'Dr. Biplob Uddin', '2005-12-15', 'Male', 'B-', '+8801711155735', 'House 18, Road 30, Dhanmondi, Dhaka', 'Doctor', 'Widowed', 'House 18, Road 30, Dhanmondi, Dhaka', 'House 18, Road 30, Dhanmondi, Dhaka', 'Emergency Contact', 'Relative', '+8801711155735', '1412042556', '118', '79', '116', '66', '78', NOW());
INSERT INTO patients (id, user_id, full_name, date_of_birth, gender, blood_group, contact_number, address, occupation, marital_status, present_address, permanent_address, emergency_contact_name, emergency_contact_relation, emergency_contact_phone, national_id, bp_systolic, bp_diastolic, blood_glucose, heart_rate, weight, vitals_last_updated) VALUES (1106, 1106, 'Dr. Asif Ali', '1972-01-14', 'Male', 'A+', '+8801744367317', 'House 89, Road 7, Dhanmondi, Dhaka', 'Doctor', 'Widowed', 'House 89, Road 7, Dhanmondi, Dhaka', 'House 89, Road 7, Dhanmondi, Dhaka', 'Emergency Contact', 'Relative', '+8801744367317', '3305341287', '123', '77', '138', '96', '89', NOW());
INSERT INTO patients (id, user_id, full_name, date_of_birth, gender, blood_group, contact_number, address, occupation, marital_status, present_address, permanent_address, emergency_contact_name, emergency_contact_relation, emergency_contact_phone, national_id, bp_systolic, bp_diastolic, blood_glucose, heart_rate, weight, vitals_last_updated) VALUES (1107, 1107, 'Dr. Tarek Hasan', '1964-07-15', 'Male', 'A+', '+8801761027774', 'House 117, Road 22, Dhanmondi, Dhaka', 'Doctor', 'Divorced', 'House 117, Road 22, Dhanmondi, Dhaka', 'House 117, Road 22, Dhanmondi, Dhaka', 'Emergency Contact', 'Relative', '+8801761027774', '6870063561', '132', '78', '143', '61', '52', NOW());
INSERT INTO patients (id, user_id, full_name, date_of_birth, gender, blood_group, contact_number, address, occupation, marital_status, present_address, permanent_address, emergency_contact_name, emergency_contact_relation, emergency_contact_phone, national_id, bp_systolic, bp_diastolic, blood_glucose, heart_rate, weight, vitals_last_updated) VALUES (1108, 1108, 'Dr. Rafiq Siddique', '1994-03-24', 'Male', 'B+', '+8801772282839', 'House 144, Road 22, Dhanmondi, Dhaka', 'Doctor', 'Married', 'House 144, Road 22, Dhanmondi, Dhaka', 'House 144, Road 22, Dhanmondi, Dhaka', 'Emergency Contact', 'Relative', '+8801772282839', '3000155515', '133', '74', '197', '97', '77', NOW());
INSERT INTO patients (id, user_id, full_name, date_of_birth, gender, blood_group, contact_number, address, occupation, marital_status, present_address, permanent_address, emergency_contact_name, emergency_contact_relation, emergency_contact_phone, national_id, bp_systolic, bp_diastolic, blood_glucose, heart_rate, weight, vitals_last_updated) VALUES (1109, 1109, 'Dr. Rafiq Siddique', '1990-09-17', 'Male', 'B-', '+8801723485898', 'House 40, Road 7, Dhanmondi, Dhaka', 'Doctor', 'Married', 'House 40, Road 7, Dhanmondi, Dhaka', 'House 40, Road 7, Dhanmondi, Dhaka', 'Emergency Contact', 'Relative', '+8801723485898', '4977803561', '118', '70', '154', '60', '71', NOW());
INSERT INTO patients (id, user_id, full_name, date_of_birth, gender, blood_group, contact_number, address, occupation, marital_status, present_address, permanent_address, emergency_contact_name, emergency_contact_relation, emergency_contact_phone, national_id, bp_systolic, bp_diastolic, blood_glucose, heart_rate, weight, vitals_last_updated) VALUES (1110, 1110, 'Dr. Nusrat Begum', '1999-03-27', 'Female', 'AB+', '+8801753485248', 'House 34, Road 1, Dhanmondi, Dhaka', 'Doctor', 'Single', 'House 34, Road 1, Dhanmondi, Dhaka', 'House 34, Road 1, Dhanmondi, Dhaka', 'Emergency Contact', 'Relative', '+8801753485248', '7981400729', '119', '80', '174', '99', '91', NOW());
INSERT INTO patients (id, user_id, full_name, date_of_birth, gender, blood_group, contact_number, address, occupation, marital_status, present_address, permanent_address, emergency_contact_name, emergency_contact_relation, emergency_contact_phone, national_id, bp_systolic, bp_diastolic, blood_glucose, heart_rate, weight, vitals_last_updated) VALUES (1111, 1111, 'Dr. Begum Ahmed', '1973-12-08', 'Female', 'AB-', '+8801773910611', 'House 76, Road 26, Dhanmondi, Dhaka', 'Doctor', 'Single', 'House 76, Road 26, Dhanmondi, Dhaka', 'House 76, Road 26, Dhanmondi, Dhaka', 'Emergency Contact', 'Relative', '+8801773910611', '0736484275', '123', '81', '91', '82', '56', NOW());
INSERT INTO patients (id, user_id, full_name, date_of_birth, gender, blood_group, contact_number, address, occupation, marital_status, present_address, permanent_address, emergency_contact_name, emergency_contact_relation, emergency_contact_phone, national_id, bp_systolic, bp_diastolic, blood_glucose, heart_rate, weight, vitals_last_updated) VALUES (1112, 1112, 'Dr. Zahid Chowdhury', '1996-05-20', 'Male', 'AB-', '+8801754246591', 'House 36, Road 16, Dhanmondi, Dhaka', 'Doctor', 'Single', 'House 36, Road 16, Dhanmondi, Dhaka', 'House 36, Road 16, Dhanmondi, Dhaka', 'Emergency Contact', 'Relative', '+8801754246591', '0170902795', '137', '90', '121', '82', '87', NOW());
INSERT INTO patients (id, user_id, full_name, date_of_birth, gender, blood_group, contact_number, address, occupation, marital_status, present_address, permanent_address, emergency_contact_name, emergency_contact_relation, emergency_contact_phone, national_id, bp_systolic, bp_diastolic, blood_glucose, heart_rate, weight, vitals_last_updated) VALUES (1113, 1113, 'Dr. Parveen Chowdhury', '1963-12-18', 'Female', 'A-', '+8801776924303', 'House 105, Road 28, Dhanmondi, Dhaka', 'Doctor', 'Widowed', 'House 105, Road 28, Dhanmondi, Dhaka', 'House 105, Road 28, Dhanmondi, Dhaka', 'Emergency Contact', 'Relative', '+8801776924303', '8806128332', '126', '82', '180', '64', '95', NOW());
INSERT INTO patients (id, user_id, full_name, date_of_birth, gender, blood_group, contact_number, address, occupation, marital_status, present_address, permanent_address, emergency_contact_name, emergency_contact_relation, emergency_contact_phone, national_id, bp_systolic, bp_diastolic, blood_glucose, heart_rate, weight, vitals_last_updated) VALUES (1114, 1114, 'Dr. Shakib Khan', '1962-01-08', 'Male', 'A+', '+8801724635835', 'House 150, Road 3, Dhanmondi, Dhaka', 'Doctor', 'Married', 'House 150, Road 3, Dhanmondi, Dhaka', 'House 150, Road 3, Dhanmondi, Dhaka', 'Emergency Contact', 'Relative', '+8801724635835', '1579468300', '136', '79', '161', '72', '74', NOW());
INSERT INTO patients (id, user_id, full_name, date_of_birth, gender, blood_group, contact_number, address, occupation, marital_status, present_address, permanent_address, emergency_contact_name, emergency_contact_relation, emergency_contact_phone, national_id, bp_systolic, bp_diastolic, blood_glucose, heart_rate, weight, vitals_last_updated) VALUES (1115, 1115, 'Dr. Poly Talukder', '1976-09-26', 'Female', 'B-', '+8801790842891', 'House 65, Road 26, Dhanmondi, Dhaka', 'Doctor', 'Divorced', 'House 65, Road 26, Dhanmondi, Dhaka', 'House 65, Road 26, Dhanmondi, Dhaka', 'Emergency Contact', 'Relative', '+8801790842891', '8795374684', '126', '78', '163', '69', '90', NOW());
INSERT INTO patients (id, user_id, full_name, date_of_birth, gender, blood_group, contact_number, address, occupation, marital_status, present_address, permanent_address, emergency_contact_name, emergency_contact_relation, emergency_contact_phone, national_id, bp_systolic, bp_diastolic, blood_glucose, heart_rate, weight, vitals_last_updated) VALUES (1116, 1116, 'Dr. Khadija Begum', '1969-05-04', 'Female', 'O+', '+8801735871762', 'House 35, Road 8, Dhanmondi, Dhaka', 'Doctor', 'Widowed', 'House 35, Road 8, Dhanmondi, Dhaka', 'House 35, Road 8, Dhanmondi, Dhaka', 'Emergency Contact', 'Relative', '+8801735871762', '1757233218', '139', '81', '172', '83', '59', NOW());
INSERT INTO patients (id, user_id, full_name, date_of_birth, gender, blood_group, contact_number, address, occupation, marital_status, present_address, permanent_address, emergency_contact_name, emergency_contact_relation, emergency_contact_phone, national_id, bp_systolic, bp_diastolic, blood_glucose, heart_rate, weight, vitals_last_updated) VALUES (1117, 1117, 'Dr. Sadia Siddique', '1961-06-07', 'Female', 'O-', '+8801778996040', 'House 29, Road 6, Dhanmondi, Dhaka', 'Doctor', 'Widowed', 'House 29, Road 6, Dhanmondi, Dhaka', 'House 29, Road 6, Dhanmondi, Dhaka', 'Emergency Contact', 'Relative', '+8801778996040', '9786281363', '140', '74', '176', '64', '56', NOW());
INSERT INTO patients (id, user_id, full_name, date_of_birth, gender, blood_group, contact_number, address, occupation, marital_status, present_address, permanent_address, emergency_contact_name, emergency_contact_relation, emergency_contact_phone, national_id, bp_systolic, bp_diastolic, blood_glucose, heart_rate, weight, vitals_last_updated) VALUES (1118, 1118, 'Dr. Sana Ahmed', '1997-07-14', 'Female', 'AB-', '+8801735196211', 'House 59, Road 28, Dhanmondi, Dhaka', 'Doctor', 'Divorced', 'House 59, Road 28, Dhanmondi, Dhaka', 'House 59, Road 28, Dhanmondi, Dhaka', 'Emergency Contact', 'Relative', '+8801735196211', '5210135002', '132', '70', '120', '98', '78', NOW());
INSERT INTO patients (id, user_id, full_name, date_of_birth, gender, blood_group, contact_number, address, occupation, marital_status, present_address, permanent_address, emergency_contact_name, emergency_contact_relation, emergency_contact_phone, national_id, bp_systolic, bp_diastolic, blood_glucose, heart_rate, weight, vitals_last_updated) VALUES (1119, 1119, 'Dr. Lipi Begum', '2004-04-13', 'Female', 'A+', '+8801712693135', 'House 125, Road 27, Dhanmondi, Dhaka', 'Doctor', 'Widowed', 'House 125, Road 27, Dhanmondi, Dhaka', 'House 125, Road 27, Dhanmondi, Dhaka', 'Emergency Contact', 'Relative', '+8801712693135', '4878814281', '126', '79', '166', '98', '58', NOW());
INSERT INTO patients (id, user_id, full_name, date_of_birth, gender, blood_group, contact_number, address, occupation, marital_status, present_address, permanent_address, emergency_contact_name, emergency_contact_relation, emergency_contact_phone, national_id, bp_systolic, bp_diastolic, blood_glucose, heart_rate, weight, vitals_last_updated) VALUES (1120, 1120, 'Dr. Rana Talukder', '2000-11-15', 'Male', 'A+', '+8801742401585', 'House 24, Road 3, Dhanmondi, Dhaka', 'Doctor', 'Married', 'House 24, Road 3, Dhanmondi, Dhaka', 'House 24, Road 3, Dhanmondi, Dhaka', 'Emergency Contact', 'Relative', '+8801742401585', '5240895941', '136', '74', '115', '81', '57', NOW());
INSERT INTO patients (id, user_id, full_name, date_of_birth, gender, blood_group, contact_number, address, occupation, marital_status, present_address, permanent_address, emergency_contact_name, emergency_contact_relation, emergency_contact_phone, national_id, bp_systolic, bp_diastolic, blood_glucose, heart_rate, weight, vitals_last_updated) VALUES (1121, 1121, 'Dr. Sultana Siddique', '1991-05-19', 'Female', 'AB+', '+8801741000461', 'House 110, Road 22, Dhanmondi, Dhaka', 'Doctor', 'Divorced', 'House 110, Road 22, Dhanmondi, Dhaka', 'House 110, Road 22, Dhanmondi, Dhaka', 'Emergency Contact', 'Relative', '+8801741000461', '0571834891', '114', '82', '153', '76', '69', NOW());
INSERT INTO patients (id, user_id, full_name, date_of_birth, gender, blood_group, contact_number, address, occupation, marital_status, present_address, permanent_address, emergency_contact_name, emergency_contact_relation, emergency_contact_phone, national_id, bp_systolic, bp_diastolic, blood_glucose, heart_rate, weight, vitals_last_updated) VALUES (1122, 1122, 'Dr. Jabbar Akter', '1991-02-14', 'Male', 'AB+', '+8801766369417', 'House 36, Road 15, Dhanmondi, Dhaka', 'Doctor', 'Widowed', 'House 36, Road 15, Dhanmondi, Dhaka', 'House 36, Road 15, Dhanmondi, Dhaka', 'Emergency Contact', 'Relative', '+8801766369417', '7849329635', '135', '77', '132', '76', '86', NOW());
INSERT INTO patients (id, user_id, full_name, date_of_birth, gender, blood_group, contact_number, address, occupation, marital_status, present_address, permanent_address, emergency_contact_name, emergency_contact_relation, emergency_contact_phone, national_id, bp_systolic, bp_diastolic, blood_glucose, heart_rate, weight, vitals_last_updated) VALUES (1123, 1123, 'Dr. Rashed Siddique', '1983-09-06', 'Male', 'A-', '+8801793454069', 'House 33, Road 26, Dhanmondi, Dhaka', 'Doctor', 'Divorced', 'House 33, Road 26, Dhanmondi, Dhaka', 'House 33, Road 26, Dhanmondi, Dhaka', 'Emergency Contact', 'Relative', '+8801793454069', '6188453312', '139', '76', '146', '85', '86', NOW());
INSERT INTO patients (id, user_id, full_name, date_of_birth, gender, blood_group, contact_number, address, occupation, marital_status, present_address, permanent_address, emergency_contact_name, emergency_contact_relation, emergency_contact_phone, national_id, bp_systolic, bp_diastolic, blood_glucose, heart_rate, weight, vitals_last_updated) VALUES (1124, 1124, 'Dr. Mahbub Ali', '1979-08-28', 'Male', 'B+', '+8801712424929', 'House 146, Road 22, Dhanmondi, Dhaka', 'Doctor', 'Married', 'House 146, Road 22, Dhanmondi, Dhaka', 'House 146, Road 22, Dhanmondi, Dhaka', 'Emergency Contact', 'Relative', '+8801712424929', '1913429055', '117', '78', '154', '83', '78', NOW());
INSERT INTO patients (id, user_id, full_name, date_of_birth, gender, blood_group, contact_number, address, occupation, marital_status, present_address, permanent_address, emergency_contact_name, emergency_contact_relation, emergency_contact_phone, national_id, bp_systolic, bp_diastolic, blood_glucose, heart_rate, weight, vitals_last_updated) VALUES (1125, 1125, 'Dr. Mahbub Akter', '1973-05-12', 'Male', 'O+', '+8801787750000', 'House 2, Road 10, Dhanmondi, Dhaka', 'Doctor', 'Divorced', 'House 2, Road 10, Dhanmondi, Dhaka', 'House 2, Road 10, Dhanmondi, Dhaka', 'Emergency Contact', 'Relative', '+8801787750000', '9818886475', '138', '88', '197', '79', '84', NOW());
INSERT INTO patients (id, user_id, full_name, date_of_birth, gender, blood_group, contact_number, address, occupation, marital_status, present_address, permanent_address, emergency_contact_name, emergency_contact_relation, emergency_contact_phone, national_id, bp_systolic, bp_diastolic, blood_glucose, heart_rate, weight, vitals_last_updated) VALUES (1126, 1126, 'Dr. Faruq Begum', '1989-02-20', 'Male', 'A-', '+8801794154170', 'House 147, Road 10, Dhanmondi, Dhaka', 'Doctor', 'Widowed', 'House 147, Road 10, Dhanmondi, Dhaka', 'House 147, Road 10, Dhanmondi, Dhaka', 'Emergency Contact', 'Relative', '+8801794154170', '9608116105', '128', '86', '182', '62', '91', NOW());
INSERT INTO patients (id, user_id, full_name, date_of_birth, gender, blood_group, contact_number, address, occupation, marital_status, present_address, permanent_address, emergency_contact_name, emergency_contact_relation, emergency_contact_phone, national_id, bp_systolic, bp_diastolic, blood_glucose, heart_rate, weight, vitals_last_updated) VALUES (1127, 1127, 'Dr. Lipi Chowdhury', '1970-07-06', 'Female', 'A-', '+8801714364763', 'House 75, Road 28, Dhanmondi, Dhaka', 'Doctor', 'Single', 'House 75, Road 28, Dhanmondi, Dhaka', 'House 75, Road 28, Dhanmondi, Dhaka', 'Emergency Contact', 'Relative', '+8801714364763', '1710467436', '122', '85', '91', '68', '62', NOW());
INSERT INTO patients (id, user_id, full_name, date_of_birth, gender, blood_group, contact_number, address, occupation, marital_status, present_address, permanent_address, emergency_contact_name, emergency_contact_relation, emergency_contact_phone, national_id, bp_systolic, bp_diastolic, blood_glucose, heart_rate, weight, vitals_last_updated) VALUES (1128, 1128, 'Dr. Shahanaz Siddique', '1971-05-15', 'Female', 'AB-', '+8801732799954', 'House 16, Road 16, Dhanmondi, Dhaka', 'Doctor', 'Married', 'House 16, Road 16, Dhanmondi, Dhaka', 'House 16, Road 16, Dhanmondi, Dhaka', 'Emergency Contact', 'Relative', '+8801732799954', '5090843589', '111', '78', '125', '82', '82', NOW());
INSERT INTO patients (id, user_id, full_name, date_of_birth, gender, blood_group, contact_number, address, occupation, marital_status, present_address, permanent_address, emergency_contact_name, emergency_contact_relation, emergency_contact_phone, national_id, bp_systolic, bp_diastolic, blood_glucose, heart_rate, weight, vitals_last_updated) VALUES (1129, 1129, 'Dr. Lubna Akter', '2001-04-11', 'Female', 'A+', '+8801776248306', 'House 26, Road 15, Dhanmondi, Dhaka', 'Doctor', 'Divorced', 'House 26, Road 15, Dhanmondi, Dhaka', 'House 26, Road 15, Dhanmondi, Dhaka', 'Emergency Contact', 'Relative', '+8801776248306', '1818667991', '119', '90', '194', '63', '92', NOW());
INSERT INTO patients (id, user_id, full_name, date_of_birth, gender, blood_group, contact_number, address, occupation, marital_status, present_address, permanent_address, emergency_contact_name, emergency_contact_relation, emergency_contact_phone, national_id, bp_systolic, bp_diastolic, blood_glucose, heart_rate, weight, vitals_last_updated) VALUES (1130, 1130, 'Dr. Begum Begum', '1964-10-16', 'Female', 'AB+', '+8801783202237', 'House 45, Road 28, Dhanmondi, Dhaka', 'Doctor', 'Married', 'House 45, Road 28, Dhanmondi, Dhaka', 'House 45, Road 28, Dhanmondi, Dhaka', 'Emergency Contact', 'Relative', '+8801783202237', '3457711424', '123', '75', '83', '96', '77', NOW());
INSERT INTO patients (id, user_id, full_name, date_of_birth, gender, blood_group, contact_number, address, occupation, marital_status, present_address, permanent_address, emergency_contact_name, emergency_contact_relation, emergency_contact_phone, national_id, bp_systolic, bp_diastolic, blood_glucose, heart_rate, weight, vitals_last_updated) VALUES (1131, 1131, 'Dr. Samia Uddin', '1988-11-21', 'Female', 'A+', '+8801752115458', 'House 111, Road 1, Dhanmondi, Dhaka', 'Doctor', 'Single', 'House 111, Road 1, Dhanmondi, Dhaka', 'House 111, Road 1, Dhanmondi, Dhaka', 'Emergency Contact', 'Relative', '+8801752115458', '9180573487', '138', '76', '107', '61', '51', NOW());
INSERT INTO patients (id, user_id, full_name, date_of_birth, gender, blood_group, contact_number, address, occupation, marital_status, present_address, permanent_address, emergency_contact_name, emergency_contact_relation, emergency_contact_phone, national_id, bp_systolic, bp_diastolic, blood_glucose, heart_rate, weight, vitals_last_updated) VALUES (1132, 1132, 'Dr. Shilpi Siddique', '2005-04-09', 'Female', 'B-', '+8801728394075', 'House 102, Road 27, Dhanmondi, Dhaka', 'Doctor', 'Married', 'House 102, Road 27, Dhanmondi, Dhaka', 'House 102, Road 27, Dhanmondi, Dhaka', 'Emergency Contact', 'Relative', '+8801728394075', '2258389480', '134', '81', '99', '60', '72', NOW());
INSERT INTO patients (id, user_id, full_name, date_of_birth, gender, blood_group, contact_number, address, occupation, marital_status, present_address, permanent_address, emergency_contact_name, emergency_contact_relation, emergency_contact_phone, national_id, bp_systolic, bp_diastolic, blood_glucose, heart_rate, weight, vitals_last_updated) VALUES (1133, 1133, 'Dr. Rony Ali', '1990-04-18', 'Male', 'O-', '+8801784630115', 'House 132, Road 10, Dhanmondi, Dhaka', 'Doctor', 'Single', 'House 132, Road 10, Dhanmondi, Dhaka', 'House 132, Road 10, Dhanmondi, Dhaka', 'Emergency Contact', 'Relative', '+8801784630115', '0379803331', '119', '85', '92', '92', '81', NOW());
INSERT INTO patients (id, user_id, full_name, date_of_birth, gender, blood_group, contact_number, address, occupation, marital_status, present_address, permanent_address, emergency_contact_name, emergency_contact_relation, emergency_contact_phone, national_id, bp_systolic, bp_diastolic, blood_glucose, heart_rate, weight, vitals_last_updated) VALUES (1134, 1134, 'Dr. Zarin Ali', '1998-11-01', 'Female', 'B+', '+8801744655841', 'House 58, Road 4, Dhanmondi, Dhaka', 'Doctor', 'Single', 'House 58, Road 4, Dhanmondi, Dhaka', 'House 58, Road 4, Dhanmondi, Dhaka', 'Emergency Contact', 'Relative', '+8801744655841', '8711662277', '123', '77', '153', '82', '67', NOW());
INSERT INTO patients (id, user_id, full_name, date_of_birth, gender, blood_group, contact_number, address, occupation, marital_status, present_address, permanent_address, emergency_contact_name, emergency_contact_relation, emergency_contact_phone, national_id, bp_systolic, bp_diastolic, blood_glucose, heart_rate, weight, vitals_last_updated) VALUES (1135, 1135, 'Dr. Sani Ahmed', '1979-12-21', 'Male', 'B+', '+8801766261473', 'House 31, Road 19, Dhanmondi, Dhaka', 'Doctor', 'Single', 'House 31, Road 19, Dhanmondi, Dhaka', 'House 31, Road 19, Dhanmondi, Dhaka', 'Emergency Contact', 'Relative', '+8801766261473', '4809716169', '122', '80', '80', '66', '52', NOW());
INSERT INTO patients (id, user_id, full_name, date_of_birth, gender, blood_group, contact_number, address, occupation, marital_status, present_address, permanent_address, emergency_contact_name, emergency_contact_relation, emergency_contact_phone, national_id, bp_systolic, bp_diastolic, blood_glucose, heart_rate, weight, vitals_last_updated) VALUES (1136, 1136, 'Dr. Fatema Ahmed', '1985-05-14', 'Female', 'A-', '+8801797039231', 'House 39, Road 4, Dhanmondi, Dhaka', 'Doctor', 'Divorced', 'House 39, Road 4, Dhanmondi, Dhaka', 'House 39, Road 4, Dhanmondi, Dhaka', 'Emergency Contact', 'Relative', '+8801797039231', '7539540315', '128', '76', '156', '87', '86', NOW());
INSERT INTO patients (id, user_id, full_name, date_of_birth, gender, blood_group, contact_number, address, occupation, marital_status, present_address, permanent_address, emergency_contact_name, emergency_contact_relation, emergency_contact_phone, national_id, bp_systolic, bp_diastolic, blood_glucose, heart_rate, weight, vitals_last_updated) VALUES (1137, 1137, 'Dr. Rafiq Hasan', '2004-03-17', 'Male', 'B+', '+8801725205950', 'House 80, Road 11, Dhanmondi, Dhaka', 'Doctor', 'Divorced', 'House 80, Road 11, Dhanmondi, Dhaka', 'House 80, Road 11, Dhanmondi, Dhaka', 'Emergency Contact', 'Relative', '+8801725205950', '8557526130', '137', '81', '182', '69', '63', NOW());
INSERT INTO patients (id, user_id, full_name, date_of_birth, gender, blood_group, contact_number, address, occupation, marital_status, present_address, permanent_address, emergency_contact_name, emergency_contact_relation, emergency_contact_phone, national_id, bp_systolic, bp_diastolic, blood_glucose, heart_rate, weight, vitals_last_updated) VALUES (1138, 1138, 'Dr. Rashed Begum', '1986-06-21', 'Male', 'O+', '+8801796111499', 'House 32, Road 15, Dhanmondi, Dhaka', 'Doctor', 'Single', 'House 32, Road 15, Dhanmondi, Dhaka', 'House 32, Road 15, Dhanmondi, Dhaka', 'Emergency Contact', 'Relative', '+8801796111499', '4928668407', '130', '75', '173', '94', '85', NOW());
INSERT INTO patients (id, user_id, full_name, date_of_birth, gender, blood_group, contact_number, address, occupation, marital_status, present_address, permanent_address, emergency_contact_name, emergency_contact_relation, emergency_contact_phone, national_id, bp_systolic, bp_diastolic, blood_glucose, heart_rate, weight, vitals_last_updated) VALUES (1139, 1139, 'Dr. Rahim Chowdhury', '1974-11-25', 'Male', 'A-', '+8801768973764', 'House 93, Road 9, Dhanmondi, Dhaka', 'Doctor', 'Married', 'House 93, Road 9, Dhanmondi, Dhaka', 'House 93, Road 9, Dhanmondi, Dhaka', 'Emergency Contact', 'Relative', '+8801768973764', '5180604032', '111', '79', '132', '90', '82', NOW());
INSERT INTO patients (id, user_id, full_name, date_of_birth, gender, blood_group, contact_number, address, occupation, marital_status, present_address, permanent_address, emergency_contact_name, emergency_contact_relation, emergency_contact_phone, national_id, bp_systolic, bp_diastolic, blood_glucose, heart_rate, weight, vitals_last_updated) VALUES (1140, 1140, 'Dr. Sana Khan', '1969-02-26', 'Female', 'AB+', '+8801762361250', 'House 77, Road 2, Dhanmondi, Dhaka', 'Doctor', 'Widowed', 'House 77, Road 2, Dhanmondi, Dhaka', 'House 77, Road 2, Dhanmondi, Dhaka', 'Emergency Contact', 'Relative', '+8801762361250', '6832892095', '124', '90', '98', '79', '62', NOW());
INSERT INTO patients (id, user_id, full_name, date_of_birth, gender, blood_group, contact_number, address, occupation, marital_status, present_address, permanent_address, emergency_contact_name, emergency_contact_relation, emergency_contact_phone, national_id, bp_systolic, bp_diastolic, blood_glucose, heart_rate, weight, vitals_last_updated) VALUES (1141, 1141, 'Dr. Sani Begum', '2000-11-28', 'Male', 'AB+', '+8801777981222', 'House 27, Road 6, Dhanmondi, Dhaka', 'Doctor', 'Married', 'House 27, Road 6, Dhanmondi, Dhaka', 'House 27, Road 6, Dhanmondi, Dhaka', 'Emergency Contact', 'Relative', '+8801777981222', '1770695942', '137', '80', '123', '78', '72', NOW());
INSERT INTO patients (id, user_id, full_name, date_of_birth, gender, blood_group, contact_number, address, occupation, marital_status, present_address, permanent_address, emergency_contact_name, emergency_contact_relation, emergency_contact_phone, national_id, bp_systolic, bp_diastolic, blood_glucose, heart_rate, weight, vitals_last_updated) VALUES (1142, 1142, 'Dr. Nehal Begum', '1999-03-23', 'Male', 'A+', '+8801732485964', 'House 8, Road 23, Dhanmondi, Dhaka', 'Doctor', 'Divorced', 'House 8, Road 23, Dhanmondi, Dhaka', 'House 8, Road 23, Dhanmondi, Dhaka', 'Emergency Contact', 'Relative', '+8801732485964', '0578671323', '133', '74', '117', '96', '91', NOW());
INSERT INTO patients (id, user_id, full_name, date_of_birth, gender, blood_group, contact_number, address, occupation, marital_status, present_address, permanent_address, emergency_contact_name, emergency_contact_relation, emergency_contact_phone, national_id, bp_systolic, bp_diastolic, blood_glucose, heart_rate, weight, vitals_last_updated) VALUES (1143, 1143, 'Dr. Poly Akter', '1964-07-20', 'Female', 'B+', '+8801719595356', 'House 105, Road 4, Dhanmondi, Dhaka', 'Doctor', 'Divorced', 'House 105, Road 4, Dhanmondi, Dhaka', 'House 105, Road 4, Dhanmondi, Dhaka', 'Emergency Contact', 'Relative', '+8801719595356', '5408393401', '132', '71', '190', '86', '78', NOW());
INSERT INTO patients (id, user_id, full_name, date_of_birth, gender, blood_group, contact_number, address, occupation, marital_status, present_address, permanent_address, emergency_contact_name, emergency_contact_relation, emergency_contact_phone, national_id, bp_systolic, bp_diastolic, blood_glucose, heart_rate, weight, vitals_last_updated) VALUES (1144, 1144, 'Dr. Faruq Akter', '1998-11-16', 'Male', 'A+', '+8801723996671', 'House 117, Road 29, Dhanmondi, Dhaka', 'Doctor', 'Single', 'House 117, Road 29, Dhanmondi, Dhaka', 'House 117, Road 29, Dhanmondi, Dhaka', 'Emergency Contact', 'Relative', '+8801723996671', '1278814925', '128', '88', '191', '60', '61', NOW());
INSERT INTO patients (id, user_id, full_name, date_of_birth, gender, blood_group, contact_number, address, occupation, marital_status, present_address, permanent_address, emergency_contact_name, emergency_contact_relation, emergency_contact_phone, national_id, bp_systolic, bp_diastolic, blood_glucose, heart_rate, weight, vitals_last_updated) VALUES (1145, 1145, 'Dr. Taniya Siddique', '1976-09-20', 'Female', 'B-', '+8801712475734', 'House 39, Road 16, Dhanmondi, Dhaka', 'Doctor', 'Married', 'House 39, Road 16, Dhanmondi, Dhaka', 'House 39, Road 16, Dhanmondi, Dhaka', 'Emergency Contact', 'Relative', '+8801712475734', '0976103235', '138', '75', '105', '62', '50', NOW());
INSERT INTO patients (id, user_id, full_name, date_of_birth, gender, blood_group, contact_number, address, occupation, marital_status, present_address, permanent_address, emergency_contact_name, emergency_contact_relation, emergency_contact_phone, national_id, bp_systolic, bp_diastolic, blood_glucose, heart_rate, weight, vitals_last_updated) VALUES (1146, 1146, 'Dr. Keya Uddin', '1966-05-21', 'Female', 'AB-', '+8801756552368', 'House 132, Road 13, Dhanmondi, Dhaka', 'Doctor', 'Married', 'House 132, Road 13, Dhanmondi, Dhaka', 'House 132, Road 13, Dhanmondi, Dhaka', 'Emergency Contact', 'Relative', '+8801756552368', '2602658487', '120', '72', '193', '86', '80', NOW());
INSERT INTO patients (id, user_id, full_name, date_of_birth, gender, blood_group, contact_number, address, occupation, marital_status, present_address, permanent_address, emergency_contact_name, emergency_contact_relation, emergency_contact_phone, national_id, bp_systolic, bp_diastolic, blood_glucose, heart_rate, weight, vitals_last_updated) VALUES (1147, 1147, 'Dr. Sabrina Akter', '1974-04-01', 'Female', 'A+', '+8801747965937', 'House 75, Road 17, Dhanmondi, Dhaka', 'Doctor', 'Widowed', 'House 75, Road 17, Dhanmondi, Dhaka', 'House 75, Road 17, Dhanmondi, Dhaka', 'Emergency Contact', 'Relative', '+8801747965937', '2375386392', '118', '71', '97', '76', '86', NOW());
INSERT INTO patients (id, user_id, full_name, date_of_birth, gender, blood_group, contact_number, address, occupation, marital_status, present_address, permanent_address, emergency_contact_name, emergency_contact_relation, emergency_contact_phone, national_id, bp_systolic, bp_diastolic, blood_glucose, heart_rate, weight, vitals_last_updated) VALUES (1148, 1148, 'Dr. Helal Uddin', '1997-09-03', 'Male', 'O+', '+8801767978066', 'House 70, Road 23, Dhanmondi, Dhaka', 'Doctor', 'Widowed', 'House 70, Road 23, Dhanmondi, Dhaka', 'House 70, Road 23, Dhanmondi, Dhaka', 'Emergency Contact', 'Relative', '+8801767978066', '3008686313', '113', '80', '134', '71', '78', NOW());
INSERT INTO patients (id, user_id, full_name, date_of_birth, gender, blood_group, contact_number, address, occupation, marital_status, present_address, permanent_address, emergency_contact_name, emergency_contact_relation, emergency_contact_phone, national_id, bp_systolic, bp_diastolic, blood_glucose, heart_rate, weight, vitals_last_updated) VALUES (1149, 1149, 'Dr. Lipi Chowdhury', '1970-07-09', 'Female', 'O+', '+8801726295251', 'House 70, Road 27, Dhanmondi, Dhaka', 'Doctor', 'Married', 'House 70, Road 27, Dhanmondi, Dhaka', 'House 70, Road 27, Dhanmondi, Dhaka', 'Emergency Contact', 'Relative', '+8801726295251', '7344696369', '130', '90', '87', '97', '74', NOW());
INSERT INTO patients (id, user_id, full_name, date_of_birth, gender, blood_group, contact_number, address, occupation, marital_status, present_address, permanent_address, emergency_contact_name, emergency_contact_relation, emergency_contact_phone, national_id, bp_systolic, bp_diastolic, blood_glucose, heart_rate, weight, vitals_last_updated) VALUES (1150, 1150, 'Dr. Monir Hasan', '1969-01-05', 'Male', 'O+', '+8801786781616', 'House 72, Road 20, Dhanmondi, Dhaka', 'Doctor', 'Divorced', 'House 72, Road 20, Dhanmondi, Dhaka', 'House 72, Road 20, Dhanmondi, Dhaka', 'Emergency Contact', 'Relative', '+8801786781616', '2562919535', '138', '76', '106', '88', '52', NOW());
INSERT INTO patients (id, user_id, full_name, date_of_birth, gender, blood_group, contact_number, address, occupation, marital_status, present_address, permanent_address, emergency_contact_name, emergency_contact_relation, emergency_contact_phone, national_id, bp_systolic, bp_diastolic, blood_glucose, heart_rate, weight, vitals_last_updated) VALUES (1151, 1151, 'Dr. Sabbir Chowdhury', '1965-10-12', 'Male', 'AB-', '+8801718199395', 'House 73, Road 23, Dhanmondi, Dhaka', 'Doctor', 'Widowed', 'House 73, Road 23, Dhanmondi, Dhaka', 'House 73, Road 23, Dhanmondi, Dhaka', 'Emergency Contact', 'Relative', '+8801718199395', '7782996322', '135', '82', '178', '91', '67', NOW());
INSERT INTO patients (id, user_id, full_name, date_of_birth, gender, blood_group, contact_number, address, occupation, marital_status, present_address, permanent_address, emergency_contact_name, emergency_contact_relation, emergency_contact_phone, national_id, bp_systolic, bp_diastolic, blood_glucose, heart_rate, weight, vitals_last_updated) VALUES (1152, 1152, 'Dr. Arif Chowdhury', '1966-12-14', 'Male', 'B+', '+8801754908604', 'House 51, Road 14, Dhanmondi, Dhaka', 'Doctor', 'Single', 'House 51, Road 14, Dhanmondi, Dhaka', 'House 51, Road 14, Dhanmondi, Dhaka', 'Emergency Contact', 'Relative', '+8801754908604', '1989314078', '130', '80', '115', '96', '51', NOW());
INSERT INTO patients (id, user_id, full_name, date_of_birth, gender, blood_group, contact_number, address, occupation, marital_status, present_address, permanent_address, emergency_contact_name, emergency_contact_relation, emergency_contact_phone, national_id, bp_systolic, bp_diastolic, blood_glucose, heart_rate, weight, vitals_last_updated) VALUES (1153, 1153, 'Dr. Sohel Rahman', '1982-07-04', 'Male', 'AB+', '+8801720686134', 'House 2, Road 26, Dhanmondi, Dhaka', 'Doctor', 'Divorced', 'House 2, Road 26, Dhanmondi, Dhaka', 'House 2, Road 26, Dhanmondi, Dhaka', 'Emergency Contact', 'Relative', '+8801720686134', '2130680967', '128', '90', '119', '60', '64', NOW());
INSERT INTO patients (id, user_id, full_name, date_of_birth, gender, blood_group, contact_number, address, occupation, marital_status, present_address, permanent_address, emergency_contact_name, emergency_contact_relation, emergency_contact_phone, national_id, bp_systolic, bp_diastolic, blood_glucose, heart_rate, weight, vitals_last_updated) VALUES (1154, 1154, 'Dr. Kohinoor Islam', '1977-10-11', 'Female', 'B+', '+8801712904044', 'House 66, Road 13, Dhanmondi, Dhaka', 'Doctor', 'Single', 'House 66, Road 13, Dhanmondi, Dhaka', 'House 66, Road 13, Dhanmondi, Dhaka', 'Emergency Contact', 'Relative', '+8801712904044', '9870383386', '116', '81', '176', '89', '64', NOW());
INSERT INTO patients (id, user_id, full_name, date_of_birth, gender, blood_group, contact_number, address, occupation, marital_status, present_address, permanent_address, emergency_contact_name, emergency_contact_relation, emergency_contact_phone, national_id, bp_systolic, bp_diastolic, blood_glucose, heart_rate, weight, vitals_last_updated) VALUES (1155, 1155, 'Dr. Salam Ali', '1968-10-12', 'Male', 'A+', '+8801747110710', 'House 20, Road 18, Dhanmondi, Dhaka', 'Doctor', 'Widowed', 'House 20, Road 18, Dhanmondi, Dhaka', 'House 20, Road 18, Dhanmondi, Dhaka', 'Emergency Contact', 'Relative', '+8801747110710', '4701737035', '128', '83', '101', '60', '90', NOW());
INSERT INTO patients (id, user_id, full_name, date_of_birth, gender, blood_group, contact_number, address, occupation, marital_status, present_address, permanent_address, emergency_contact_name, emergency_contact_relation, emergency_contact_phone, national_id, bp_systolic, bp_diastolic, blood_glucose, heart_rate, weight, vitals_last_updated) VALUES (1156, 1156, 'Dr. Alam Khan', '1964-06-06', 'Male', 'A+', '+8801769306558', 'House 67, Road 6, Dhanmondi, Dhaka', 'Doctor', 'Single', 'House 67, Road 6, Dhanmondi, Dhaka', 'House 67, Road 6, Dhanmondi, Dhaka', 'Emergency Contact', 'Relative', '+8801769306558', '5000675821', '114', '83', '138', '93', '81', NOW());
INSERT INTO patients (id, user_id, full_name, date_of_birth, gender, blood_group, contact_number, address, occupation, marital_status, present_address, permanent_address, emergency_contact_name, emergency_contact_relation, emergency_contact_phone, national_id, bp_systolic, bp_diastolic, blood_glucose, heart_rate, weight, vitals_last_updated) VALUES (1157, 1157, 'Dr. Puja Khan', '2002-10-26', 'Female', 'O-', '+8801735554340', 'House 100, Road 28, Dhanmondi, Dhaka', 'Doctor', 'Married', 'House 100, Road 28, Dhanmondi, Dhaka', 'House 100, Road 28, Dhanmondi, Dhaka', 'Emergency Contact', 'Relative', '+8801735554340', '9871252331', '133', '76', '119', '91', '57', NOW());
INSERT INTO patients (id, user_id, full_name, date_of_birth, gender, blood_group, contact_number, address, occupation, marital_status, present_address, permanent_address, emergency_contact_name, emergency_contact_relation, emergency_contact_phone, national_id, bp_systolic, bp_diastolic, blood_glucose, heart_rate, weight, vitals_last_updated) VALUES (1158, 1158, 'Dr. Khadija Begum', '1980-07-03', 'Female', 'B+', '+8801738555021', 'House 76, Road 17, Dhanmondi, Dhaka', 'Doctor', 'Divorced', 'House 76, Road 17, Dhanmondi, Dhaka', 'House 76, Road 17, Dhanmondi, Dhaka', 'Emergency Contact', 'Relative', '+8801738555021', '2271839841', '123', '71', '82', '92', '85', NOW());
INSERT INTO patients (id, user_id, full_name, date_of_birth, gender, blood_group, contact_number, address, occupation, marital_status, present_address, permanent_address, emergency_contact_name, emergency_contact_relation, emergency_contact_phone, national_id, bp_systolic, bp_diastolic, blood_glucose, heart_rate, weight, vitals_last_updated) VALUES (1159, 1159, 'Dr. Al-Amin Ahmed', '1977-07-24', 'Male', 'AB-', '+8801776527563', 'House 147, Road 21, Dhanmondi, Dhaka', 'Doctor', 'Married', 'House 147, Road 21, Dhanmondi, Dhaka', 'House 147, Road 21, Dhanmondi, Dhaka', 'Emergency Contact', 'Relative', '+8801776527563', '4736498604', '130', '87', '169', '66', '63', NOW());
INSERT INTO patients (id, user_id, full_name, date_of_birth, gender, blood_group, contact_number, address, occupation, marital_status, present_address, permanent_address, emergency_contact_name, emergency_contact_relation, emergency_contact_phone, national_id, bp_systolic, bp_diastolic, blood_glucose, heart_rate, weight, vitals_last_updated) VALUES (1160, 1160, 'Dr. Sarah Siddique', '1986-03-14', 'Female', 'B+', '+8801777556854', 'House 78, Road 7, Dhanmondi, Dhaka', 'Doctor', 'Married', 'House 78, Road 7, Dhanmondi, Dhaka', 'House 78, Road 7, Dhanmondi, Dhaka', 'Emergency Contact', 'Relative', '+8801777556854', '4059875304', '140', '73', '124', '66', '69', NOW());
INSERT INTO patients (id, user_id, full_name, date_of_birth, gender, blood_group, contact_number, address, occupation, marital_status, present_address, permanent_address, emergency_contact_name, emergency_contact_relation, emergency_contact_phone, national_id, bp_systolic, bp_diastolic, blood_glucose, heart_rate, weight, vitals_last_updated) VALUES (1161, 1161, 'Dr. Mahbub Islam', '2004-01-01', 'Male', 'B-', '+8801721804224', 'House 55, Road 14, Dhanmondi, Dhaka', 'Doctor', 'Divorced', 'House 55, Road 14, Dhanmondi, Dhaka', 'House 55, Road 14, Dhanmondi, Dhaka', 'Emergency Contact', 'Relative', '+8801721804224', '9017715346', '138', '79', '200', '78', '95', NOW());
INSERT INTO patients (id, user_id, full_name, date_of_birth, gender, blood_group, contact_number, address, occupation, marital_status, present_address, permanent_address, emergency_contact_name, emergency_contact_relation, emergency_contact_phone, national_id, bp_systolic, bp_diastolic, blood_glucose, heart_rate, weight, vitals_last_updated) VALUES (1162, 1162, 'Dr. Lipi Akter', '1996-12-26', 'Female', 'AB+', '+8801724180714', 'House 34, Road 7, Dhanmondi, Dhaka', 'Doctor', 'Divorced', 'House 34, Road 7, Dhanmondi, Dhaka', 'House 34, Road 7, Dhanmondi, Dhaka', 'Emergency Contact', 'Relative', '+8801724180714', '7490152103', '139', '86', '143', '68', '60', NOW());
INSERT INTO patients (id, user_id, full_name, date_of_birth, gender, blood_group, contact_number, address, occupation, marital_status, present_address, permanent_address, emergency_contact_name, emergency_contact_relation, emergency_contact_phone, national_id, bp_systolic, bp_diastolic, blood_glucose, heart_rate, weight, vitals_last_updated) VALUES (1163, 1163, 'Dr. Halima Akter', '1992-12-06', 'Female', 'AB-', '+8801773189434', 'House 134, Road 2, Dhanmondi, Dhaka', 'Doctor', 'Married', 'House 134, Road 2, Dhanmondi, Dhaka', 'House 134, Road 2, Dhanmondi, Dhaka', 'Emergency Contact', 'Relative', '+8801773189434', '2412294479', '120', '90', '88', '94', '81', NOW());
INSERT INTO patients (id, user_id, full_name, date_of_birth, gender, blood_group, contact_number, address, occupation, marital_status, present_address, permanent_address, emergency_contact_name, emergency_contact_relation, emergency_contact_phone, national_id, bp_systolic, bp_diastolic, blood_glucose, heart_rate, weight, vitals_last_updated) VALUES (1164, 1164, 'Dr. Sani Chowdhury', '1970-02-05', 'Male', 'O+', '+8801774855784', 'House 112, Road 16, Dhanmondi, Dhaka', 'Doctor', 'Married', 'House 112, Road 16, Dhanmondi, Dhaka', 'House 112, Road 16, Dhanmondi, Dhaka', 'Emergency Contact', 'Relative', '+8801774855784', '5939925695', '112', '81', '167', '93', '73', NOW());
INSERT INTO patients (id, user_id, full_name, date_of_birth, gender, blood_group, contact_number, address, occupation, marital_status, present_address, permanent_address, emergency_contact_name, emergency_contact_relation, emergency_contact_phone, national_id, bp_systolic, bp_diastolic, blood_glucose, heart_rate, weight, vitals_last_updated) VALUES (1165, 1165, 'Dr. Begum Siddique', '1995-10-02', 'Female', 'B+', '+8801782854778', 'House 11, Road 3, Dhanmondi, Dhaka', 'Doctor', 'Divorced', 'House 11, Road 3, Dhanmondi, Dhaka', 'House 11, Road 3, Dhanmondi, Dhaka', 'Emergency Contact', 'Relative', '+8801782854778', '9088397625', '124', '83', '200', '92', '71', NOW());
INSERT INTO patients (id, user_id, full_name, date_of_birth, gender, blood_group, contact_number, address, occupation, marital_status, present_address, permanent_address, emergency_contact_name, emergency_contact_relation, emergency_contact_phone, national_id, bp_systolic, bp_diastolic, blood_glucose, heart_rate, weight, vitals_last_updated) VALUES (1166, 1166, 'Dr. Monir Ali', '1984-11-22', 'Male', 'AB+', '+8801716856279', 'House 35, Road 12, Dhanmondi, Dhaka', 'Doctor', 'Married', 'House 35, Road 12, Dhanmondi, Dhaka', 'House 35, Road 12, Dhanmondi, Dhaka', 'Emergency Contact', 'Relative', '+8801716856279', '6752532610', '135', '83', '158', '84', '69', NOW());
INSERT INTO patients (id, user_id, full_name, date_of_birth, gender, blood_group, contact_number, address, occupation, marital_status, present_address, permanent_address, emergency_contact_name, emergency_contact_relation, emergency_contact_phone, national_id, bp_systolic, bp_diastolic, blood_glucose, heart_rate, weight, vitals_last_updated) VALUES (1167, 1167, 'Dr. Biplob Ali', '1987-12-10', 'Male', 'AB+', '+8801751380343', 'House 92, Road 18, Dhanmondi, Dhaka', 'Doctor', 'Divorced', 'House 92, Road 18, Dhanmondi, Dhaka', 'House 92, Road 18, Dhanmondi, Dhaka', 'Emergency Contact', 'Relative', '+8801751380343', '4357936256', '128', '87', '102', '60', '60', NOW());
INSERT INTO patients (id, user_id, full_name, date_of_birth, gender, blood_group, contact_number, address, occupation, marital_status, present_address, permanent_address, emergency_contact_name, emergency_contact_relation, emergency_contact_phone, national_id, bp_systolic, bp_diastolic, blood_glucose, heart_rate, weight, vitals_last_updated) VALUES (1168, 1168, 'Dr. Sadia Begum', '1964-10-19', 'Female', 'AB+', '+8801773293710', 'House 37, Road 18, Dhanmondi, Dhaka', 'Doctor', 'Married', 'House 37, Road 18, Dhanmondi, Dhaka', 'House 37, Road 18, Dhanmondi, Dhaka', 'Emergency Contact', 'Relative', '+8801773293710', '4233125575', '140', '87', '130', '84', '67', NOW());
INSERT INTO patients (id, user_id, full_name, date_of_birth, gender, blood_group, contact_number, address, occupation, marital_status, present_address, permanent_address, emergency_contact_name, emergency_contact_relation, emergency_contact_phone, national_id, bp_systolic, bp_diastolic, blood_glucose, heart_rate, weight, vitals_last_updated) VALUES (1169, 1169, 'Dr. Lubna Akter', '1968-07-15', 'Female', 'A-', '+8801762875236', 'House 51, Road 24, Dhanmondi, Dhaka', 'Doctor', 'Divorced', 'House 51, Road 24, Dhanmondi, Dhaka', 'House 51, Road 24, Dhanmondi, Dhaka', 'Emergency Contact', 'Relative', '+8801762875236', '7714015544', '110', '79', '154', '89', '78', NOW());
INSERT INTO patients (id, user_id, full_name, date_of_birth, gender, blood_group, contact_number, address, occupation, marital_status, present_address, permanent_address, emergency_contact_name, emergency_contact_relation, emergency_contact_phone, national_id, bp_systolic, bp_diastolic, blood_glucose, heart_rate, weight, vitals_last_updated) VALUES (1170, 1170, 'Zoya Islam', '1995-01-20', 'Female', 'A+', '+8801776530851', 'House 117, Road 16, Dhanmondi, Dhaka', 'Housewife', 'Single', 'House 117, Road 16, Dhanmondi, Dhaka', 'House 117, Road 16, Dhanmondi, Dhaka', 'Emergency Contact', 'Relative', '+8801776530851', '8918877948', '132', '71', '167', '95', '92', NOW());
INSERT INTO patients (id, user_id, full_name, date_of_birth, gender, blood_group, contact_number, address, occupation, marital_status, present_address, permanent_address, emergency_contact_name, emergency_contact_relation, emergency_contact_phone, national_id, bp_systolic, bp_diastolic, blood_glucose, heart_rate, weight, vitals_last_updated) VALUES (1171, 1171, 'Jannatul Chowdhury', '1986-10-10', 'Female', 'A+', '+8801749093732', 'House 60, Road 22, Dhanmondi, Dhaka', 'Housewife', 'Divorced', 'House 60, Road 22, Dhanmondi, Dhaka', 'House 60, Road 22, Dhanmondi, Dhaka', 'Emergency Contact', 'Relative', '+8801749093732', '7878122713', '120', '75', '167', '92', '58', NOW());
INSERT INTO patients (id, user_id, full_name, date_of_birth, gender, blood_group, contact_number, address, occupation, marital_status, present_address, permanent_address, emergency_contact_name, emergency_contact_relation, emergency_contact_phone, national_id, bp_systolic, bp_diastolic, blood_glucose, heart_rate, weight, vitals_last_updated) VALUES (1172, 1172, 'Shakib Akter', '1991-02-22', 'Male', 'AB-', '+8801719667277', 'House 59, Road 28, Dhanmondi, Dhaka', 'Student', 'Married', 'House 59, Road 28, Dhanmondi, Dhaka', 'House 59, Road 28, Dhanmondi, Dhaka', 'Emergency Contact', 'Relative', '+8801719667277', '9014364750', '123', '74', '169', '68', '59', NOW());
INSERT INTO patients (id, user_id, full_name, date_of_birth, gender, blood_group, contact_number, address, occupation, marital_status, present_address, permanent_address, emergency_contact_name, emergency_contact_relation, emergency_contact_phone, national_id, bp_systolic, bp_diastolic, blood_glucose, heart_rate, weight, vitals_last_updated) VALUES (1173, 1173, 'Sadia Begum', '1984-10-03', 'Female', 'B-', '+8801765821496', 'House 53, Road 3, Dhanmondi, Dhaka', 'Banker', 'Single', 'House 53, Road 3, Dhanmondi, Dhaka', 'House 53, Road 3, Dhanmondi, Dhaka', 'Emergency Contact', 'Relative', '+8801765821496', '5041961197', '115', '83', '160', '61', '92', NOW());
INSERT INTO patients (id, user_id, full_name, date_of_birth, gender, blood_group, contact_number, address, occupation, marital_status, present_address, permanent_address, emergency_contact_name, emergency_contact_relation, emergency_contact_phone, national_id, bp_systolic, bp_diastolic, blood_glucose, heart_rate, weight, vitals_last_updated) VALUES (1174, 1174, 'Habib Talukder', '1978-08-12', 'Male', 'A+', '+8801776170711', 'House 81, Road 20, Dhanmondi, Dhaka', 'Unemployed', 'Divorced', 'House 81, Road 20, Dhanmondi, Dhaka', 'House 81, Road 20, Dhanmondi, Dhaka', 'Emergency Contact', 'Relative', '+8801776170711', '9537708678', '128', '78', '200', '68', '56', NOW());
INSERT INTO patients (id, user_id, full_name, date_of_birth, gender, blood_group, contact_number, address, occupation, marital_status, present_address, permanent_address, emergency_contact_name, emergency_contact_relation, emergency_contact_phone, national_id, bp_systolic, bp_diastolic, blood_glucose, heart_rate, weight, vitals_last_updated) VALUES (1175, 1175, 'Proma Siddique', '1996-11-19', 'Female', 'B+', '+8801788189454', 'House 45, Road 7, Dhanmondi, Dhaka', 'Banker', 'Divorced', 'House 45, Road 7, Dhanmondi, Dhaka', 'House 45, Road 7, Dhanmondi, Dhaka', 'Emergency Contact', 'Relative', '+8801788189454', '3649435030', '134', '83', '83', '69', '75', NOW());
INSERT INTO patients (id, user_id, full_name, date_of_birth, gender, blood_group, contact_number, address, occupation, marital_status, present_address, permanent_address, emergency_contact_name, emergency_contact_relation, emergency_contact_phone, national_id, bp_systolic, bp_diastolic, blood_glucose, heart_rate, weight, vitals_last_updated) VALUES (1176, 1176, 'Munir Talukder', '2000-11-12', 'Male', 'B-', '+8801784151378', 'House 16, Road 7, Dhanmondi, Dhaka', 'Doctor', 'Single', 'House 16, Road 7, Dhanmondi, Dhaka', 'House 16, Road 7, Dhanmondi, Dhaka', 'Emergency Contact', 'Relative', '+8801784151378', '4854232657', '127', '72', '180', '76', '86', NOW());
INSERT INTO patients (id, user_id, full_name, date_of_birth, gender, blood_group, contact_number, address, occupation, marital_status, present_address, permanent_address, emergency_contact_name, emergency_contact_relation, emergency_contact_phone, national_id, bp_systolic, bp_diastolic, blood_glucose, heart_rate, weight, vitals_last_updated) VALUES (1177, 1177, 'Salma Rahman', '1963-03-03', 'Female', 'O+', '+8801777544265', 'House 117, Road 13, Dhanmondi, Dhaka', 'Software Engineer', 'Married', 'House 117, Road 13, Dhanmondi, Dhaka', 'House 117, Road 13, Dhanmondi, Dhaka', 'Emergency Contact', 'Relative', '+8801777544265', '1058393393', '115', '78', '110', '60', '85', NOW());
INSERT INTO patients (id, user_id, full_name, date_of_birth, gender, blood_group, contact_number, address, occupation, marital_status, present_address, permanent_address, emergency_contact_name, emergency_contact_relation, emergency_contact_phone, national_id, bp_systolic, bp_diastolic, blood_glucose, heart_rate, weight, vitals_last_updated) VALUES (1178, 1178, 'Nigar Khan', '1960-10-23', 'Female', 'O-', '+8801767637618', 'House 36, Road 23, Dhanmondi, Dhaka', 'Farmer', 'Widowed', 'House 36, Road 23, Dhanmondi, Dhaka', 'House 36, Road 23, Dhanmondi, Dhaka', 'Emergency Contact', 'Relative', '+8801767637618', '9809952560', '120', '77', '124', '93', '75', NOW());
INSERT INTO patients (id, user_id, full_name, date_of_birth, gender, blood_group, contact_number, address, occupation, marital_status, present_address, permanent_address, emergency_contact_name, emergency_contact_relation, emergency_contact_phone, national_id, bp_systolic, bp_diastolic, blood_glucose, heart_rate, weight, vitals_last_updated) VALUES (1179, 1179, 'Sharmin Ali', '1964-02-10', 'Female', 'AB-', '+8801723192181', 'House 122, Road 27, Dhanmondi, Dhaka', 'Housewife', 'Married', 'House 122, Road 27, Dhanmondi, Dhaka', 'House 122, Road 27, Dhanmondi, Dhaka', 'Emergency Contact', 'Relative', '+8801723192181', '8929984346', '134', '74', '166', '86', '79', NOW());
INSERT INTO patients (id, user_id, full_name, date_of_birth, gender, blood_group, contact_number, address, occupation, marital_status, present_address, permanent_address, emergency_contact_name, emergency_contact_relation, emergency_contact_phone, national_id, bp_systolic, bp_diastolic, blood_glucose, heart_rate, weight, vitals_last_updated) VALUES (1180, 1180, 'Sana Begum', '1965-10-14', 'Female', 'O-', '+8801776489116', 'House 80, Road 17, Dhanmondi, Dhaka', 'Housewife', 'Widowed', 'House 80, Road 17, Dhanmondi, Dhaka', 'House 80, Road 17, Dhanmondi, Dhaka', 'Emergency Contact', 'Relative', '+8801776489116', '1038221083', '111', '71', '176', '77', '75', NOW());
INSERT INTO patients (id, user_id, full_name, date_of_birth, gender, blood_group, contact_number, address, occupation, marital_status, present_address, permanent_address, emergency_contact_name, emergency_contact_relation, emergency_contact_phone, national_id, bp_systolic, bp_diastolic, blood_glucose, heart_rate, weight, vitals_last_updated) VALUES (1181, 1181, 'Faruq Akter', '1984-05-13', 'Male', 'AB-', '+8801735381482', 'House 9, Road 14, Dhanmondi, Dhaka', 'Unemployed', 'Divorced', 'House 9, Road 14, Dhanmondi, Dhaka', 'House 9, Road 14, Dhanmondi, Dhaka', 'Emergency Contact', 'Relative', '+8801735381482', '7741701535', '118', '72', '141', '100', '87', NOW());
INSERT INTO patients (id, user_id, full_name, date_of_birth, gender, blood_group, contact_number, address, occupation, marital_status, present_address, permanent_address, emergency_contact_name, emergency_contact_relation, emergency_contact_phone, national_id, bp_systolic, bp_diastolic, blood_glucose, heart_rate, weight, vitals_last_updated) VALUES (1182, 1182, 'Halima Ali', '1972-12-11', 'Female', 'A+', '+8801778791892', 'House 141, Road 2, Dhanmondi, Dhaka', 'Teacher', 'Divorced', 'House 141, Road 2, Dhanmondi, Dhaka', 'House 141, Road 2, Dhanmondi, Dhaka', 'Emergency Contact', 'Relative', '+8801778791892', '0844396437', '111', '73', '130', '74', '82', NOW());
INSERT INTO patients (id, user_id, full_name, date_of_birth, gender, blood_group, contact_number, address, occupation, marital_status, present_address, permanent_address, emergency_contact_name, emergency_contact_relation, emergency_contact_phone, national_id, bp_systolic, bp_diastolic, blood_glucose, heart_rate, weight, vitals_last_updated) VALUES (1183, 1183, 'Lipi Akter', '1972-08-06', 'Female', 'O+', '+8801746572999', 'House 139, Road 21, Dhanmondi, Dhaka', 'Banker', 'Widowed', 'House 139, Road 21, Dhanmondi, Dhaka', 'House 139, Road 21, Dhanmondi, Dhaka', 'Emergency Contact', 'Relative', '+8801746572999', '9267874251', '115', '71', '90', '75', '58', NOW());
INSERT INTO patients (id, user_id, full_name, date_of_birth, gender, blood_group, contact_number, address, occupation, marital_status, present_address, permanent_address, emergency_contact_name, emergency_contact_relation, emergency_contact_phone, national_id, bp_systolic, bp_diastolic, blood_glucose, heart_rate, weight, vitals_last_updated) VALUES (1184, 1184, 'Zarin Ali', '1994-07-28', 'Female', 'B+', '+8801718483265', 'House 116, Road 25, Dhanmondi, Dhaka', 'Student', 'Widowed', 'House 116, Road 25, Dhanmondi, Dhaka', 'House 116, Road 25, Dhanmondi, Dhaka', 'Emergency Contact', 'Relative', '+8801718483265', '2744790676', '121', '89', '147', '89', '82', NOW());
INSERT INTO patients (id, user_id, full_name, date_of_birth, gender, blood_group, contact_number, address, occupation, marital_status, present_address, permanent_address, emergency_contact_name, emergency_contact_relation, emergency_contact_phone, national_id, bp_systolic, bp_diastolic, blood_glucose, heart_rate, weight, vitals_last_updated) VALUES (1185, 1185, 'Simin Akter', '1965-06-11', 'Female', 'B+', '+8801763444785', 'House 18, Road 21, Dhanmondi, Dhaka', 'Farmer', 'Widowed', 'House 18, Road 21, Dhanmondi, Dhaka', 'House 18, Road 21, Dhanmondi, Dhaka', 'Emergency Contact', 'Relative', '+8801763444785', '2456808669', '127', '81', '170', '90', '77', NOW());
INSERT INTO patients (id, user_id, full_name, date_of_birth, gender, blood_group, contact_number, address, occupation, marital_status, present_address, permanent_address, emergency_contact_name, emergency_contact_relation, emergency_contact_phone, national_id, bp_systolic, bp_diastolic, blood_glucose, heart_rate, weight, vitals_last_updated) VALUES (1186, 1186, 'Rubel Siddique', '1991-03-19', 'Male', 'AB-', '+8801782299709', 'House 33, Road 16, Dhanmondi, Dhaka', 'Student', 'Widowed', 'House 33, Road 16, Dhanmondi, Dhaka', 'House 33, Road 16, Dhanmondi, Dhaka', 'Emergency Contact', 'Relative', '+8801782299709', '1365635307', '112', '82', '136', '95', '72', NOW());
INSERT INTO patients (id, user_id, full_name, date_of_birth, gender, blood_group, contact_number, address, occupation, marital_status, present_address, permanent_address, emergency_contact_name, emergency_contact_relation, emergency_contact_phone, national_id, bp_systolic, bp_diastolic, blood_glucose, heart_rate, weight, vitals_last_updated) VALUES (1187, 1187, 'Sajib Chowdhury', '1976-06-02', 'Male', 'A+', '+8801788488792', 'House 121, Road 20, Dhanmondi, Dhaka', 'Housewife', 'Single', 'House 121, Road 20, Dhanmondi, Dhaka', 'House 121, Road 20, Dhanmondi, Dhaka', 'Emergency Contact', 'Relative', '+8801788488792', '3723236263', '131', '76', '195', '98', '78', NOW());
INSERT INTO patients (id, user_id, full_name, date_of_birth, gender, blood_group, contact_number, address, occupation, marital_status, present_address, permanent_address, emergency_contact_name, emergency_contact_relation, emergency_contact_phone, national_id, bp_systolic, bp_diastolic, blood_glucose, heart_rate, weight, vitals_last_updated) VALUES (1188, 1188, 'Ruma Ali', '1982-11-21', 'Female', 'AB-', '+8801714653966', 'House 89, Road 20, Dhanmondi, Dhaka', 'Housewife', 'Widowed', 'House 89, Road 20, Dhanmondi, Dhaka', 'House 89, Road 20, Dhanmondi, Dhaka', 'Emergency Contact', 'Relative', '+8801714653966', '8191907378', '117', '84', '114', '89', '65', NOW());
INSERT INTO patients (id, user_id, full_name, date_of_birth, gender, blood_group, contact_number, address, occupation, marital_status, present_address, permanent_address, emergency_contact_name, emergency_contact_relation, emergency_contact_phone, national_id, bp_systolic, bp_diastolic, blood_glucose, heart_rate, weight, vitals_last_updated) VALUES (1189, 1189, 'Nigar Uddin', '2002-09-23', 'Female', 'A+', '+8801716315299', 'House 60, Road 25, Dhanmondi, Dhaka', 'Farmer', 'Divorced', 'House 60, Road 25, Dhanmondi, Dhaka', 'House 60, Road 25, Dhanmondi, Dhaka', 'Emergency Contact', 'Relative', '+8801716315299', '3958938719', '136', '77', '80', '84', '75', NOW());
INSERT INTO patients (id, user_id, full_name, date_of_birth, gender, blood_group, contact_number, address, occupation, marital_status, present_address, permanent_address, emergency_contact_name, emergency_contact_relation, emergency_contact_phone, national_id, bp_systolic, bp_diastolic, blood_glucose, heart_rate, weight, vitals_last_updated) VALUES (1190, 1190, 'Naila Ali', '1963-04-06', 'Female', 'O-', '+8801751937751', 'House 52, Road 16, Dhanmondi, Dhaka', 'Government Officer', 'Married', 'House 52, Road 16, Dhanmondi, Dhaka', 'House 52, Road 16, Dhanmondi, Dhaka', 'Emergency Contact', 'Relative', '+8801751937751', '1972993764', '117', '77', '147', '75', '52', NOW());
INSERT INTO patients (id, user_id, full_name, date_of_birth, gender, blood_group, contact_number, address, occupation, marital_status, present_address, permanent_address, emergency_contact_name, emergency_contact_relation, emergency_contact_phone, national_id, bp_systolic, bp_diastolic, blood_glucose, heart_rate, weight, vitals_last_updated) VALUES (1191, 1191, 'Fahmida Siddique', '2005-03-08', 'Female', 'B+', '+8801714411560', 'House 14, Road 19, Dhanmondi, Dhaka', 'Unemployed', 'Married', 'House 14, Road 19, Dhanmondi, Dhaka', 'House 14, Road 19, Dhanmondi, Dhaka', 'Emergency Contact', 'Relative', '+8801714411560', '2748845426', '114', '86', '96', '97', '58', NOW());
INSERT INTO patients (id, user_id, full_name, date_of_birth, gender, blood_group, contact_number, address, occupation, marital_status, present_address, permanent_address, emergency_contact_name, emergency_contact_relation, emergency_contact_phone, national_id, bp_systolic, bp_diastolic, blood_glucose, heart_rate, weight, vitals_last_updated) VALUES (1192, 1192, 'Sani Siddique', '1971-07-13', 'Male', 'A+', '+8801785688843', 'House 27, Road 23, Dhanmondi, Dhaka', 'Doctor', 'Single', 'House 27, Road 23, Dhanmondi, Dhaka', 'House 27, Road 23, Dhanmondi, Dhaka', 'Emergency Contact', 'Relative', '+8801785688843', '1861067344', '121', '78', '101', '82', '67', NOW());
INSERT INTO patients (id, user_id, full_name, date_of_birth, gender, blood_group, contact_number, address, occupation, marital_status, present_address, permanent_address, emergency_contact_name, emergency_contact_relation, emergency_contact_phone, national_id, bp_systolic, bp_diastolic, blood_glucose, heart_rate, weight, vitals_last_updated) VALUES (1193, 1193, 'Faruq Rahman', '2004-12-05', 'Male', 'B-', '+8801729590162', 'House 53, Road 9, Dhanmondi, Dhaka', 'Software Engineer', 'Divorced', 'House 53, Road 9, Dhanmondi, Dhaka', 'House 53, Road 9, Dhanmondi, Dhaka', 'Emergency Contact', 'Relative', '+8801729590162', '7784990027', '127', '86', '81', '89', '75', NOW());
INSERT INTO patients (id, user_id, full_name, date_of_birth, gender, blood_group, contact_number, address, occupation, marital_status, present_address, permanent_address, emergency_contact_name, emergency_contact_relation, emergency_contact_phone, national_id, bp_systolic, bp_diastolic, blood_glucose, heart_rate, weight, vitals_last_updated) VALUES (1194, 1194, 'Sadia Ali', '1971-11-15', 'Female', 'O-', '+8801773037982', 'House 51, Road 18, Dhanmondi, Dhaka', 'Housewife', 'Single', 'House 51, Road 18, Dhanmondi, Dhaka', 'House 51, Road 18, Dhanmondi, Dhaka', 'Emergency Contact', 'Relative', '+8801773037982', '3263471067', '135', '82', '199', '80', '81', NOW());
INSERT INTO patients (id, user_id, full_name, date_of_birth, gender, blood_group, contact_number, address, occupation, marital_status, present_address, permanent_address, emergency_contact_name, emergency_contact_relation, emergency_contact_phone, national_id, bp_systolic, bp_diastolic, blood_glucose, heart_rate, weight, vitals_last_updated) VALUES (1195, 1195, 'Alam Uddin', '2003-07-05', 'Male', 'AB-', '+8801771038369', 'House 98, Road 1, Dhanmondi, Dhaka', 'Software Engineer', 'Widowed', 'House 98, Road 1, Dhanmondi, Dhaka', 'House 98, Road 1, Dhanmondi, Dhaka', 'Emergency Contact', 'Relative', '+8801771038369', '2530032569', '112', '81', '82', '100', '63', NOW());
INSERT INTO patients (id, user_id, full_name, date_of_birth, gender, blood_group, contact_number, address, occupation, marital_status, present_address, permanent_address, emergency_contact_name, emergency_contact_relation, emergency_contact_phone, national_id, bp_systolic, bp_diastolic, blood_glucose, heart_rate, weight, vitals_last_updated) VALUES (1196, 1196, 'Kalam Rahman', '1960-08-06', 'Male', 'O+', '+8801798742027', 'House 128, Road 27, Dhanmondi, Dhaka', 'Government Officer', 'Single', 'House 128, Road 27, Dhanmondi, Dhaka', 'House 128, Road 27, Dhanmondi, Dhaka', 'Emergency Contact', 'Relative', '+8801798742027', '1513520179', '126', '71', '148', '80', '70', NOW());
INSERT INTO patients (id, user_id, full_name, date_of_birth, gender, blood_group, contact_number, address, occupation, marital_status, present_address, permanent_address, emergency_contact_name, emergency_contact_relation, emergency_contact_phone, national_id, bp_systolic, bp_diastolic, blood_glucose, heart_rate, weight, vitals_last_updated) VALUES (1197, 1197, 'Shahanaz Siddique', '1966-04-02', 'Female', 'O+', '+8801756032492', 'House 82, Road 12, Dhanmondi, Dhaka', 'Unemployed', 'Single', 'House 82, Road 12, Dhanmondi, Dhaka', 'House 82, Road 12, Dhanmondi, Dhaka', 'Emergency Contact', 'Relative', '+8801756032492', '8824823304', '129', '79', '139', '91', '51', NOW());
INSERT INTO patients (id, user_id, full_name, date_of_birth, gender, blood_group, contact_number, address, occupation, marital_status, present_address, permanent_address, emergency_contact_name, emergency_contact_relation, emergency_contact_phone, national_id, bp_systolic, bp_diastolic, blood_glucose, heart_rate, weight, vitals_last_updated) VALUES (1198, 1198, 'Farhana Rahman', '1965-08-04', 'Female', 'A-', '+8801738708392', 'House 135, Road 25, Dhanmondi, Dhaka', 'Businessman', 'Widowed', 'House 135, Road 25, Dhanmondi, Dhaka', 'House 135, Road 25, Dhanmondi, Dhaka', 'Emergency Contact', 'Relative', '+8801738708392', '4928539046', '117', '89', '169', '80', '51', NOW());
INSERT INTO patients (id, user_id, full_name, date_of_birth, gender, blood_group, contact_number, address, occupation, marital_status, present_address, permanent_address, emergency_contact_name, emergency_contact_relation, emergency_contact_phone, national_id, bp_systolic, bp_diastolic, blood_glucose, heart_rate, weight, vitals_last_updated) VALUES (1199, 1199, 'Naim Begum', '2005-06-12', 'Male', 'A+', '+8801781663807', 'House 56, Road 19, Dhanmondi, Dhaka', 'Teacher', 'Divorced', 'House 56, Road 19, Dhanmondi, Dhaka', 'House 56, Road 19, Dhanmondi, Dhaka', 'Emergency Contact', 'Relative', '+8801781663807', '7153466816', '138', '83', '109', '69', '85', NOW());

-- 4. Insert Doctors Profiles
INSERT INTO doctors (id, user_id, full_name, specialization, license_number, contact_number, hospital_affiliation, rating, experience_years, consultation_fee) VALUES (1000, 1100, 'Dr. Tariq Ali', 'Gynaecology & Obstetrics', 'MBBS-89736', '+8801863691440', 'BIRDEM General Hospital', 4.46, 27, 600);
INSERT INTO doctors (id, user_id, full_name, specialization, license_number, contact_number, hospital_affiliation, rating, experience_years, consultation_fee) VALUES (1001, 1101, 'Dr. Simin Siddique', 'Urology', 'MBBS-55875', '+8801839524391', 'Kurmitola General Hospital', 4.68, 8, 600);
INSERT INTO doctors (id, user_id, full_name, specialization, license_number, contact_number, hospital_affiliation, rating, experience_years, consultation_fee) VALUES (1002, 1102, 'Dr. Keya Rahman', 'Urology', 'MBBS-73045', '+8801856964357', 'Anwer Khan Modern Medical College Hospital', 4.43, 18, 600);
INSERT INTO doctors (id, user_id, full_name, specialization, license_number, contact_number, hospital_affiliation, rating, experience_years, consultation_fee) VALUES (1003, 1103, 'Dr. Rahim Akter', 'General Surgery', 'MBBS-15959', '+8801819777550', 'Apollo Imperial Hospital', 4.8, 6, 600);
INSERT INTO doctors (id, user_id, full_name, specialization, license_number, contact_number, hospital_affiliation, rating, experience_years, consultation_fee) VALUES (1004, 1104, 'Dr. Selim Hasan', 'General Medicine', 'MBBS-92779', '+8801838222107', 'Anwer Khan Modern Medical College Hospital', 4.86, 8, 500);
INSERT INTO doctors (id, user_id, full_name, specialization, license_number, contact_number, hospital_affiliation, rating, experience_years, consultation_fee) VALUES (1005, 1105, 'Dr. Biplob Uddin', 'Gynaecology & Obstetrics', 'MBBS-90843', '+8801834963907', 'Labaid Specialized Hospital', 4.87, 10, 1000);
INSERT INTO doctors (id, user_id, full_name, specialization, license_number, contact_number, hospital_affiliation, rating, experience_years, consultation_fee) VALUES (1006, 1106, 'Dr. Asif Ali', 'Pulmonology', 'MBBS-99296', '+8801880959553', 'National Cancer Research Institute & Hospital', 4.53, 27, 800);
INSERT INTO doctors (id, user_id, full_name, specialization, license_number, contact_number, hospital_affiliation, rating, experience_years, consultation_fee) VALUES (1007, 1107, 'Dr. Tarek Hasan', 'Gynaecology & Obstetrics', 'MBBS-55221', '+8801879792783', 'North West Medical College & Hospital', 4.49, 13, 600);
INSERT INTO doctors (id, user_id, full_name, specialization, license_number, contact_number, hospital_affiliation, rating, experience_years, consultation_fee) VALUES (1008, 1108, 'Dr. Rafiq Siddique', 'General Surgery', 'MBBS-25656', '+8801869354991', 'National Institute of Cardiovascular Diseases', 4.58, 20, 1500);
INSERT INTO doctors (id, user_id, full_name, specialization, license_number, contact_number, hospital_affiliation, rating, experience_years, consultation_fee) VALUES (1009, 1109, 'Dr. Rafiq Siddique', 'Gastroenterology', 'MBBS-69322', '+8801815009886', 'Anwer Khan Modern Medical College Hospital', 4.24, 27, 800);
INSERT INTO doctors (id, user_id, full_name, specialization, license_number, contact_number, hospital_affiliation, rating, experience_years, consultation_fee) VALUES (1010, 1110, 'Dr. Nusrat Begum', 'Urology', 'MBBS-66595', '+8801812968383', 'National Cancer Research Institute & Hospital', 4.54, 25, 600);
INSERT INTO doctors (id, user_id, full_name, specialization, license_number, contact_number, hospital_affiliation, rating, experience_years, consultation_fee) VALUES (1011, 1111, 'Dr. Begum Ahmed', 'General Surgery', 'MBBS-91787', '+8801867931979', 'Square Hospitals Ltd.', 4.36, 24, 500);
INSERT INTO doctors (id, user_id, full_name, specialization, license_number, contact_number, hospital_affiliation, rating, experience_years, consultation_fee) VALUES (1012, 1112, 'Dr. Zahid Chowdhury', 'Dermatology', 'MBBS-23277', '+8801888552578', 'North West Medical College & Hospital', 4.85, 16, 1200);
INSERT INTO doctors (id, user_id, full_name, specialization, license_number, contact_number, hospital_affiliation, rating, experience_years, consultation_fee) VALUES (1013, 1113, 'Dr. Parveen Chowdhury', 'General Medicine', 'MBBS-84387', '+8801857193439', 'BSMMU (PG Hospital)', 4.94, 26, 1200);
INSERT INTO doctors (id, user_id, full_name, specialization, license_number, contact_number, hospital_affiliation, rating, experience_years, consultation_fee) VALUES (1014, 1114, 'Dr. Shakib Khan', 'Gastroenterology', 'MBBS-30860', '+8801810910944', 'Sir Salimullah Medical College Hospital', 4.61, 21, 500);
INSERT INTO doctors (id, user_id, full_name, specialization, license_number, contact_number, hospital_affiliation, rating, experience_years, consultation_fee) VALUES (1015, 1115, 'Dr. Poly Talukder', 'Psychiatry', 'MBBS-20201', '+8801817159543', 'Square Hospitals Ltd.', 4.23, 18, 800);
INSERT INTO doctors (id, user_id, full_name, specialization, license_number, contact_number, hospital_affiliation, rating, experience_years, consultation_fee) VALUES (1016, 1116, 'Dr. Khadija Begum', 'Psychiatry', 'MBBS-46212', '+8801881880276', 'Popular Diagnostic & Hospital', 4.98, 25, 800);
INSERT INTO doctors (id, user_id, full_name, specialization, license_number, contact_number, hospital_affiliation, rating, experience_years, consultation_fee) VALUES (1017, 1117, 'Dr. Sadia Siddique', 'Endocrinology & Diabetology', 'MBBS-68886', '+8801870007639', 'Delta Hospital', 4.21, 28, 1200);
INSERT INTO doctors (id, user_id, full_name, specialization, license_number, contact_number, hospital_affiliation, rating, experience_years, consultation_fee) VALUES (1018, 1118, 'Dr. Sana Ahmed', 'ENT', 'MBBS-59130', '+8801879915516', 'Square Hospitals Ltd.', 4.89, 4, 600);
INSERT INTO doctors (id, user_id, full_name, specialization, license_number, contact_number, hospital_affiliation, rating, experience_years, consultation_fee) VALUES (1019, 1119, 'Dr. Lipi Begum', 'Psychiatry', 'MBBS-77773', '+8801894211754', 'BSMMU (PG Hospital)', 4.26, 19, 500);
INSERT INTO doctors (id, user_id, full_name, specialization, license_number, contact_number, hospital_affiliation, rating, experience_years, consultation_fee) VALUES (1020, 1120, 'Dr. Rana Talukder', 'Orthopedics', 'MBBS-20105', '+8801851618834', 'National Medical Center', 4.34, 10, 1200);
INSERT INTO doctors (id, user_id, full_name, specialization, license_number, contact_number, hospital_affiliation, rating, experience_years, consultation_fee) VALUES (1021, 1121, 'Dr. Sultana Siddique', 'ENT', 'MBBS-72875', '+8801862106721', 'Dhaka Shishu Hospital', 4.74, 10, 1000);
INSERT INTO doctors (id, user_id, full_name, specialization, license_number, contact_number, hospital_affiliation, rating, experience_years, consultation_fee) VALUES (1022, 1122, 'Dr. Jabbar Akter', 'Neuromedicine', 'MBBS-55820', '+8801885695823', 'United Hospital', 4.7, 28, 1000);
INSERT INTO doctors (id, user_id, full_name, specialization, license_number, contact_number, hospital_affiliation, rating, experience_years, consultation_fee) VALUES (1023, 1123, 'Dr. Rashed Siddique', 'Gynaecology & Obstetrics', 'MBBS-38815', '+8801829434056', 'Jashore General Hospital', 4.6, 20, 500);
INSERT INTO doctors (id, user_id, full_name, specialization, license_number, contact_number, hospital_affiliation, rating, experience_years, consultation_fee) VALUES (1024, 1124, 'Dr. Mahbub Ali', 'Endocrinology & Diabetology', 'MBBS-28740', '+8801840844712', 'Dhaka Medical College Hospital', 4.24, 24, 1200);
INSERT INTO doctors (id, user_id, full_name, specialization, license_number, contact_number, hospital_affiliation, rating, experience_years, consultation_fee) VALUES (1025, 1125, 'Dr. Mahbub Akter', 'Gastroenterology', 'MBBS-50750', '+8801847476875', 'Square Hospitals Ltd.', 4.9, 15, 800);
INSERT INTO doctors (id, user_id, full_name, specialization, license_number, contact_number, hospital_affiliation, rating, experience_years, consultation_fee) VALUES (1026, 1126, 'Dr. Faruq Begum', 'Neuromedicine', 'MBBS-24611', '+8801844128055', 'Square Hospitals Ltd.', 4.39, 22, 1500);
INSERT INTO doctors (id, user_id, full_name, specialization, license_number, contact_number, hospital_affiliation, rating, experience_years, consultation_fee) VALUES (1027, 1127, 'Dr. Lipi Chowdhury', 'General Medicine', 'MBBS-31600', '+8801838574693', 'Chittagong Medical College', 4.96, 18, 1200);
INSERT INTO doctors (id, user_id, full_name, specialization, license_number, contact_number, hospital_affiliation, rating, experience_years, consultation_fee) VALUES (1028, 1128, 'Dr. Shahanaz Siddique', 'Pediatrics', 'MBBS-71009', '+8801854156368', 'Delta Hospital', 4.32, 13, 1000);
INSERT INTO doctors (id, user_id, full_name, specialization, license_number, contact_number, hospital_affiliation, rating, experience_years, consultation_fee) VALUES (1029, 1129, 'Dr. Lubna Akter', 'Pediatrics', 'MBBS-21119', '+8801846566408', 'Delta Hospital', 4.98, 3, 1500);
INSERT INTO doctors (id, user_id, full_name, specialization, license_number, contact_number, hospital_affiliation, rating, experience_years, consultation_fee) VALUES (1030, 1130, 'Dr. Begum Begum', 'Psychiatry', 'MBBS-91841', '+8801844991689', 'Apollo Imperial Hospital', 4.4, 19, 1500);
INSERT INTO doctors (id, user_id, full_name, specialization, license_number, contact_number, hospital_affiliation, rating, experience_years, consultation_fee) VALUES (1031, 1131, 'Dr. Samia Uddin', 'Pediatrics', 'MBBS-90245', '+8801869816782', 'United Hospital', 4.87, 24, 1500);
INSERT INTO doctors (id, user_id, full_name, specialization, license_number, contact_number, hospital_affiliation, rating, experience_years, consultation_fee) VALUES (1032, 1132, 'Dr. Shilpi Siddique', 'Urology', 'MBBS-55054', '+8801833439997', 'Kurmitola General Hospital', 4.68, 23, 1500);
INSERT INTO doctors (id, user_id, full_name, specialization, license_number, contact_number, hospital_affiliation, rating, experience_years, consultation_fee) VALUES (1033, 1133, 'Dr. Rony Ali', 'Psychiatry', 'MBBS-20795', '+8801818476056', 'National Institute of Cardiovascular Diseases', 4.72, 25, 1000);
INSERT INTO doctors (id, user_id, full_name, specialization, license_number, contact_number, hospital_affiliation, rating, experience_years, consultation_fee) VALUES (1034, 1134, 'Dr. Zarin Ali', 'Gastroenterology', 'MBBS-13033', '+8801863502571', 'North West Medical College & Hospital', 4.33, 25, 1500);
INSERT INTO doctors (id, user_id, full_name, specialization, license_number, contact_number, hospital_affiliation, rating, experience_years, consultation_fee) VALUES (1035, 1135, 'Dr. Sani Ahmed', 'Endocrinology & Diabetology', 'MBBS-24929', '+8801865567555', 'Sir Salimullah Medical College Hospital', 4.45, 26, 1000);
INSERT INTO doctors (id, user_id, full_name, specialization, license_number, contact_number, hospital_affiliation, rating, experience_years, consultation_fee) VALUES (1036, 1136, 'Dr. Fatema Ahmed', 'Ophthalmology', 'MBBS-19194', '+8801840282907', 'Evercare Hospital', 4.68, 16, 1000);
INSERT INTO doctors (id, user_id, full_name, specialization, license_number, contact_number, hospital_affiliation, rating, experience_years, consultation_fee) VALUES (1037, 1137, 'Dr. Rafiq Hasan', 'Orthopedics', 'MBBS-75114', '+8801884094371', 'Mugda Medical College Hospital', 4.81, 3, 600);
INSERT INTO doctors (id, user_id, full_name, specialization, license_number, contact_number, hospital_affiliation, rating, experience_years, consultation_fee) VALUES (1038, 1138, 'Dr. Rashed Begum', 'General Medicine', 'MBBS-17616', '+8801896127135', 'Dhaka Shishu Hospital', 4.84, 5, 1500);
INSERT INTO doctors (id, user_id, full_name, specialization, license_number, contact_number, hospital_affiliation, rating, experience_years, consultation_fee) VALUES (1039, 1139, 'Dr. Rahim Chowdhury', 'Cardiology', 'MBBS-25442', '+8801882807921', 'Ibn Sina Medical College', 4.99, 3, 600);
INSERT INTO doctors (id, user_id, full_name, specialization, license_number, contact_number, hospital_affiliation, rating, experience_years, consultation_fee) VALUES (1040, 1140, 'Dr. Sana Khan', 'Gastroenterology', 'MBBS-84363', '+8801865927973', 'Chittagong Medical College', 4.94, 30, 1500);
INSERT INTO doctors (id, user_id, full_name, specialization, license_number, contact_number, hospital_affiliation, rating, experience_years, consultation_fee) VALUES (1041, 1141, 'Dr. Sani Begum', 'Dermatology', 'MBBS-42727', '+8801839020905', 'Chittagong Medical College', 4.82, 17, 1000);
INSERT INTO doctors (id, user_id, full_name, specialization, license_number, contact_number, hospital_affiliation, rating, experience_years, consultation_fee) VALUES (1042, 1142, 'Dr. Nehal Begum', 'Endocrinology & Diabetology', 'MBBS-59796', '+8801820320577', 'Sir Salimullah Medical College Hospital', 4.92, 22, 800);
INSERT INTO doctors (id, user_id, full_name, specialization, license_number, contact_number, hospital_affiliation, rating, experience_years, consultation_fee) VALUES (1043, 1143, 'Dr. Poly Akter', 'Pulmonology', 'MBBS-36617', '+8801830968804', 'Ibn Sina Medical College', 4.8, 25, 1500);
INSERT INTO doctors (id, user_id, full_name, specialization, license_number, contact_number, hospital_affiliation, rating, experience_years, consultation_fee) VALUES (1044, 1144, 'Dr. Faruq Akter', 'Neuromedicine', 'MBBS-20884', '+8801822679854', 'Jashore General Hospital', 4.23, 19, 1500);
INSERT INTO doctors (id, user_id, full_name, specialization, license_number, contact_number, hospital_affiliation, rating, experience_years, consultation_fee) VALUES (1045, 1145, 'Dr. Taniya Siddique', 'General Surgery', 'MBBS-35968', '+8801823549857', 'Delta Hospital', 4.22, 24, 1500);
INSERT INTO doctors (id, user_id, full_name, specialization, license_number, contact_number, hospital_affiliation, rating, experience_years, consultation_fee) VALUES (1046, 1146, 'Dr. Keya Uddin', 'Pediatrics', 'MBBS-87404', '+8801830392796', 'Jashore General Hospital', 4.39, 27, 1200);
INSERT INTO doctors (id, user_id, full_name, specialization, license_number, contact_number, hospital_affiliation, rating, experience_years, consultation_fee) VALUES (1047, 1147, 'Dr. Sabrina Akter', 'Pediatrics', 'MBBS-73501', '+8801881521665', 'National Medical Center', 4.58, 25, 1000);
INSERT INTO doctors (id, user_id, full_name, specialization, license_number, contact_number, hospital_affiliation, rating, experience_years, consultation_fee) VALUES (1048, 1148, 'Dr. Helal Uddin', 'Gastroenterology', 'MBBS-38662', '+8801859292376', 'National Medical Center', 4.72, 28, 1200);
INSERT INTO doctors (id, user_id, full_name, specialization, license_number, contact_number, hospital_affiliation, rating, experience_years, consultation_fee) VALUES (1049, 1149, 'Dr. Lipi Chowdhury', 'ENT', 'MBBS-98744', '+8801826968003', 'National Institute of Cardiovascular Diseases', 4.86, 21, 500);
INSERT INTO doctors (id, user_id, full_name, specialization, license_number, contact_number, hospital_affiliation, rating, experience_years, consultation_fee) VALUES (1050, 1150, 'Dr. Monir Hasan', 'Dermatology', 'MBBS-81656', '+8801874510396', 'BIRDEM General Hospital', 4.95, 30, 1500);
INSERT INTO doctors (id, user_id, full_name, specialization, license_number, contact_number, hospital_affiliation, rating, experience_years, consultation_fee) VALUES (1051, 1151, 'Dr. Sabbir Chowdhury', 'Pediatrics', 'MBBS-47395', '+8801898398752', 'National Institute of Kidney Diseases & Urology', 4.59, 22, 500);
INSERT INTO doctors (id, user_id, full_name, specialization, license_number, contact_number, hospital_affiliation, rating, experience_years, consultation_fee) VALUES (1052, 1152, 'Dr. Arif Chowdhury', 'Pulmonology', 'MBBS-75523', '+8801847136685', 'National Medical Center', 4.37, 25, 1200);
INSERT INTO doctors (id, user_id, full_name, specialization, license_number, contact_number, hospital_affiliation, rating, experience_years, consultation_fee) VALUES (1053, 1153, 'Dr. Sohel Rahman', 'Gastroenterology', 'MBBS-77400', '+8801879721097', 'National Cancer Research Institute & Hospital', 4.68, 5, 1200);
INSERT INTO doctors (id, user_id, full_name, specialization, license_number, contact_number, hospital_affiliation, rating, experience_years, consultation_fee) VALUES (1054, 1154, 'Dr. Kohinoor Islam', 'General Surgery', 'MBBS-28416', '+8801825967436', 'Anwer Khan Modern Medical College Hospital', 4.83, 25, 600);
INSERT INTO doctors (id, user_id, full_name, specialization, license_number, contact_number, hospital_affiliation, rating, experience_years, consultation_fee) VALUES (1055, 1155, 'Dr. Salam Ali', 'Pulmonology', 'MBBS-51180', '+8801878624257', 'Apollo Imperial Hospital', 4.27, 18, 1500);
INSERT INTO doctors (id, user_id, full_name, specialization, license_number, contact_number, hospital_affiliation, rating, experience_years, consultation_fee) VALUES (1056, 1156, 'Dr. Alam Khan', 'Psychiatry', 'MBBS-53630', '+8801895371007', 'National Medical Center', 4.8, 19, 800);
INSERT INTO doctors (id, user_id, full_name, specialization, license_number, contact_number, hospital_affiliation, rating, experience_years, consultation_fee) VALUES (1057, 1157, 'Dr. Puja Khan', 'Gastroenterology', 'MBBS-70983', '+8801822263997', 'National Institute of Cardiovascular Diseases', 4.76, 8, 800);
INSERT INTO doctors (id, user_id, full_name, specialization, license_number, contact_number, hospital_affiliation, rating, experience_years, consultation_fee) VALUES (1058, 1158, 'Dr. Khadija Begum', 'Endocrinology & Diabetology', 'MBBS-32058', '+8801868540836', 'Square Hospitals Ltd.', 4.78, 5, 800);
INSERT INTO doctors (id, user_id, full_name, specialization, license_number, contact_number, hospital_affiliation, rating, experience_years, consultation_fee) VALUES (1059, 1159, 'Dr. Al-Amin Ahmed', 'Orthopedics', 'MBBS-19865', '+8801879842179', 'Popular Diagnostic & Hospital', 4.84, 25, 1500);
INSERT INTO doctors (id, user_id, full_name, specialization, license_number, contact_number, hospital_affiliation, rating, experience_years, consultation_fee) VALUES (1060, 1160, 'Dr. Sarah Siddique', 'Orthopedics', 'MBBS-12628', '+8801827859774', 'North West Medical College & Hospital', 4.42, 5, 1500);
INSERT INTO doctors (id, user_id, full_name, specialization, license_number, contact_number, hospital_affiliation, rating, experience_years, consultation_fee) VALUES (1061, 1161, 'Dr. Mahbub Islam', 'Gastroenterology', 'MBBS-39517', '+8801824966529', 'Dhaka Medical College Hospital', 4.76, 10, 1500);
INSERT INTO doctors (id, user_id, full_name, specialization, license_number, contact_number, hospital_affiliation, rating, experience_years, consultation_fee) VALUES (1062, 1162, 'Dr. Lipi Akter', 'General Medicine', 'MBBS-11711', '+8801870636003', 'North West Medical College & Hospital', 4.84, 8, 500);
INSERT INTO doctors (id, user_id, full_name, specialization, license_number, contact_number, hospital_affiliation, rating, experience_years, consultation_fee) VALUES (1063, 1163, 'Dr. Halima Akter', 'Urology', 'MBBS-42768', '+8801874567048', 'National Medical Center', 4.5, 22, 600);
INSERT INTO doctors (id, user_id, full_name, specialization, license_number, contact_number, hospital_affiliation, rating, experience_years, consultation_fee) VALUES (1064, 1164, 'Dr. Sani Chowdhury', 'Dermatology', 'MBBS-49418', '+8801867615971', 'Dhaka Medical College Hospital', 4.23, 23, 800);
INSERT INTO doctors (id, user_id, full_name, specialization, license_number, contact_number, hospital_affiliation, rating, experience_years, consultation_fee) VALUES (1065, 1165, 'Dr. Begum Siddique', 'Gastroenterology', 'MBBS-55474', '+8801821836177', 'Evercare Hospital', 4.51, 7, 500);
INSERT INTO doctors (id, user_id, full_name, specialization, license_number, contact_number, hospital_affiliation, rating, experience_years, consultation_fee) VALUES (1066, 1166, 'Dr. Monir Ali', 'Gastroenterology', 'MBBS-69087', '+8801851176683', 'Ibn Sina Medical College', 4.7, 14, 600);
INSERT INTO doctors (id, user_id, full_name, specialization, license_number, contact_number, hospital_affiliation, rating, experience_years, consultation_fee) VALUES (1067, 1167, 'Dr. Biplob Ali', 'Neuromedicine', 'MBBS-73955', '+8801822388312', 'Apollo Imperial Hospital', 4.88, 10, 600);
INSERT INTO doctors (id, user_id, full_name, specialization, license_number, contact_number, hospital_affiliation, rating, experience_years, consultation_fee) VALUES (1068, 1168, 'Dr. Sadia Begum', 'Urology', 'MBBS-88416', '+8801879003991', 'National Medical Center', 4.28, 24, 800);
INSERT INTO doctors (id, user_id, full_name, specialization, license_number, contact_number, hospital_affiliation, rating, experience_years, consultation_fee) VALUES (1069, 1169, 'Dr. Lubna Akter', 'Pulmonology', 'MBBS-31623', '+8801848647940', 'United Hospital', 4.61, 18, 1200);

-- 5. Insert Clinical Records (Prescriptions, Lab Reports, Imaging, Allergies, Chronic Diseases)
INSERT INTO prescriptions (id, patient_id, date, doctor_name, doctor_specialization, hospital_name, diagnosis, clinical_notes, follow_up_date) VALUES ('PRES-1000-1', 1000, NOW() - INTERVAL '7 days', 'Dr. Rafiq Hasan', 'Orthopedics', 'Mugda Medical College Hospital', 'Bilateral Osteoarthritis of Knee Joints', 'Pain, stiffness, and cracking sounds in both knees for the last 6 months, worse in the mornings and after sitting. Advised hot compression, avoidance of sitting on floor/squatting, and moderate knee exercises.', 'In 1 Month.');
INSERT INTO prescription_medicines (prescription_id, name, dosage, instruction, duration) VALUES ('PRES-1000-1', 'Tab. Naproxen 500mg', '1+0+1', 'After meals (only when pain is high)', '7 Days');
INSERT INTO prescription_medicines (prescription_id, name, dosage, instruction, duration) VALUES ('PRES-1000-1', 'Cap. Glucosamine + Chondroitin', '1+0+1', 'After meals', '2 Months');
INSERT INTO prescription_medicines (prescription_id, name, dosage, instruction, duration) VALUES ('PRES-1000-1', 'Tab. Omeprazole 20mg', '1+0+1', 'Before breakfast & dinner', '1 Month');
INSERT INTO lab_reports (id, patient_id, test_name, category, date, hospital_name, doctor_name, status, ai_interpretation) VALUES ('LAB-1000-1', 1000, 'Arthritis & Rheumatology Profile', 'Serology', NOW() - INTERVAL '7 days', 'Mugda Medical College Hospital', 'Dr. Rafiq Hasan', 'Completed', 'Uric acid level is slightly elevated, but Rheumatoid Factor is negative, suggesting OA rather than Gout or Rheumatoid Arthritis.');
INSERT INTO lab_test_results (lab_report_id, parameter, value, unit, reference_range, status) VALUES ('LAB-1000-1', 'Serum Uric Acid', '7.5', 'mg/dL', '3.5 - 7.2', 'High');
INSERT INTO lab_test_results (lab_report_id, parameter, value, unit, reference_range, status) VALUES ('LAB-1000-1', 'Rheumatoid Factor (RF)', '8', 'IU/mL', '< 14', 'Normal');
INSERT INTO lab_test_results (lab_report_id, parameter, value, unit, reference_range, status) VALUES ('LAB-1000-1', 'C-Reactive Protein (CRP)', '4.2', 'mg/L', '< 5.0', 'Normal');
INSERT INTO imaging_reports (id, patient_id, type, body_part, date, hospital_name, doctor_name, findings, impression) VALUES ('IMG-1000-1', 1000, 'X-Ray', 'Bilateral Knee Joints (AP & Lateral)', NOW() - INTERVAL '7 days', 'Mugda Medical College Hospital', 'Dr. Rafiq Hasan', 'Narrowing of the medial joint spaces in both knees. Subchondral sclerosis and osteophyte formation are noted along the margins of both joint surfaces. No joint effusion or fracture.', 'Radiological features of Bilateral Osteoarthritis of Knees (Grade-II).');
INSERT INTO patient_allergies (patient_id, allergen, severity, reaction) VALUES (1000, 'Peanuts', 'High', 'Anaphylaxis and facial swelling');
INSERT INTO patient_chronic_diseases (patient_id, disease_name, status, diagnosed_date) VALUES (1000, 'Osteoarthritis', 'Active', NOW() - INTERVAL '1 years 8 months');
INSERT INTO patient_chronic_diseases (patient_id, disease_name, status, diagnosed_date) VALUES (1000, 'Migraine', 'Active', NOW() - INTERVAL '2 years 7 months');
INSERT INTO prescriptions (id, patient_id, date, doctor_name, doctor_specialization, hospital_name, diagnosis, clinical_notes, follow_up_date) VALUES ('PRES-1001-1', 1001, NOW() - INTERVAL '13 days', 'Dr. Taniya Siddique', 'General Surgery', 'Delta Hospital', 'Bilateral Osteoarthritis of Knee Joints', 'Pain, stiffness, and cracking sounds in both knees for the last 6 months, worse in the mornings and after sitting. Advised hot compression, avoidance of sitting on floor/squatting, and moderate knee exercises.', 'In 1 Month.');
INSERT INTO prescription_medicines (prescription_id, name, dosage, instruction, duration) VALUES ('PRES-1001-1', 'Tab. Naproxen 500mg', '1+0+1', 'After meals (only when pain is high)', '7 Days');
INSERT INTO prescription_medicines (prescription_id, name, dosage, instruction, duration) VALUES ('PRES-1001-1', 'Cap. Glucosamine + Chondroitin', '1+0+1', 'After meals', '2 Months');
INSERT INTO prescription_medicines (prescription_id, name, dosage, instruction, duration) VALUES ('PRES-1001-1', 'Tab. Omeprazole 20mg', '1+0+1', 'Before breakfast & dinner', '1 Month');
INSERT INTO lab_reports (id, patient_id, test_name, category, date, hospital_name, doctor_name, status, ai_interpretation) VALUES ('LAB-1001-1', 1001, 'Arthritis & Rheumatology Profile', 'Serology', NOW() - INTERVAL '13 days', 'Delta Hospital', 'Dr. Taniya Siddique', 'Completed', 'Uric acid level is slightly elevated, but Rheumatoid Factor is negative, suggesting OA rather than Gout or Rheumatoid Arthritis.');
INSERT INTO lab_test_results (lab_report_id, parameter, value, unit, reference_range, status) VALUES ('LAB-1001-1', 'Serum Uric Acid', '7.5', 'mg/dL', '3.5 - 7.2', 'High');
INSERT INTO lab_test_results (lab_report_id, parameter, value, unit, reference_range, status) VALUES ('LAB-1001-1', 'Rheumatoid Factor (RF)', '8', 'IU/mL', '< 14', 'Normal');
INSERT INTO lab_test_results (lab_report_id, parameter, value, unit, reference_range, status) VALUES ('LAB-1001-1', 'C-Reactive Protein (CRP)', '4.2', 'mg/L', '< 5.0', 'Normal');
INSERT INTO imaging_reports (id, patient_id, type, body_part, date, hospital_name, doctor_name, findings, impression) VALUES ('IMG-1001-1', 1001, 'X-Ray', 'Bilateral Knee Joints (AP & Lateral)', NOW() - INTERVAL '13 days', 'Delta Hospital', 'Dr. Taniya Siddique', 'Narrowing of the medial joint spaces in both knees. Subchondral sclerosis and osteophyte formation are noted along the margins of both joint surfaces. No joint effusion or fracture.', 'Radiological features of Bilateral Osteoarthritis of Knees (Grade-II).');
INSERT INTO prescriptions (id, patient_id, date, doctor_name, doctor_specialization, hospital_name, diagnosis, clinical_notes, follow_up_date) VALUES ('PRES-1001-2', 1001, NOW() - INTERVAL '24 days', 'Dr. Fatema Ahmed', 'Ophthalmology', 'Evercare Hospital', 'Acute Bronchitis & suspected Asthma', 'Cough with sputum, shortness of breath, and chest tightness for 5 days. Wheezing heard on auscultation. Advised avoiding cold drinks, dust, and using inhaler correctly.', 'In 10 days for review of symptoms.');
INSERT INTO prescription_medicines (prescription_id, name, dosage, instruction, duration) VALUES ('PRES-1001-2', 'Tab. Azithromycin 500mg', '1+0+0', '1 hour before food', '5 Days');
INSERT INTO prescription_medicines (prescription_id, name, dosage, instruction, duration) VALUES ('PRES-1001-2', 'Tab. Montelukast 10mg', '0+0+1', 'At night', '14 Days');
INSERT INTO prescription_medicines (prescription_id, name, dosage, instruction, duration) VALUES ('PRES-1001-2', 'Inhaler Salbutamol 100mcg', '2 Puffs', 'As needed (when short of breath)', 'As needed');
INSERT INTO lab_reports (id, patient_id, test_name, category, date, hospital_name, doctor_name, status, ai_interpretation) VALUES ('LAB-1001-2', 1001, 'Complete Blood Count (CBC)', 'Hematology', NOW() - INTERVAL '24 days', 'Evercare Hospital', 'Dr. Fatema Ahmed', 'Completed', 'Mild leukocytosis observed, consistent with active respiratory tract infection. Eosinophil counts are slightly elevated, which could point to an allergic component (Asthma).');
INSERT INTO lab_test_results (lab_report_id, parameter, value, unit, reference_range, status) VALUES ('LAB-1001-2', 'Total WBC Count', '11.2', 'x10^9/L', '4.0 - 11.0', 'High');
INSERT INTO lab_test_results (lab_report_id, parameter, value, unit, reference_range, status) VALUES ('LAB-1001-2', 'Hemoglobin (Hb)', '14.5', 'g/dL', '13.5 - 17.5', 'Normal');
INSERT INTO lab_test_results (lab_report_id, parameter, value, unit, reference_range, status) VALUES ('LAB-1001-2', 'Eosinophils', '7', '%', '1 - 6', 'High');
INSERT INTO imaging_reports (id, patient_id, type, body_part, date, hospital_name, doctor_name, findings, impression) VALUES ('IMG-1001-2', 1001, 'X-Ray', 'Chest (P/A View)', NOW() - INTERVAL '24 days', 'Evercare Hospital', 'Dr. Fatema Ahmed', 'Lungs are hyperinflated. Increased bronchovascular markings seen bilaterally. Both costophrenic angles are clear. Heart size and shape are normal. Bony thorax and dome of diaphragms are intact.', 'Findings are suggestive of Acute Bronchitic changes. No consolidation or pleural effusion.');
INSERT INTO patient_allergies (patient_id, allergen, severity, reaction) VALUES (1001, 'Dust Mites', 'Moderate', 'Sneezing and coughing');
INSERT INTO patient_allergies (patient_id, allergen, severity, reaction) VALUES (1001, 'Pollen', 'Low', 'Runny nose');
INSERT INTO patient_chronic_diseases (patient_id, disease_name, status, diagnosed_date) VALUES (1001, 'Osteoarthritis', 'Active', NOW() - INTERVAL '8 years 2 months');
INSERT INTO patient_chronic_diseases (patient_id, disease_name, status, diagnosed_date) VALUES (1001, 'Chronic Low Back Pain', 'Active', NOW() - INTERVAL '5 years 11 months');
INSERT INTO patient_chronic_diseases (patient_id, disease_name, status, diagnosed_date) VALUES (1001, 'Bronchial Asthma', 'Controlled', NOW() - INTERVAL '3 years 8 months');
INSERT INTO prescriptions (id, patient_id, date, doctor_name, doctor_specialization, hospital_name, diagnosis, clinical_notes, follow_up_date) VALUES ('PRES-1002-1', 1002, NOW() - INTERVAL '7 days', 'Dr. Khadija Begum', 'Psychiatry', 'Popular Diagnostic & Hospital', 'Type 2 Diabetes Mellitus & Essential Hypertension', 'Patient presents with generalized weakness and occasional dizziness. Blood pressure and fasting blood glucose are elevated. Recommended strict dietary control, low salt, regular walking, and compliance with medications.', 'In 3 months with fasting blood sugar and lipid profile reports.');
INSERT INTO prescription_medicines (prescription_id, name, dosage, instruction, duration) VALUES ('PRES-1002-1', 'Tab. Metformin HCl 500mg', '1+0+1', 'After meals', '3 Months');
INSERT INTO prescription_medicines (prescription_id, name, dosage, instruction, duration) VALUES ('PRES-1002-1', 'Tab. Amlodipine 5mg', '0+0+1', 'At night before sleeping', '1 Month');
INSERT INTO prescription_medicines (prescription_id, name, dosage, instruction, duration) VALUES ('PRES-1002-1', 'Tab. Atorvastatin 10mg', '0+0+1', 'At night after dinner', '2 Months');
INSERT INTO lab_reports (id, patient_id, test_name, category, date, hospital_name, doctor_name, status, ai_interpretation) VALUES ('LAB-1002-1', 1002, 'Diabetes and Kidney Function Panel', 'Biochemistry', NOW() - INTERVAL '7 days', 'Popular Diagnostic & Hospital', 'Dr. Khadija Begum', 'Completed', 'Fasting Blood Glucose is high, indicating suboptimal glycemic control. Renal function (Creatinine) is normal. HbA1c should be monitored next visit.');
INSERT INTO lab_test_results (lab_report_id, parameter, value, unit, reference_range, status) VALUES ('LAB-1002-1', 'Fasting Blood Sugar (FBS)', '142', 'mg/dL', '70 - 100', 'High');
INSERT INTO lab_test_results (lab_report_id, parameter, value, unit, reference_range, status) VALUES ('LAB-1002-1', 'Serum Creatinine', '0.9', 'mg/dL', '0.6 - 1.2', 'Normal');
INSERT INTO lab_test_results (lab_report_id, parameter, value, unit, reference_range, status) VALUES ('LAB-1002-1', 'Blood Urea Nitrogen (BUN)', '14', 'mg/dL', '7 - 20', 'Normal');
INSERT INTO imaging_reports (id, patient_id, type, body_part, date, hospital_name, doctor_name, findings, impression) VALUES ('IMG-1002-1', 1002, 'Ultrasonography', 'Whole Abdomen', NOW() - INTERVAL '7 days', 'Popular Diagnostic & Hospital', 'Dr. Khadija Begum', 'Liver shows normal size but mildly increased parenchymal echotexture, suggestive of Grade-I Fatty Liver. Gallbladder, spleen, kidneys, and urinary bladder are normal in size and shape. No calculi or focal masses seen.', 'Mild Hepatomegaly with Grade-I Fatty Change (Fatty Liver).');
INSERT INTO prescriptions (id, patient_id, date, doctor_name, doctor_specialization, hospital_name, diagnosis, clinical_notes, follow_up_date) VALUES ('PRES-1002-2', 1002, NOW() - INTERVAL '25 days', 'Dr. Rafiq Hasan', 'Orthopedics', 'Mugda Medical College Hospital', 'Acute Bronchitis & suspected Asthma', 'Cough with sputum, shortness of breath, and chest tightness for 5 days. Wheezing heard on auscultation. Advised avoiding cold drinks, dust, and using inhaler correctly.', 'In 10 days for review of symptoms.');
INSERT INTO prescription_medicines (prescription_id, name, dosage, instruction, duration) VALUES ('PRES-1002-2', 'Tab. Azithromycin 500mg', '1+0+0', '1 hour before food', '5 Days');
INSERT INTO prescription_medicines (prescription_id, name, dosage, instruction, duration) VALUES ('PRES-1002-2', 'Tab. Montelukast 10mg', '0+0+1', 'At night', '14 Days');
INSERT INTO prescription_medicines (prescription_id, name, dosage, instruction, duration) VALUES ('PRES-1002-2', 'Inhaler Salbutamol 100mcg', '2 Puffs', 'As needed (when short of breath)', 'As needed');
INSERT INTO lab_reports (id, patient_id, test_name, category, date, hospital_name, doctor_name, status, ai_interpretation) VALUES ('LAB-1002-2', 1002, 'Complete Blood Count (CBC)', 'Hematology', NOW() - INTERVAL '25 days', 'Mugda Medical College Hospital', 'Dr. Rafiq Hasan', 'Completed', 'Mild leukocytosis observed, consistent with active respiratory tract infection. Eosinophil counts are slightly elevated, which could point to an allergic component (Asthma).');
INSERT INTO lab_test_results (lab_report_id, parameter, value, unit, reference_range, status) VALUES ('LAB-1002-2', 'Total WBC Count', '11.2', 'x10^9/L', '4.0 - 11.0', 'High');
INSERT INTO lab_test_results (lab_report_id, parameter, value, unit, reference_range, status) VALUES ('LAB-1002-2', 'Hemoglobin (Hb)', '14.5', 'g/dL', '13.5 - 17.5', 'Normal');
INSERT INTO lab_test_results (lab_report_id, parameter, value, unit, reference_range, status) VALUES ('LAB-1002-2', 'Eosinophils', '7', '%', '1 - 6', 'High');
INSERT INTO imaging_reports (id, patient_id, type, body_part, date, hospital_name, doctor_name, findings, impression) VALUES ('IMG-1002-2', 1002, 'X-Ray', 'Chest (P/A View)', NOW() - INTERVAL '25 days', 'Mugda Medical College Hospital', 'Dr. Rafiq Hasan', 'Lungs are hyperinflated. Increased bronchovascular markings seen bilaterally. Both costophrenic angles are clear. Heart size and shape are normal. Bony thorax and dome of diaphragms are intact.', 'Findings are suggestive of Acute Bronchitic changes. No consolidation or pleural effusion.');
INSERT INTO patient_allergies (patient_id, allergen, severity, reaction) VALUES (1002, 'Dust Mites', 'Moderate', 'Sneezing and coughing');
INSERT INTO patient_allergies (patient_id, allergen, severity, reaction) VALUES (1002, 'Pollen', 'Low', 'Runny nose');
INSERT INTO patient_chronic_diseases (patient_id, disease_name, status, diagnosed_date) VALUES (1002, 'Hyperlipidemia', 'Active', NOW() - INTERVAL '5 years 5 months');
INSERT INTO patient_chronic_diseases (patient_id, disease_name, status, diagnosed_date) VALUES (1002, 'Type 2 Diabetes Mellitus', 'Active', NOW() - INTERVAL '4 years 9 months');
INSERT INTO patient_chronic_diseases (patient_id, disease_name, status, diagnosed_date) VALUES (1002, 'Essential Hypertension', 'Active', NOW() - INTERVAL '1 years 6 months');
INSERT INTO patient_chronic_diseases (patient_id, disease_name, status, diagnosed_date) VALUES (1002, 'Bronchial Asthma', 'Controlled', NOW() - INTERVAL '10 years 12 months');
INSERT INTO prescriptions (id, patient_id, date, doctor_name, doctor_specialization, hospital_name, diagnosis, clinical_notes, follow_up_date) VALUES ('PRES-1003-1', 1003, NOW() - INTERVAL '23 days', 'Dr. Begum Begum', 'Psychiatry', 'Apollo Imperial Hospital', 'Bilateral Osteoarthritis of Knee Joints', 'Pain, stiffness, and cracking sounds in both knees for the last 6 months, worse in the mornings and after sitting. Advised hot compression, avoidance of sitting on floor/squatting, and moderate knee exercises.', 'In 1 Month.');
INSERT INTO prescription_medicines (prescription_id, name, dosage, instruction, duration) VALUES ('PRES-1003-1', 'Tab. Naproxen 500mg', '1+0+1', 'After meals (only when pain is high)', '7 Days');
INSERT INTO prescription_medicines (prescription_id, name, dosage, instruction, duration) VALUES ('PRES-1003-1', 'Cap. Glucosamine + Chondroitin', '1+0+1', 'After meals', '2 Months');
INSERT INTO prescription_medicines (prescription_id, name, dosage, instruction, duration) VALUES ('PRES-1003-1', 'Tab. Omeprazole 20mg', '1+0+1', 'Before breakfast & dinner', '1 Month');
INSERT INTO lab_reports (id, patient_id, test_name, category, date, hospital_name, doctor_name, status, ai_interpretation) VALUES ('LAB-1003-1', 1003, 'Arthritis & Rheumatology Profile', 'Serology', NOW() - INTERVAL '23 days', 'Apollo Imperial Hospital', 'Dr. Begum Begum', 'Completed', 'Uric acid level is slightly elevated, but Rheumatoid Factor is negative, suggesting OA rather than Gout or Rheumatoid Arthritis.');
INSERT INTO lab_test_results (lab_report_id, parameter, value, unit, reference_range, status) VALUES ('LAB-1003-1', 'Serum Uric Acid', '7.5', 'mg/dL', '3.5 - 7.2', 'High');
INSERT INTO lab_test_results (lab_report_id, parameter, value, unit, reference_range, status) VALUES ('LAB-1003-1', 'Rheumatoid Factor (RF)', '8', 'IU/mL', '< 14', 'Normal');
INSERT INTO lab_test_results (lab_report_id, parameter, value, unit, reference_range, status) VALUES ('LAB-1003-1', 'C-Reactive Protein (CRP)', '4.2', 'mg/L', '< 5.0', 'Normal');
INSERT INTO imaging_reports (id, patient_id, type, body_part, date, hospital_name, doctor_name, findings, impression) VALUES ('IMG-1003-1', 1003, 'X-Ray', 'Bilateral Knee Joints (AP & Lateral)', NOW() - INTERVAL '23 days', 'Apollo Imperial Hospital', 'Dr. Begum Begum', 'Narrowing of the medial joint spaces in both knees. Subchondral sclerosis and osteophyte formation are noted along the margins of both joint surfaces. No joint effusion or fracture.', 'Radiological features of Bilateral Osteoarthritis of Knees (Grade-II).');
INSERT INTO prescriptions (id, patient_id, date, doctor_name, doctor_specialization, hospital_name, diagnosis, clinical_notes, follow_up_date) VALUES ('PRES-1003-2', 1003, NOW() - INTERVAL '13 days', 'Dr. Rashed Siddique', 'Gynaecology & Obstetrics', 'Jashore General Hospital', 'Type 2 Diabetes Mellitus & Essential Hypertension', 'Patient presents with generalized weakness and occasional dizziness. Blood pressure and fasting blood glucose are elevated. Recommended strict dietary control, low salt, regular walking, and compliance with medications.', 'In 3 months with fasting blood sugar and lipid profile reports.');
INSERT INTO prescription_medicines (prescription_id, name, dosage, instruction, duration) VALUES ('PRES-1003-2', 'Tab. Metformin HCl 500mg', '1+0+1', 'After meals', '3 Months');
INSERT INTO prescription_medicines (prescription_id, name, dosage, instruction, duration) VALUES ('PRES-1003-2', 'Tab. Amlodipine 5mg', '0+0+1', 'At night before sleeping', '1 Month');
INSERT INTO prescription_medicines (prescription_id, name, dosage, instruction, duration) VALUES ('PRES-1003-2', 'Tab. Atorvastatin 10mg', '0+0+1', 'At night after dinner', '2 Months');
INSERT INTO lab_reports (id, patient_id, test_name, category, date, hospital_name, doctor_name, status, ai_interpretation) VALUES ('LAB-1003-2', 1003, 'Diabetes and Kidney Function Panel', 'Biochemistry', NOW() - INTERVAL '13 days', 'Jashore General Hospital', 'Dr. Rashed Siddique', 'Completed', 'Fasting Blood Glucose is high, indicating suboptimal glycemic control. Renal function (Creatinine) is normal. HbA1c should be monitored next visit.');
INSERT INTO lab_test_results (lab_report_id, parameter, value, unit, reference_range, status) VALUES ('LAB-1003-2', 'Fasting Blood Sugar (FBS)', '142', 'mg/dL', '70 - 100', 'High');
INSERT INTO lab_test_results (lab_report_id, parameter, value, unit, reference_range, status) VALUES ('LAB-1003-2', 'Serum Creatinine', '0.9', 'mg/dL', '0.6 - 1.2', 'Normal');
INSERT INTO lab_test_results (lab_report_id, parameter, value, unit, reference_range, status) VALUES ('LAB-1003-2', 'Blood Urea Nitrogen (BUN)', '14', 'mg/dL', '7 - 20', 'Normal');
INSERT INTO imaging_reports (id, patient_id, type, body_part, date, hospital_name, doctor_name, findings, impression) VALUES ('IMG-1003-2', 1003, 'Ultrasonography', 'Whole Abdomen', NOW() - INTERVAL '13 days', 'Jashore General Hospital', 'Dr. Rashed Siddique', 'Liver shows normal size but mildly increased parenchymal echotexture, suggestive of Grade-I Fatty Liver. Gallbladder, spleen, kidneys, and urinary bladder are normal in size and shape. No calculi or focal masses seen.', 'Mild Hepatomegaly with Grade-I Fatty Change (Fatty Liver).');
INSERT INTO patient_chronic_diseases (patient_id, disease_name, status, diagnosed_date) VALUES (1003, 'Osteoarthritis', 'Active', NOW() - INTERVAL '8 years 4 months');
INSERT INTO patient_chronic_diseases (patient_id, disease_name, status, diagnosed_date) VALUES (1003, 'Anemia', 'Active', NOW() - INTERVAL '6 years 9 months');
INSERT INTO patient_chronic_diseases (patient_id, disease_name, status, diagnosed_date) VALUES (1003, 'Type 2 Diabetes Mellitus', 'Active', NOW() - INTERVAL '2 years 7 months');
INSERT INTO patient_chronic_diseases (patient_id, disease_name, status, diagnosed_date) VALUES (1003, 'Essential Hypertension', 'Active', NOW() - INTERVAL '9 years 3 months');
INSERT INTO prescriptions (id, patient_id, date, doctor_name, doctor_specialization, hospital_name, diagnosis, clinical_notes, follow_up_date) VALUES ('PRES-1004-1', 1004, NOW() - INTERVAL '8 days', 'Dr. Sana Ahmed', 'ENT', 'Square Hospitals Ltd.', 'Bilateral Osteoarthritis of Knee Joints', 'Pain, stiffness, and cracking sounds in both knees for the last 6 months, worse in the mornings and after sitting. Advised hot compression, avoidance of sitting on floor/squatting, and moderate knee exercises.', 'In 1 Month.');
INSERT INTO prescription_medicines (prescription_id, name, dosage, instruction, duration) VALUES ('PRES-1004-1', 'Tab. Naproxen 500mg', '1+0+1', 'After meals (only when pain is high)', '7 Days');
INSERT INTO prescription_medicines (prescription_id, name, dosage, instruction, duration) VALUES ('PRES-1004-1', 'Cap. Glucosamine + Chondroitin', '1+0+1', 'After meals', '2 Months');
INSERT INTO prescription_medicines (prescription_id, name, dosage, instruction, duration) VALUES ('PRES-1004-1', 'Tab. Omeprazole 20mg', '1+0+1', 'Before breakfast & dinner', '1 Month');
INSERT INTO lab_reports (id, patient_id, test_name, category, date, hospital_name, doctor_name, status, ai_interpretation) VALUES ('LAB-1004-1', 1004, 'Arthritis & Rheumatology Profile', 'Serology', NOW() - INTERVAL '8 days', 'Square Hospitals Ltd.', 'Dr. Sana Ahmed', 'Completed', 'Uric acid level is slightly elevated, but Rheumatoid Factor is negative, suggesting OA rather than Gout or Rheumatoid Arthritis.');
INSERT INTO lab_test_results (lab_report_id, parameter, value, unit, reference_range, status) VALUES ('LAB-1004-1', 'Serum Uric Acid', '7.5', 'mg/dL', '3.5 - 7.2', 'High');
INSERT INTO lab_test_results (lab_report_id, parameter, value, unit, reference_range, status) VALUES ('LAB-1004-1', 'Rheumatoid Factor (RF)', '8', 'IU/mL', '< 14', 'Normal');
INSERT INTO lab_test_results (lab_report_id, parameter, value, unit, reference_range, status) VALUES ('LAB-1004-1', 'C-Reactive Protein (CRP)', '4.2', 'mg/L', '< 5.0', 'Normal');
INSERT INTO imaging_reports (id, patient_id, type, body_part, date, hospital_name, doctor_name, findings, impression) VALUES ('IMG-1004-1', 1004, 'X-Ray', 'Bilateral Knee Joints (AP & Lateral)', NOW() - INTERVAL '8 days', 'Square Hospitals Ltd.', 'Dr. Sana Ahmed', 'Narrowing of the medial joint spaces in both knees. Subchondral sclerosis and osteophyte formation are noted along the margins of both joint surfaces. No joint effusion or fracture.', 'Radiological features of Bilateral Osteoarthritis of Knees (Grade-II).');
INSERT INTO patient_chronic_diseases (patient_id, disease_name, status, diagnosed_date) VALUES (1004, 'Osteoarthritis', 'Active', NOW() - INTERVAL '3 years 6 months');
INSERT INTO prescriptions (id, patient_id, date, doctor_name, doctor_specialization, hospital_name, diagnosis, clinical_notes, follow_up_date) VALUES ('PRES-1005-1', 1005, NOW() - INTERVAL '13 days', 'Dr. Rafiq Siddique', 'General Surgery', 'National Institute of Cardiovascular Diseases', 'Gastroesophageal Reflux Disease (GERD)', 'Complains of burning sensation in the chest (heartburn), sour taste in the mouth, and upper abdominal pain after meals. Recommended avoiding spicy foods, sleeping with head elevated, and not lying down immediately after eating.', 'In 2 weeks.');
INSERT INTO prescription_medicines (prescription_id, name, dosage, instruction, duration) VALUES ('PRES-1005-1', 'Cap. Esomeprazole 20mg', '1+0+1', '30 minutes before breakfast & dinner', '1 Month');
INSERT INTO prescription_medicines (prescription_id, name, dosage, instruction, duration) VALUES ('PRES-1005-1', 'Tab. Domperidone 10mg', '1+1+1', '15 minutes before meals', '10 Days');
INSERT INTO prescription_medicines (prescription_id, name, dosage, instruction, duration) VALUES ('PRES-1005-1', 'Syr. Antacid', '2 spoonful', '1 hour after meals', '7 Days');
INSERT INTO lab_reports (id, patient_id, test_name, category, date, hospital_name, doctor_name, status, ai_interpretation) VALUES ('LAB-1005-1', 1005, 'H. Pylori Screening Panel', 'Serology', NOW() - INTERVAL '13 days', 'National Institute of Cardiovascular Diseases', 'Dr. Rafiq Siddique', 'Completed', 'H. Pylori antigen test is negative. Upper GI symptoms are likely due to lifestyle/acid reflux rather than active bacterial infection.');
INSERT INTO lab_test_results (lab_report_id, parameter, value, unit, reference_range, status) VALUES ('LAB-1005-1', 'H. Pylori Ag (Stool)', 'Negative', 'N/A', 'Negative', 'Normal');
INSERT INTO imaging_reports (id, patient_id, type, body_part, date, hospital_name, doctor_name, findings, impression) VALUES ('IMG-1005-1', 1005, 'Ultrasonography', 'Hepatobiliary System (HBS)', NOW() - INTERVAL '13 days', 'National Institute of Cardiovascular Diseases', 'Dr. Rafiq Siddique', 'Gallbladder is distended with normal wall thickness. No gallstones or sludge seen. Common bile duct and intrahepatic biliary channels are normal. Pancreas and spleen are normal.', 'Normal HBS scan. No gallstones detected.');
INSERT INTO prescriptions (id, patient_id, date, doctor_name, doctor_specialization, hospital_name, diagnosis, clinical_notes, follow_up_date) VALUES ('PRES-1005-2', 1005, NOW() - INTERVAL '18 days', 'Dr. Helal Uddin', 'Gastroenterology', 'National Medical Center', 'Type 2 Diabetes Mellitus & Essential Hypertension', 'Patient presents with generalized weakness and occasional dizziness. Blood pressure and fasting blood glucose are elevated. Recommended strict dietary control, low salt, regular walking, and compliance with medications.', 'In 3 months with fasting blood sugar and lipid profile reports.');
INSERT INTO prescription_medicines (prescription_id, name, dosage, instruction, duration) VALUES ('PRES-1005-2', 'Tab. Metformin HCl 500mg', '1+0+1', 'After meals', '3 Months');
INSERT INTO prescription_medicines (prescription_id, name, dosage, instruction, duration) VALUES ('PRES-1005-2', 'Tab. Amlodipine 5mg', '0+0+1', 'At night before sleeping', '1 Month');
INSERT INTO prescription_medicines (prescription_id, name, dosage, instruction, duration) VALUES ('PRES-1005-2', 'Tab. Atorvastatin 10mg', '0+0+1', 'At night after dinner', '2 Months');
INSERT INTO lab_reports (id, patient_id, test_name, category, date, hospital_name, doctor_name, status, ai_interpretation) VALUES ('LAB-1005-2', 1005, 'Diabetes and Kidney Function Panel', 'Biochemistry', NOW() - INTERVAL '18 days', 'National Medical Center', 'Dr. Helal Uddin', 'Completed', 'Fasting Blood Glucose is high, indicating suboptimal glycemic control. Renal function (Creatinine) is normal. HbA1c should be monitored next visit.');
INSERT INTO lab_test_results (lab_report_id, parameter, value, unit, reference_range, status) VALUES ('LAB-1005-2', 'Fasting Blood Sugar (FBS)', '142', 'mg/dL', '70 - 100', 'High');
INSERT INTO lab_test_results (lab_report_id, parameter, value, unit, reference_range, status) VALUES ('LAB-1005-2', 'Serum Creatinine', '0.9', 'mg/dL', '0.6 - 1.2', 'Normal');
INSERT INTO lab_test_results (lab_report_id, parameter, value, unit, reference_range, status) VALUES ('LAB-1005-2', 'Blood Urea Nitrogen (BUN)', '14', 'mg/dL', '7 - 20', 'Normal');
INSERT INTO imaging_reports (id, patient_id, type, body_part, date, hospital_name, doctor_name, findings, impression) VALUES ('IMG-1005-2', 1005, 'Ultrasonography', 'Whole Abdomen', NOW() - INTERVAL '18 days', 'National Medical Center', 'Dr. Helal Uddin', 'Liver shows normal size but mildly increased parenchymal echotexture, suggestive of Grade-I Fatty Liver. Gallbladder, spleen, kidneys, and urinary bladder are normal in size and shape. No calculi or focal masses seen.', 'Mild Hepatomegaly with Grade-I Fatty Change (Fatty Liver).');
INSERT INTO patient_allergies (patient_id, allergen, severity, reaction) VALUES (1005, 'Peanuts', 'High', 'Anaphylaxis and facial swelling');
INSERT INTO patient_chronic_diseases (patient_id, disease_name, status, diagnosed_date) VALUES (1005, 'Gastroesophageal Reflux Disease (GERD)', 'Active', NOW() - INTERVAL '5 years 12 months');
INSERT INTO patient_chronic_diseases (patient_id, disease_name, status, diagnosed_date) VALUES (1005, 'Type 2 Diabetes Mellitus', 'Active', NOW() - INTERVAL '8 years 4 months');
INSERT INTO patient_chronic_diseases (patient_id, disease_name, status, diagnosed_date) VALUES (1005, 'Essential Hypertension', 'Active', NOW() - INTERVAL '5 years 5 months');
INSERT INTO prescriptions (id, patient_id, date, doctor_name, doctor_specialization, hospital_name, diagnosis, clinical_notes, follow_up_date) VALUES ('PRES-1006-1', 1006, NOW() - INTERVAL '30 days', 'Dr. Sabbir Chowdhury', 'Pediatrics', 'National Institute of Kidney Diseases & Urology', 'Acute Bronchitis & suspected Asthma', 'Cough with sputum, shortness of breath, and chest tightness for 5 days. Wheezing heard on auscultation. Advised avoiding cold drinks, dust, and using inhaler correctly.', 'In 10 days for review of symptoms.');
INSERT INTO prescription_medicines (prescription_id, name, dosage, instruction, duration) VALUES ('PRES-1006-1', 'Tab. Azithromycin 500mg', '1+0+0', '1 hour before food', '5 Days');
INSERT INTO prescription_medicines (prescription_id, name, dosage, instruction, duration) VALUES ('PRES-1006-1', 'Tab. Montelukast 10mg', '0+0+1', 'At night', '14 Days');
INSERT INTO prescription_medicines (prescription_id, name, dosage, instruction, duration) VALUES ('PRES-1006-1', 'Inhaler Salbutamol 100mcg', '2 Puffs', 'As needed (when short of breath)', 'As needed');
INSERT INTO lab_reports (id, patient_id, test_name, category, date, hospital_name, doctor_name, status, ai_interpretation) VALUES ('LAB-1006-1', 1006, 'Complete Blood Count (CBC)', 'Hematology', NOW() - INTERVAL '30 days', 'National Institute of Kidney Diseases & Urology', 'Dr. Sabbir Chowdhury', 'Completed', 'Mild leukocytosis observed, consistent with active respiratory tract infection. Eosinophil counts are slightly elevated, which could point to an allergic component (Asthma).');
INSERT INTO lab_test_results (lab_report_id, parameter, value, unit, reference_range, status) VALUES ('LAB-1006-1', 'Total WBC Count', '11.2', 'x10^9/L', '4.0 - 11.0', 'High');
INSERT INTO lab_test_results (lab_report_id, parameter, value, unit, reference_range, status) VALUES ('LAB-1006-1', 'Hemoglobin (Hb)', '14.5', 'g/dL', '13.5 - 17.5', 'Normal');
INSERT INTO lab_test_results (lab_report_id, parameter, value, unit, reference_range, status) VALUES ('LAB-1006-1', 'Eosinophils', '7', '%', '1 - 6', 'High');
INSERT INTO imaging_reports (id, patient_id, type, body_part, date, hospital_name, doctor_name, findings, impression) VALUES ('IMG-1006-1', 1006, 'X-Ray', 'Chest (P/A View)', NOW() - INTERVAL '30 days', 'National Institute of Kidney Diseases & Urology', 'Dr. Sabbir Chowdhury', 'Lungs are hyperinflated. Increased bronchovascular markings seen bilaterally. Both costophrenic angles are clear. Heart size and shape are normal. Bony thorax and dome of diaphragms are intact.', 'Findings are suggestive of Acute Bronchitic changes. No consolidation or pleural effusion.');
INSERT INTO prescriptions (id, patient_id, date, doctor_name, doctor_specialization, hospital_name, diagnosis, clinical_notes, follow_up_date) VALUES ('PRES-1006-2', 1006, NOW() - INTERVAL '30 days', 'Dr. Tarek Hasan', 'Gynaecology & Obstetrics', 'North West Medical College & Hospital', 'Bilateral Osteoarthritis of Knee Joints', 'Pain, stiffness, and cracking sounds in both knees for the last 6 months, worse in the mornings and after sitting. Advised hot compression, avoidance of sitting on floor/squatting, and moderate knee exercises.', 'In 1 Month.');
INSERT INTO prescription_medicines (prescription_id, name, dosage, instruction, duration) VALUES ('PRES-1006-2', 'Tab. Naproxen 500mg', '1+0+1', 'After meals (only when pain is high)', '7 Days');
INSERT INTO prescription_medicines (prescription_id, name, dosage, instruction, duration) VALUES ('PRES-1006-2', 'Cap. Glucosamine + Chondroitin', '1+0+1', 'After meals', '2 Months');
INSERT INTO prescription_medicines (prescription_id, name, dosage, instruction, duration) VALUES ('PRES-1006-2', 'Tab. Omeprazole 20mg', '1+0+1', 'Before breakfast & dinner', '1 Month');
INSERT INTO lab_reports (id, patient_id, test_name, category, date, hospital_name, doctor_name, status, ai_interpretation) VALUES ('LAB-1006-2', 1006, 'Arthritis & Rheumatology Profile', 'Serology', NOW() - INTERVAL '30 days', 'North West Medical College & Hospital', 'Dr. Tarek Hasan', 'Completed', 'Uric acid level is slightly elevated, but Rheumatoid Factor is negative, suggesting OA rather than Gout or Rheumatoid Arthritis.');
INSERT INTO lab_test_results (lab_report_id, parameter, value, unit, reference_range, status) VALUES ('LAB-1006-2', 'Serum Uric Acid', '7.5', 'mg/dL', '3.5 - 7.2', 'High');
INSERT INTO lab_test_results (lab_report_id, parameter, value, unit, reference_range, status) VALUES ('LAB-1006-2', 'Rheumatoid Factor (RF)', '8', 'IU/mL', '< 14', 'Normal');
INSERT INTO lab_test_results (lab_report_id, parameter, value, unit, reference_range, status) VALUES ('LAB-1006-2', 'C-Reactive Protein (CRP)', '4.2', 'mg/L', '< 5.0', 'Normal');
INSERT INTO imaging_reports (id, patient_id, type, body_part, date, hospital_name, doctor_name, findings, impression) VALUES ('IMG-1006-2', 1006, 'X-Ray', 'Bilateral Knee Joints (AP & Lateral)', NOW() - INTERVAL '30 days', 'North West Medical College & Hospital', 'Dr. Tarek Hasan', 'Narrowing of the medial joint spaces in both knees. Subchondral sclerosis and osteophyte formation are noted along the margins of both joint surfaces. No joint effusion or fracture.', 'Radiological features of Bilateral Osteoarthritis of Knees (Grade-II).');
INSERT INTO patient_allergies (patient_id, allergen, severity, reaction) VALUES (1006, 'Dust Mites', 'Moderate', 'Sneezing and coughing');
INSERT INTO patient_allergies (patient_id, allergen, severity, reaction) VALUES (1006, 'Pollen', 'Low', 'Runny nose');
INSERT INTO patient_chronic_diseases (patient_id, disease_name, status, diagnosed_date) VALUES (1006, 'Osteoarthritis', 'Active', NOW() - INTERVAL '1 years 10 months');
INSERT INTO patient_chronic_diseases (patient_id, disease_name, status, diagnosed_date) VALUES (1006, 'Hyperlipidemia', 'Active', NOW() - INTERVAL '2 years 6 months');
INSERT INTO patient_chronic_diseases (patient_id, disease_name, status, diagnosed_date) VALUES (1006, 'Bronchial Asthma', 'Controlled', NOW() - INTERVAL '4 years 7 months');
INSERT INTO prescriptions (id, patient_id, date, doctor_name, doctor_specialization, hospital_name, diagnosis, clinical_notes, follow_up_date) VALUES ('PRES-1007-1', 1007, NOW() - INTERVAL '6 days', 'Dr. Samia Uddin', 'Pediatrics', 'United Hospital', 'Acute Bronchitis & suspected Asthma', 'Cough with sputum, shortness of breath, and chest tightness for 5 days. Wheezing heard on auscultation. Advised avoiding cold drinks, dust, and using inhaler correctly.', 'In 10 days for review of symptoms.');
INSERT INTO prescription_medicines (prescription_id, name, dosage, instruction, duration) VALUES ('PRES-1007-1', 'Tab. Azithromycin 500mg', '1+0+0', '1 hour before food', '5 Days');
INSERT INTO prescription_medicines (prescription_id, name, dosage, instruction, duration) VALUES ('PRES-1007-1', 'Tab. Montelukast 10mg', '0+0+1', 'At night', '14 Days');
INSERT INTO prescription_medicines (prescription_id, name, dosage, instruction, duration) VALUES ('PRES-1007-1', 'Inhaler Salbutamol 100mcg', '2 Puffs', 'As needed (when short of breath)', 'As needed');
INSERT INTO lab_reports (id, patient_id, test_name, category, date, hospital_name, doctor_name, status, ai_interpretation) VALUES ('LAB-1007-1', 1007, 'Complete Blood Count (CBC)', 'Hematology', NOW() - INTERVAL '6 days', 'United Hospital', 'Dr. Samia Uddin', 'Completed', 'Mild leukocytosis observed, consistent with active respiratory tract infection. Eosinophil counts are slightly elevated, which could point to an allergic component (Asthma).');
INSERT INTO lab_test_results (lab_report_id, parameter, value, unit, reference_range, status) VALUES ('LAB-1007-1', 'Total WBC Count', '11.2', 'x10^9/L', '4.0 - 11.0', 'High');
INSERT INTO lab_test_results (lab_report_id, parameter, value, unit, reference_range, status) VALUES ('LAB-1007-1', 'Hemoglobin (Hb)', '14.5', 'g/dL', '13.5 - 17.5', 'Normal');
INSERT INTO lab_test_results (lab_report_id, parameter, value, unit, reference_range, status) VALUES ('LAB-1007-1', 'Eosinophils', '7', '%', '1 - 6', 'High');
INSERT INTO imaging_reports (id, patient_id, type, body_part, date, hospital_name, doctor_name, findings, impression) VALUES ('IMG-1007-1', 1007, 'X-Ray', 'Chest (P/A View)', NOW() - INTERVAL '6 days', 'United Hospital', 'Dr. Samia Uddin', 'Lungs are hyperinflated. Increased bronchovascular markings seen bilaterally. Both costophrenic angles are clear. Heart size and shape are normal. Bony thorax and dome of diaphragms are intact.', 'Findings are suggestive of Acute Bronchitic changes. No consolidation or pleural effusion.');
INSERT INTO patient_allergies (patient_id, allergen, severity, reaction) VALUES (1007, 'Dust Mites', 'Moderate', 'Sneezing and coughing');
INSERT INTO patient_allergies (patient_id, allergen, severity, reaction) VALUES (1007, 'Pollen', 'Low', 'Runny nose');
INSERT INTO patient_chronic_diseases (patient_id, disease_name, status, diagnosed_date) VALUES (1007, 'Migraine', 'Active', NOW() - INTERVAL '1 years 9 months');
INSERT INTO patient_chronic_diseases (patient_id, disease_name, status, diagnosed_date) VALUES (1007, 'Bronchial Asthma', 'Controlled', NOW() - INTERVAL '4 years 12 months');
INSERT INTO prescriptions (id, patient_id, date, doctor_name, doctor_specialization, hospital_name, diagnosis, clinical_notes, follow_up_date) VALUES ('PRES-1008-1', 1008, NOW() - INTERVAL '27 days', 'Dr. Monir Hasan', 'Dermatology', 'BIRDEM General Hospital', 'Acute Bronchitis & suspected Asthma', 'Cough with sputum, shortness of breath, and chest tightness for 5 days. Wheezing heard on auscultation. Advised avoiding cold drinks, dust, and using inhaler correctly.', 'In 10 days for review of symptoms.');
INSERT INTO prescription_medicines (prescription_id, name, dosage, instruction, duration) VALUES ('PRES-1008-1', 'Tab. Azithromycin 500mg', '1+0+0', '1 hour before food', '5 Days');
INSERT INTO prescription_medicines (prescription_id, name, dosage, instruction, duration) VALUES ('PRES-1008-1', 'Tab. Montelukast 10mg', '0+0+1', 'At night', '14 Days');
INSERT INTO prescription_medicines (prescription_id, name, dosage, instruction, duration) VALUES ('PRES-1008-1', 'Inhaler Salbutamol 100mcg', '2 Puffs', 'As needed (when short of breath)', 'As needed');
INSERT INTO lab_reports (id, patient_id, test_name, category, date, hospital_name, doctor_name, status, ai_interpretation) VALUES ('LAB-1008-1', 1008, 'Complete Blood Count (CBC)', 'Hematology', NOW() - INTERVAL '27 days', 'BIRDEM General Hospital', 'Dr. Monir Hasan', 'Completed', 'Mild leukocytosis observed, consistent with active respiratory tract infection. Eosinophil counts are slightly elevated, which could point to an allergic component (Asthma).');
INSERT INTO lab_test_results (lab_report_id, parameter, value, unit, reference_range, status) VALUES ('LAB-1008-1', 'Total WBC Count', '11.2', 'x10^9/L', '4.0 - 11.0', 'High');
INSERT INTO lab_test_results (lab_report_id, parameter, value, unit, reference_range, status) VALUES ('LAB-1008-1', 'Hemoglobin (Hb)', '14.5', 'g/dL', '13.5 - 17.5', 'Normal');
INSERT INTO lab_test_results (lab_report_id, parameter, value, unit, reference_range, status) VALUES ('LAB-1008-1', 'Eosinophils', '7', '%', '1 - 6', 'High');
INSERT INTO imaging_reports (id, patient_id, type, body_part, date, hospital_name, doctor_name, findings, impression) VALUES ('IMG-1008-1', 1008, 'X-Ray', 'Chest (P/A View)', NOW() - INTERVAL '27 days', 'BIRDEM General Hospital', 'Dr. Monir Hasan', 'Lungs are hyperinflated. Increased bronchovascular markings seen bilaterally. Both costophrenic angles are clear. Heart size and shape are normal. Bony thorax and dome of diaphragms are intact.', 'Findings are suggestive of Acute Bronchitic changes. No consolidation or pleural effusion.');
INSERT INTO prescriptions (id, patient_id, date, doctor_name, doctor_specialization, hospital_name, diagnosis, clinical_notes, follow_up_date) VALUES ('PRES-1008-2', 1008, NOW() - INTERVAL '2 days', 'Dr. Shahanaz Siddique', 'Pediatrics', 'Delta Hospital', 'Bilateral Osteoarthritis of Knee Joints', 'Pain, stiffness, and cracking sounds in both knees for the last 6 months, worse in the mornings and after sitting. Advised hot compression, avoidance of sitting on floor/squatting, and moderate knee exercises.', 'In 1 Month.');
INSERT INTO prescription_medicines (prescription_id, name, dosage, instruction, duration) VALUES ('PRES-1008-2', 'Tab. Naproxen 500mg', '1+0+1', 'After meals (only when pain is high)', '7 Days');
INSERT INTO prescription_medicines (prescription_id, name, dosage, instruction, duration) VALUES ('PRES-1008-2', 'Cap. Glucosamine + Chondroitin', '1+0+1', 'After meals', '2 Months');
INSERT INTO prescription_medicines (prescription_id, name, dosage, instruction, duration) VALUES ('PRES-1008-2', 'Tab. Omeprazole 20mg', '1+0+1', 'Before breakfast & dinner', '1 Month');
INSERT INTO lab_reports (id, patient_id, test_name, category, date, hospital_name, doctor_name, status, ai_interpretation) VALUES ('LAB-1008-2', 1008, 'Arthritis & Rheumatology Profile', 'Serology', NOW() - INTERVAL '2 days', 'Delta Hospital', 'Dr. Shahanaz Siddique', 'Completed', 'Uric acid level is slightly elevated, but Rheumatoid Factor is negative, suggesting OA rather than Gout or Rheumatoid Arthritis.');
INSERT INTO lab_test_results (lab_report_id, parameter, value, unit, reference_range, status) VALUES ('LAB-1008-2', 'Serum Uric Acid', '7.5', 'mg/dL', '3.5 - 7.2', 'High');
INSERT INTO lab_test_results (lab_report_id, parameter, value, unit, reference_range, status) VALUES ('LAB-1008-2', 'Rheumatoid Factor (RF)', '8', 'IU/mL', '< 14', 'Normal');
INSERT INTO lab_test_results (lab_report_id, parameter, value, unit, reference_range, status) VALUES ('LAB-1008-2', 'C-Reactive Protein (CRP)', '4.2', 'mg/L', '< 5.0', 'Normal');
INSERT INTO imaging_reports (id, patient_id, type, body_part, date, hospital_name, doctor_name, findings, impression) VALUES ('IMG-1008-2', 1008, 'X-Ray', 'Bilateral Knee Joints (AP & Lateral)', NOW() - INTERVAL '2 days', 'Delta Hospital', 'Dr. Shahanaz Siddique', 'Narrowing of the medial joint spaces in both knees. Subchondral sclerosis and osteophyte formation are noted along the margins of both joint surfaces. No joint effusion or fracture.', 'Radiological features of Bilateral Osteoarthritis of Knees (Grade-II).');
INSERT INTO patient_allergies (patient_id, allergen, severity, reaction) VALUES (1008, 'Dust Mites', 'Moderate', 'Sneezing and coughing');
INSERT INTO patient_allergies (patient_id, allergen, severity, reaction) VALUES (1008, 'Pollen', 'Low', 'Runny nose');
INSERT INTO patient_chronic_diseases (patient_id, disease_name, status, diagnosed_date) VALUES (1008, 'Osteoarthritis', 'Active', NOW() - INTERVAL '3 years 4 months');
INSERT INTO patient_chronic_diseases (patient_id, disease_name, status, diagnosed_date) VALUES (1008, 'Bronchial Asthma', 'Controlled', NOW() - INTERVAL '7 years 8 months');
INSERT INTO prescriptions (id, patient_id, date, doctor_name, doctor_specialization, hospital_name, diagnosis, clinical_notes, follow_up_date) VALUES ('PRES-1009-1', 1009, NOW() - INTERVAL '28 days', 'Dr. Shilpi Siddique', 'Urology', 'Kurmitola General Hospital', 'Acute Bronchitis & suspected Asthma', 'Cough with sputum, shortness of breath, and chest tightness for 5 days. Wheezing heard on auscultation. Advised avoiding cold drinks, dust, and using inhaler correctly.', 'In 10 days for review of symptoms.');
INSERT INTO prescription_medicines (prescription_id, name, dosage, instruction, duration) VALUES ('PRES-1009-1', 'Tab. Azithromycin 500mg', '1+0+0', '1 hour before food', '5 Days');
INSERT INTO prescription_medicines (prescription_id, name, dosage, instruction, duration) VALUES ('PRES-1009-1', 'Tab. Montelukast 10mg', '0+0+1', 'At night', '14 Days');
INSERT INTO prescription_medicines (prescription_id, name, dosage, instruction, duration) VALUES ('PRES-1009-1', 'Inhaler Salbutamol 100mcg', '2 Puffs', 'As needed (when short of breath)', 'As needed');
INSERT INTO lab_reports (id, patient_id, test_name, category, date, hospital_name, doctor_name, status, ai_interpretation) VALUES ('LAB-1009-1', 1009, 'Complete Blood Count (CBC)', 'Hematology', NOW() - INTERVAL '28 days', 'Kurmitola General Hospital', 'Dr. Shilpi Siddique', 'Completed', 'Mild leukocytosis observed, consistent with active respiratory tract infection. Eosinophil counts are slightly elevated, which could point to an allergic component (Asthma).');
INSERT INTO lab_test_results (lab_report_id, parameter, value, unit, reference_range, status) VALUES ('LAB-1009-1', 'Total WBC Count', '11.2', 'x10^9/L', '4.0 - 11.0', 'High');
INSERT INTO lab_test_results (lab_report_id, parameter, value, unit, reference_range, status) VALUES ('LAB-1009-1', 'Hemoglobin (Hb)', '14.5', 'g/dL', '13.5 - 17.5', 'Normal');
INSERT INTO lab_test_results (lab_report_id, parameter, value, unit, reference_range, status) VALUES ('LAB-1009-1', 'Eosinophils', '7', '%', '1 - 6', 'High');
INSERT INTO imaging_reports (id, patient_id, type, body_part, date, hospital_name, doctor_name, findings, impression) VALUES ('IMG-1009-1', 1009, 'X-Ray', 'Chest (P/A View)', NOW() - INTERVAL '28 days', 'Kurmitola General Hospital', 'Dr. Shilpi Siddique', 'Lungs are hyperinflated. Increased bronchovascular markings seen bilaterally. Both costophrenic angles are clear. Heart size and shape are normal. Bony thorax and dome of diaphragms are intact.', 'Findings are suggestive of Acute Bronchitic changes. No consolidation or pleural effusion.');
INSERT INTO prescriptions (id, patient_id, date, doctor_name, doctor_specialization, hospital_name, diagnosis, clinical_notes, follow_up_date) VALUES ('PRES-1009-2', 1009, NOW() - INTERVAL '25 days', 'Dr. Sana Khan', 'Gastroenterology', 'Chittagong Medical College', 'Gastroesophageal Reflux Disease (GERD)', 'Complains of burning sensation in the chest (heartburn), sour taste in the mouth, and upper abdominal pain after meals. Recommended avoiding spicy foods, sleeping with head elevated, and not lying down immediately after eating.', 'In 2 weeks.');
INSERT INTO prescription_medicines (prescription_id, name, dosage, instruction, duration) VALUES ('PRES-1009-2', 'Cap. Esomeprazole 20mg', '1+0+1', '30 minutes before breakfast & dinner', '1 Month');
INSERT INTO prescription_medicines (prescription_id, name, dosage, instruction, duration) VALUES ('PRES-1009-2', 'Tab. Domperidone 10mg', '1+1+1', '15 minutes before meals', '10 Days');
INSERT INTO prescription_medicines (prescription_id, name, dosage, instruction, duration) VALUES ('PRES-1009-2', 'Syr. Antacid', '2 spoonful', '1 hour after meals', '7 Days');
INSERT INTO lab_reports (id, patient_id, test_name, category, date, hospital_name, doctor_name, status, ai_interpretation) VALUES ('LAB-1009-2', 1009, 'H. Pylori Screening Panel', 'Serology', NOW() - INTERVAL '25 days', 'Chittagong Medical College', 'Dr. Sana Khan', 'Completed', 'H. Pylori antigen test is negative. Upper GI symptoms are likely due to lifestyle/acid reflux rather than active bacterial infection.');
INSERT INTO lab_test_results (lab_report_id, parameter, value, unit, reference_range, status) VALUES ('LAB-1009-2', 'H. Pylori Ag (Stool)', 'Negative', 'N/A', 'Negative', 'Normal');
INSERT INTO imaging_reports (id, patient_id, type, body_part, date, hospital_name, doctor_name, findings, impression) VALUES ('IMG-1009-2', 1009, 'Ultrasonography', 'Hepatobiliary System (HBS)', NOW() - INTERVAL '25 days', 'Chittagong Medical College', 'Dr. Sana Khan', 'Gallbladder is distended with normal wall thickness. No gallstones or sludge seen. Common bile duct and intrahepatic biliary channels are normal. Pancreas and spleen are normal.', 'Normal HBS scan. No gallstones detected.');
INSERT INTO patient_allergies (patient_id, allergen, severity, reaction) VALUES (1009, 'Dust Mites', 'Moderate', 'Sneezing and coughing');
INSERT INTO patient_allergies (patient_id, allergen, severity, reaction) VALUES (1009, 'Pollen', 'Low', 'Runny nose');
INSERT INTO patient_chronic_diseases (patient_id, disease_name, status, diagnosed_date) VALUES (1009, 'Gastroesophageal Reflux Disease (GERD)', 'Active', NOW() - INTERVAL '1 years 10 months');
INSERT INTO patient_chronic_diseases (patient_id, disease_name, status, diagnosed_date) VALUES (1009, 'Bronchial Asthma', 'Controlled', NOW() - INTERVAL '2 years 2 months');
INSERT INTO prescriptions (id, patient_id, date, doctor_name, doctor_specialization, hospital_name, diagnosis, clinical_notes, follow_up_date) VALUES ('PRES-1010-1', 1010, NOW() - INTERVAL '21 days', 'Dr. Arif Chowdhury', 'Pulmonology', 'National Medical Center', 'Gastroesophageal Reflux Disease (GERD)', 'Complains of burning sensation in the chest (heartburn), sour taste in the mouth, and upper abdominal pain after meals. Recommended avoiding spicy foods, sleeping with head elevated, and not lying down immediately after eating.', 'In 2 weeks.');
INSERT INTO prescription_medicines (prescription_id, name, dosage, instruction, duration) VALUES ('PRES-1010-1', 'Cap. Esomeprazole 20mg', '1+0+1', '30 minutes before breakfast & dinner', '1 Month');
INSERT INTO prescription_medicines (prescription_id, name, dosage, instruction, duration) VALUES ('PRES-1010-1', 'Tab. Domperidone 10mg', '1+1+1', '15 minutes before meals', '10 Days');
INSERT INTO prescription_medicines (prescription_id, name, dosage, instruction, duration) VALUES ('PRES-1010-1', 'Syr. Antacid', '2 spoonful', '1 hour after meals', '7 Days');
INSERT INTO lab_reports (id, patient_id, test_name, category, date, hospital_name, doctor_name, status, ai_interpretation) VALUES ('LAB-1010-1', 1010, 'H. Pylori Screening Panel', 'Serology', NOW() - INTERVAL '21 days', 'National Medical Center', 'Dr. Arif Chowdhury', 'Completed', 'H. Pylori antigen test is negative. Upper GI symptoms are likely due to lifestyle/acid reflux rather than active bacterial infection.');
INSERT INTO lab_test_results (lab_report_id, parameter, value, unit, reference_range, status) VALUES ('LAB-1010-1', 'H. Pylori Ag (Stool)', 'Negative', 'N/A', 'Negative', 'Normal');
INSERT INTO imaging_reports (id, patient_id, type, body_part, date, hospital_name, doctor_name, findings, impression) VALUES ('IMG-1010-1', 1010, 'Ultrasonography', 'Hepatobiliary System (HBS)', NOW() - INTERVAL '21 days', 'National Medical Center', 'Dr. Arif Chowdhury', 'Gallbladder is distended with normal wall thickness. No gallstones or sludge seen. Common bile duct and intrahepatic biliary channels are normal. Pancreas and spleen are normal.', 'Normal HBS scan. No gallstones detected.');
INSERT INTO prescriptions (id, patient_id, date, doctor_name, doctor_specialization, hospital_name, diagnosis, clinical_notes, follow_up_date) VALUES ('PRES-1010-2', 1010, NOW() - INTERVAL '24 days', 'Dr. Monir Ali', 'Gastroenterology', 'Ibn Sina Medical College', 'Acute Bronchitis & suspected Asthma', 'Cough with sputum, shortness of breath, and chest tightness for 5 days. Wheezing heard on auscultation. Advised avoiding cold drinks, dust, and using inhaler correctly.', 'In 10 days for review of symptoms.');
INSERT INTO prescription_medicines (prescription_id, name, dosage, instruction, duration) VALUES ('PRES-1010-2', 'Tab. Azithromycin 500mg', '1+0+0', '1 hour before food', '5 Days');
INSERT INTO prescription_medicines (prescription_id, name, dosage, instruction, duration) VALUES ('PRES-1010-2', 'Tab. Montelukast 10mg', '0+0+1', 'At night', '14 Days');
INSERT INTO prescription_medicines (prescription_id, name, dosage, instruction, duration) VALUES ('PRES-1010-2', 'Inhaler Salbutamol 100mcg', '2 Puffs', 'As needed (when short of breath)', 'As needed');
INSERT INTO lab_reports (id, patient_id, test_name, category, date, hospital_name, doctor_name, status, ai_interpretation) VALUES ('LAB-1010-2', 1010, 'Complete Blood Count (CBC)', 'Hematology', NOW() - INTERVAL '24 days', 'Ibn Sina Medical College', 'Dr. Monir Ali', 'Completed', 'Mild leukocytosis observed, consistent with active respiratory tract infection. Eosinophil counts are slightly elevated, which could point to an allergic component (Asthma).');
INSERT INTO lab_test_results (lab_report_id, parameter, value, unit, reference_range, status) VALUES ('LAB-1010-2', 'Total WBC Count', '11.2', 'x10^9/L', '4.0 - 11.0', 'High');
INSERT INTO lab_test_results (lab_report_id, parameter, value, unit, reference_range, status) VALUES ('LAB-1010-2', 'Hemoglobin (Hb)', '14.5', 'g/dL', '13.5 - 17.5', 'Normal');
INSERT INTO lab_test_results (lab_report_id, parameter, value, unit, reference_range, status) VALUES ('LAB-1010-2', 'Eosinophils', '7', '%', '1 - 6', 'High');
INSERT INTO imaging_reports (id, patient_id, type, body_part, date, hospital_name, doctor_name, findings, impression) VALUES ('IMG-1010-2', 1010, 'X-Ray', 'Chest (P/A View)', NOW() - INTERVAL '24 days', 'Ibn Sina Medical College', 'Dr. Monir Ali', 'Lungs are hyperinflated. Increased bronchovascular markings seen bilaterally. Both costophrenic angles are clear. Heart size and shape are normal. Bony thorax and dome of diaphragms are intact.', 'Findings are suggestive of Acute Bronchitic changes. No consolidation or pleural effusion.');
INSERT INTO patient_allergies (patient_id, allergen, severity, reaction) VALUES (1010, 'Dust Mites', 'Moderate', 'Sneezing and coughing');
INSERT INTO patient_allergies (patient_id, allergen, severity, reaction) VALUES (1010, 'Pollen', 'Low', 'Runny nose');
INSERT INTO patient_chronic_diseases (patient_id, disease_name, status, diagnosed_date) VALUES (1010, 'Gastroesophageal Reflux Disease (GERD)', 'Active', NOW() - INTERVAL '1 years 1 months');
INSERT INTO patient_chronic_diseases (patient_id, disease_name, status, diagnosed_date) VALUES (1010, 'Bronchial Asthma', 'Controlled', NOW() - INTERVAL '5 years 9 months');
INSERT INTO prescriptions (id, patient_id, date, doctor_name, doctor_specialization, hospital_name, diagnosis, clinical_notes, follow_up_date) VALUES ('PRES-1011-1', 1011, NOW() - INTERVAL '6 days', 'Dr. Rony Ali', 'Psychiatry', 'National Institute of Cardiovascular Diseases', 'Gastroesophageal Reflux Disease (GERD)', 'Complains of burning sensation in the chest (heartburn), sour taste in the mouth, and upper abdominal pain after meals. Recommended avoiding spicy foods, sleeping with head elevated, and not lying down immediately after eating.', 'In 2 weeks.');
INSERT INTO prescription_medicines (prescription_id, name, dosage, instruction, duration) VALUES ('PRES-1011-1', 'Cap. Esomeprazole 20mg', '1+0+1', '30 minutes before breakfast & dinner', '1 Month');
INSERT INTO prescription_medicines (prescription_id, name, dosage, instruction, duration) VALUES ('PRES-1011-1', 'Tab. Domperidone 10mg', '1+1+1', '15 minutes before meals', '10 Days');
INSERT INTO prescription_medicines (prescription_id, name, dosage, instruction, duration) VALUES ('PRES-1011-1', 'Syr. Antacid', '2 spoonful', '1 hour after meals', '7 Days');
INSERT INTO lab_reports (id, patient_id, test_name, category, date, hospital_name, doctor_name, status, ai_interpretation) VALUES ('LAB-1011-1', 1011, 'H. Pylori Screening Panel', 'Serology', NOW() - INTERVAL '6 days', 'National Institute of Cardiovascular Diseases', 'Dr. Rony Ali', 'Completed', 'H. Pylori antigen test is negative. Upper GI symptoms are likely due to lifestyle/acid reflux rather than active bacterial infection.');
INSERT INTO lab_test_results (lab_report_id, parameter, value, unit, reference_range, status) VALUES ('LAB-1011-1', 'H. Pylori Ag (Stool)', 'Negative', 'N/A', 'Negative', 'Normal');
INSERT INTO imaging_reports (id, patient_id, type, body_part, date, hospital_name, doctor_name, findings, impression) VALUES ('IMG-1011-1', 1011, 'Ultrasonography', 'Hepatobiliary System (HBS)', NOW() - INTERVAL '6 days', 'National Institute of Cardiovascular Diseases', 'Dr. Rony Ali', 'Gallbladder is distended with normal wall thickness. No gallstones or sludge seen. Common bile duct and intrahepatic biliary channels are normal. Pancreas and spleen are normal.', 'Normal HBS scan. No gallstones detected.');
INSERT INTO patient_chronic_diseases (patient_id, disease_name, status, diagnosed_date) VALUES (1011, 'Gastroesophageal Reflux Disease (GERD)', 'Active', NOW() - INTERVAL '2 years 6 months');
INSERT INTO patient_chronic_diseases (patient_id, disease_name, status, diagnosed_date) VALUES (1011, 'Chronic Low Back Pain', 'Active', NOW() - INTERVAL '7 years 12 months');
INSERT INTO prescriptions (id, patient_id, date, doctor_name, doctor_specialization, hospital_name, diagnosis, clinical_notes, follow_up_date) VALUES ('PRES-1012-1', 1012, NOW() - INTERVAL '8 days', 'Dr. Sana Ahmed', 'ENT', 'Square Hospitals Ltd.', 'Type 2 Diabetes Mellitus & Essential Hypertension', 'Patient presents with generalized weakness and occasional dizziness. Blood pressure and fasting blood glucose are elevated. Recommended strict dietary control, low salt, regular walking, and compliance with medications.', 'In 3 months with fasting blood sugar and lipid profile reports.');
INSERT INTO prescription_medicines (prescription_id, name, dosage, instruction, duration) VALUES ('PRES-1012-1', 'Tab. Metformin HCl 500mg', '1+0+1', 'After meals', '3 Months');
INSERT INTO prescription_medicines (prescription_id, name, dosage, instruction, duration) VALUES ('PRES-1012-1', 'Tab. Amlodipine 5mg', '0+0+1', 'At night before sleeping', '1 Month');
INSERT INTO prescription_medicines (prescription_id, name, dosage, instruction, duration) VALUES ('PRES-1012-1', 'Tab. Atorvastatin 10mg', '0+0+1', 'At night after dinner', '2 Months');
INSERT INTO lab_reports (id, patient_id, test_name, category, date, hospital_name, doctor_name, status, ai_interpretation) VALUES ('LAB-1012-1', 1012, 'Diabetes and Kidney Function Panel', 'Biochemistry', NOW() - INTERVAL '8 days', 'Square Hospitals Ltd.', 'Dr. Sana Ahmed', 'Completed', 'Fasting Blood Glucose is high, indicating suboptimal glycemic control. Renal function (Creatinine) is normal. HbA1c should be monitored next visit.');
INSERT INTO lab_test_results (lab_report_id, parameter, value, unit, reference_range, status) VALUES ('LAB-1012-1', 'Fasting Blood Sugar (FBS)', '142', 'mg/dL', '70 - 100', 'High');
INSERT INTO lab_test_results (lab_report_id, parameter, value, unit, reference_range, status) VALUES ('LAB-1012-1', 'Serum Creatinine', '0.9', 'mg/dL', '0.6 - 1.2', 'Normal');
INSERT INTO lab_test_results (lab_report_id, parameter, value, unit, reference_range, status) VALUES ('LAB-1012-1', 'Blood Urea Nitrogen (BUN)', '14', 'mg/dL', '7 - 20', 'Normal');
INSERT INTO imaging_reports (id, patient_id, type, body_part, date, hospital_name, doctor_name, findings, impression) VALUES ('IMG-1012-1', 1012, 'Ultrasonography', 'Whole Abdomen', NOW() - INTERVAL '8 days', 'Square Hospitals Ltd.', 'Dr. Sana Ahmed', 'Liver shows normal size but mildly increased parenchymal echotexture, suggestive of Grade-I Fatty Liver. Gallbladder, spleen, kidneys, and urinary bladder are normal in size and shape. No calculi or focal masses seen.', 'Mild Hepatomegaly with Grade-I Fatty Change (Fatty Liver).');
INSERT INTO patient_allergies (patient_id, allergen, severity, reaction) VALUES (1012, 'Shellfish', 'High', 'Severe hives and dyspnea');
INSERT INTO patient_chronic_diseases (patient_id, disease_name, status, diagnosed_date) VALUES (1012, 'Type 2 Diabetes Mellitus', 'Active', NOW() - INTERVAL '5 years 7 months');
INSERT INTO patient_chronic_diseases (patient_id, disease_name, status, diagnosed_date) VALUES (1012, 'Essential Hypertension', 'Active', NOW() - INTERVAL '1 years 10 months');
INSERT INTO prescriptions (id, patient_id, date, doctor_name, doctor_specialization, hospital_name, diagnosis, clinical_notes, follow_up_date) VALUES ('PRES-1013-1', 1013, NOW() - INTERVAL '19 days', 'Dr. Begum Begum', 'Psychiatry', 'Apollo Imperial Hospital', 'Gastroesophageal Reflux Disease (GERD)', 'Complains of burning sensation in the chest (heartburn), sour taste in the mouth, and upper abdominal pain after meals. Recommended avoiding spicy foods, sleeping with head elevated, and not lying down immediately after eating.', 'In 2 weeks.');
INSERT INTO prescription_medicines (prescription_id, name, dosage, instruction, duration) VALUES ('PRES-1013-1', 'Cap. Esomeprazole 20mg', '1+0+1', '30 minutes before breakfast & dinner', '1 Month');
INSERT INTO prescription_medicines (prescription_id, name, dosage, instruction, duration) VALUES ('PRES-1013-1', 'Tab. Domperidone 10mg', '1+1+1', '15 minutes before meals', '10 Days');
INSERT INTO prescription_medicines (prescription_id, name, dosage, instruction, duration) VALUES ('PRES-1013-1', 'Syr. Antacid', '2 spoonful', '1 hour after meals', '7 Days');
INSERT INTO lab_reports (id, patient_id, test_name, category, date, hospital_name, doctor_name, status, ai_interpretation) VALUES ('LAB-1013-1', 1013, 'H. Pylori Screening Panel', 'Serology', NOW() - INTERVAL '19 days', 'Apollo Imperial Hospital', 'Dr. Begum Begum', 'Completed', 'H. Pylori antigen test is negative. Upper GI symptoms are likely due to lifestyle/acid reflux rather than active bacterial infection.');
INSERT INTO lab_test_results (lab_report_id, parameter, value, unit, reference_range, status) VALUES ('LAB-1013-1', 'H. Pylori Ag (Stool)', 'Negative', 'N/A', 'Negative', 'Normal');
INSERT INTO imaging_reports (id, patient_id, type, body_part, date, hospital_name, doctor_name, findings, impression) VALUES ('IMG-1013-1', 1013, 'Ultrasonography', 'Hepatobiliary System (HBS)', NOW() - INTERVAL '19 days', 'Apollo Imperial Hospital', 'Dr. Begum Begum', 'Gallbladder is distended with normal wall thickness. No gallstones or sludge seen. Common bile duct and intrahepatic biliary channels are normal. Pancreas and spleen are normal.', 'Normal HBS scan. No gallstones detected.');
INSERT INTO patient_allergies (patient_id, allergen, severity, reaction) VALUES (1013, 'Shellfish', 'High', 'Severe hives and dyspnea');
INSERT INTO patient_chronic_diseases (patient_id, disease_name, status, diagnosed_date) VALUES (1013, 'Gastroesophageal Reflux Disease (GERD)', 'Active', NOW() - INTERVAL '7 years 1 months');
INSERT INTO prescriptions (id, patient_id, date, doctor_name, doctor_specialization, hospital_name, diagnosis, clinical_notes, follow_up_date) VALUES ('PRES-1014-1', 1014, NOW() - INTERVAL '14 days', 'Dr. Arif Chowdhury', 'Pulmonology', 'National Medical Center', 'Type 2 Diabetes Mellitus & Essential Hypertension', 'Patient presents with generalized weakness and occasional dizziness. Blood pressure and fasting blood glucose are elevated. Recommended strict dietary control, low salt, regular walking, and compliance with medications.', 'In 3 months with fasting blood sugar and lipid profile reports.');
INSERT INTO prescription_medicines (prescription_id, name, dosage, instruction, duration) VALUES ('PRES-1014-1', 'Tab. Metformin HCl 500mg', '1+0+1', 'After meals', '3 Months');
INSERT INTO prescription_medicines (prescription_id, name, dosage, instruction, duration) VALUES ('PRES-1014-1', 'Tab. Amlodipine 5mg', '0+0+1', 'At night before sleeping', '1 Month');
INSERT INTO prescription_medicines (prescription_id, name, dosage, instruction, duration) VALUES ('PRES-1014-1', 'Tab. Atorvastatin 10mg', '0+0+1', 'At night after dinner', '2 Months');
INSERT INTO lab_reports (id, patient_id, test_name, category, date, hospital_name, doctor_name, status, ai_interpretation) VALUES ('LAB-1014-1', 1014, 'Diabetes and Kidney Function Panel', 'Biochemistry', NOW() - INTERVAL '14 days', 'National Medical Center', 'Dr. Arif Chowdhury', 'Completed', 'Fasting Blood Glucose is high, indicating suboptimal glycemic control. Renal function (Creatinine) is normal. HbA1c should be monitored next visit.');
INSERT INTO lab_test_results (lab_report_id, parameter, value, unit, reference_range, status) VALUES ('LAB-1014-1', 'Fasting Blood Sugar (FBS)', '142', 'mg/dL', '70 - 100', 'High');
INSERT INTO lab_test_results (lab_report_id, parameter, value, unit, reference_range, status) VALUES ('LAB-1014-1', 'Serum Creatinine', '0.9', 'mg/dL', '0.6 - 1.2', 'Normal');
INSERT INTO lab_test_results (lab_report_id, parameter, value, unit, reference_range, status) VALUES ('LAB-1014-1', 'Blood Urea Nitrogen (BUN)', '14', 'mg/dL', '7 - 20', 'Normal');
INSERT INTO imaging_reports (id, patient_id, type, body_part, date, hospital_name, doctor_name, findings, impression) VALUES ('IMG-1014-1', 1014, 'Ultrasonography', 'Whole Abdomen', NOW() - INTERVAL '14 days', 'National Medical Center', 'Dr. Arif Chowdhury', 'Liver shows normal size but mildly increased parenchymal echotexture, suggestive of Grade-I Fatty Liver. Gallbladder, spleen, kidneys, and urinary bladder are normal in size and shape. No calculi or focal masses seen.', 'Mild Hepatomegaly with Grade-I Fatty Change (Fatty Liver).');
INSERT INTO prescriptions (id, patient_id, date, doctor_name, doctor_specialization, hospital_name, diagnosis, clinical_notes, follow_up_date) VALUES ('PRES-1014-2', 1014, NOW() - INTERVAL '22 days', 'Dr. Puja Khan', 'Gastroenterology', 'National Institute of Cardiovascular Diseases', 'Bilateral Osteoarthritis of Knee Joints', 'Pain, stiffness, and cracking sounds in both knees for the last 6 months, worse in the mornings and after sitting. Advised hot compression, avoidance of sitting on floor/squatting, and moderate knee exercises.', 'In 1 Month.');
INSERT INTO prescription_medicines (prescription_id, name, dosage, instruction, duration) VALUES ('PRES-1014-2', 'Tab. Naproxen 500mg', '1+0+1', 'After meals (only when pain is high)', '7 Days');
INSERT INTO prescription_medicines (prescription_id, name, dosage, instruction, duration) VALUES ('PRES-1014-2', 'Cap. Glucosamine + Chondroitin', '1+0+1', 'After meals', '2 Months');
INSERT INTO prescription_medicines (prescription_id, name, dosage, instruction, duration) VALUES ('PRES-1014-2', 'Tab. Omeprazole 20mg', '1+0+1', 'Before breakfast & dinner', '1 Month');
INSERT INTO lab_reports (id, patient_id, test_name, category, date, hospital_name, doctor_name, status, ai_interpretation) VALUES ('LAB-1014-2', 1014, 'Arthritis & Rheumatology Profile', 'Serology', NOW() - INTERVAL '22 days', 'National Institute of Cardiovascular Diseases', 'Dr. Puja Khan', 'Completed', 'Uric acid level is slightly elevated, but Rheumatoid Factor is negative, suggesting OA rather than Gout or Rheumatoid Arthritis.');
INSERT INTO lab_test_results (lab_report_id, parameter, value, unit, reference_range, status) VALUES ('LAB-1014-2', 'Serum Uric Acid', '7.5', 'mg/dL', '3.5 - 7.2', 'High');
INSERT INTO lab_test_results (lab_report_id, parameter, value, unit, reference_range, status) VALUES ('LAB-1014-2', 'Rheumatoid Factor (RF)', '8', 'IU/mL', '< 14', 'Normal');
INSERT INTO lab_test_results (lab_report_id, parameter, value, unit, reference_range, status) VALUES ('LAB-1014-2', 'C-Reactive Protein (CRP)', '4.2', 'mg/L', '< 5.0', 'Normal');
INSERT INTO imaging_reports (id, patient_id, type, body_part, date, hospital_name, doctor_name, findings, impression) VALUES ('IMG-1014-2', 1014, 'X-Ray', 'Bilateral Knee Joints (AP & Lateral)', NOW() - INTERVAL '22 days', 'National Institute of Cardiovascular Diseases', 'Dr. Puja Khan', 'Narrowing of the medial joint spaces in both knees. Subchondral sclerosis and osteophyte formation are noted along the margins of both joint surfaces. No joint effusion or fracture.', 'Radiological features of Bilateral Osteoarthritis of Knees (Grade-II).');
INSERT INTO patient_chronic_diseases (patient_id, disease_name, status, diagnosed_date) VALUES (1014, 'Osteoarthritis', 'Active', NOW() - INTERVAL '7 years 4 months');
INSERT INTO patient_chronic_diseases (patient_id, disease_name, status, diagnosed_date) VALUES (1014, 'Hyperlipidemia', 'Active', NOW() - INTERVAL '10 years 9 months');
INSERT INTO patient_chronic_diseases (patient_id, disease_name, status, diagnosed_date) VALUES (1014, 'Type 2 Diabetes Mellitus', 'Active', NOW() - INTERVAL '1 years 5 months');
INSERT INTO patient_chronic_diseases (patient_id, disease_name, status, diagnosed_date) VALUES (1014, 'Essential Hypertension', 'Active', NOW() - INTERVAL '9 years 12 months');
INSERT INTO prescriptions (id, patient_id, date, doctor_name, doctor_specialization, hospital_name, diagnosis, clinical_notes, follow_up_date) VALUES ('PRES-1015-1', 1015, NOW() - INTERVAL '16 days', 'Dr. Mahbub Akter', 'Gastroenterology', 'Square Hospitals Ltd.', 'Bilateral Osteoarthritis of Knee Joints', 'Pain, stiffness, and cracking sounds in both knees for the last 6 months, worse in the mornings and after sitting. Advised hot compression, avoidance of sitting on floor/squatting, and moderate knee exercises.', 'In 1 Month.');
INSERT INTO prescription_medicines (prescription_id, name, dosage, instruction, duration) VALUES ('PRES-1015-1', 'Tab. Naproxen 500mg', '1+0+1', 'After meals (only when pain is high)', '7 Days');
INSERT INTO prescription_medicines (prescription_id, name, dosage, instruction, duration) VALUES ('PRES-1015-1', 'Cap. Glucosamine + Chondroitin', '1+0+1', 'After meals', '2 Months');
INSERT INTO prescription_medicines (prescription_id, name, dosage, instruction, duration) VALUES ('PRES-1015-1', 'Tab. Omeprazole 20mg', '1+0+1', 'Before breakfast & dinner', '1 Month');
INSERT INTO lab_reports (id, patient_id, test_name, category, date, hospital_name, doctor_name, status, ai_interpretation) VALUES ('LAB-1015-1', 1015, 'Arthritis & Rheumatology Profile', 'Serology', NOW() - INTERVAL '16 days', 'Square Hospitals Ltd.', 'Dr. Mahbub Akter', 'Completed', 'Uric acid level is slightly elevated, but Rheumatoid Factor is negative, suggesting OA rather than Gout or Rheumatoid Arthritis.');
INSERT INTO lab_test_results (lab_report_id, parameter, value, unit, reference_range, status) VALUES ('LAB-1015-1', 'Serum Uric Acid', '7.5', 'mg/dL', '3.5 - 7.2', 'High');
INSERT INTO lab_test_results (lab_report_id, parameter, value, unit, reference_range, status) VALUES ('LAB-1015-1', 'Rheumatoid Factor (RF)', '8', 'IU/mL', '< 14', 'Normal');
INSERT INTO lab_test_results (lab_report_id, parameter, value, unit, reference_range, status) VALUES ('LAB-1015-1', 'C-Reactive Protein (CRP)', '4.2', 'mg/L', '< 5.0', 'Normal');
INSERT INTO imaging_reports (id, patient_id, type, body_part, date, hospital_name, doctor_name, findings, impression) VALUES ('IMG-1015-1', 1015, 'X-Ray', 'Bilateral Knee Joints (AP & Lateral)', NOW() - INTERVAL '16 days', 'Square Hospitals Ltd.', 'Dr. Mahbub Akter', 'Narrowing of the medial joint spaces in both knees. Subchondral sclerosis and osteophyte formation are noted along the margins of both joint surfaces. No joint effusion or fracture.', 'Radiological features of Bilateral Osteoarthritis of Knees (Grade-II).');
INSERT INTO prescriptions (id, patient_id, date, doctor_name, doctor_specialization, hospital_name, diagnosis, clinical_notes, follow_up_date) VALUES ('PRES-1015-2', 1015, NOW() - INTERVAL '2 days', 'Dr. Keya Rahman', 'Urology', 'Anwer Khan Modern Medical College Hospital', 'Gastroesophageal Reflux Disease (GERD)', 'Complains of burning sensation in the chest (heartburn), sour taste in the mouth, and upper abdominal pain after meals. Recommended avoiding spicy foods, sleeping with head elevated, and not lying down immediately after eating.', 'In 2 weeks.');
INSERT INTO prescription_medicines (prescription_id, name, dosage, instruction, duration) VALUES ('PRES-1015-2', 'Cap. Esomeprazole 20mg', '1+0+1', '30 minutes before breakfast & dinner', '1 Month');
INSERT INTO prescription_medicines (prescription_id, name, dosage, instruction, duration) VALUES ('PRES-1015-2', 'Tab. Domperidone 10mg', '1+1+1', '15 minutes before meals', '10 Days');
INSERT INTO prescription_medicines (prescription_id, name, dosage, instruction, duration) VALUES ('PRES-1015-2', 'Syr. Antacid', '2 spoonful', '1 hour after meals', '7 Days');
INSERT INTO lab_reports (id, patient_id, test_name, category, date, hospital_name, doctor_name, status, ai_interpretation) VALUES ('LAB-1015-2', 1015, 'H. Pylori Screening Panel', 'Serology', NOW() - INTERVAL '2 days', 'Anwer Khan Modern Medical College Hospital', 'Dr. Keya Rahman', 'Completed', 'H. Pylori antigen test is negative. Upper GI symptoms are likely due to lifestyle/acid reflux rather than active bacterial infection.');
INSERT INTO lab_test_results (lab_report_id, parameter, value, unit, reference_range, status) VALUES ('LAB-1015-2', 'H. Pylori Ag (Stool)', 'Negative', 'N/A', 'Negative', 'Normal');
INSERT INTO imaging_reports (id, patient_id, type, body_part, date, hospital_name, doctor_name, findings, impression) VALUES ('IMG-1015-2', 1015, 'Ultrasonography', 'Hepatobiliary System (HBS)', NOW() - INTERVAL '2 days', 'Anwer Khan Modern Medical College Hospital', 'Dr. Keya Rahman', 'Gallbladder is distended with normal wall thickness. No gallstones or sludge seen. Common bile duct and intrahepatic biliary channels are normal. Pancreas and spleen are normal.', 'Normal HBS scan. No gallstones detected.');
INSERT INTO patient_chronic_diseases (patient_id, disease_name, status, diagnosed_date) VALUES (1015, 'Osteoarthritis', 'Active', NOW() - INTERVAL '4 years 11 months');
INSERT INTO patient_chronic_diseases (patient_id, disease_name, status, diagnosed_date) VALUES (1015, 'Gastroesophageal Reflux Disease (GERD)', 'Active', NOW() - INTERVAL '9 years 8 months');
INSERT INTO prescriptions (id, patient_id, date, doctor_name, doctor_specialization, hospital_name, diagnosis, clinical_notes, follow_up_date) VALUES ('PRES-1016-1', 1016, NOW() - INTERVAL '29 days', 'Dr. Zarin Ali', 'Gastroenterology', 'North West Medical College & Hospital', 'Gastroesophageal Reflux Disease (GERD)', 'Complains of burning sensation in the chest (heartburn), sour taste in the mouth, and upper abdominal pain after meals. Recommended avoiding spicy foods, sleeping with head elevated, and not lying down immediately after eating.', 'In 2 weeks.');
INSERT INTO prescription_medicines (prescription_id, name, dosage, instruction, duration) VALUES ('PRES-1016-1', 'Cap. Esomeprazole 20mg', '1+0+1', '30 minutes before breakfast & dinner', '1 Month');
INSERT INTO prescription_medicines (prescription_id, name, dosage, instruction, duration) VALUES ('PRES-1016-1', 'Tab. Domperidone 10mg', '1+1+1', '15 minutes before meals', '10 Days');
INSERT INTO prescription_medicines (prescription_id, name, dosage, instruction, duration) VALUES ('PRES-1016-1', 'Syr. Antacid', '2 spoonful', '1 hour after meals', '7 Days');
INSERT INTO lab_reports (id, patient_id, test_name, category, date, hospital_name, doctor_name, status, ai_interpretation) VALUES ('LAB-1016-1', 1016, 'H. Pylori Screening Panel', 'Serology', NOW() - INTERVAL '29 days', 'North West Medical College & Hospital', 'Dr. Zarin Ali', 'Completed', 'H. Pylori antigen test is negative. Upper GI symptoms are likely due to lifestyle/acid reflux rather than active bacterial infection.');
INSERT INTO lab_test_results (lab_report_id, parameter, value, unit, reference_range, status) VALUES ('LAB-1016-1', 'H. Pylori Ag (Stool)', 'Negative', 'N/A', 'Negative', 'Normal');
INSERT INTO imaging_reports (id, patient_id, type, body_part, date, hospital_name, doctor_name, findings, impression) VALUES ('IMG-1016-1', 1016, 'Ultrasonography', 'Hepatobiliary System (HBS)', NOW() - INTERVAL '29 days', 'North West Medical College & Hospital', 'Dr. Zarin Ali', 'Gallbladder is distended with normal wall thickness. No gallstones or sludge seen. Common bile duct and intrahepatic biliary channels are normal. Pancreas and spleen are normal.', 'Normal HBS scan. No gallstones detected.');
INSERT INTO patient_chronic_diseases (patient_id, disease_name, status, diagnosed_date) VALUES (1016, 'Gastroesophageal Reflux Disease (GERD)', 'Active', NOW() - INTERVAL '10 years 7 months');
INSERT INTO prescriptions (id, patient_id, date, doctor_name, doctor_specialization, hospital_name, diagnosis, clinical_notes, follow_up_date) VALUES ('PRES-1017-1', 1017, NOW() - INTERVAL '21 days', 'Dr. Monir Ali', 'Gastroenterology', 'Ibn Sina Medical College', 'Bilateral Osteoarthritis of Knee Joints', 'Pain, stiffness, and cracking sounds in both knees for the last 6 months, worse in the mornings and after sitting. Advised hot compression, avoidance of sitting on floor/squatting, and moderate knee exercises.', 'In 1 Month.');
INSERT INTO prescription_medicines (prescription_id, name, dosage, instruction, duration) VALUES ('PRES-1017-1', 'Tab. Naproxen 500mg', '1+0+1', 'After meals (only when pain is high)', '7 Days');
INSERT INTO prescription_medicines (prescription_id, name, dosage, instruction, duration) VALUES ('PRES-1017-1', 'Cap. Glucosamine + Chondroitin', '1+0+1', 'After meals', '2 Months');
INSERT INTO prescription_medicines (prescription_id, name, dosage, instruction, duration) VALUES ('PRES-1017-1', 'Tab. Omeprazole 20mg', '1+0+1', 'Before breakfast & dinner', '1 Month');
INSERT INTO lab_reports (id, patient_id, test_name, category, date, hospital_name, doctor_name, status, ai_interpretation) VALUES ('LAB-1017-1', 1017, 'Arthritis & Rheumatology Profile', 'Serology', NOW() - INTERVAL '21 days', 'Ibn Sina Medical College', 'Dr. Monir Ali', 'Completed', 'Uric acid level is slightly elevated, but Rheumatoid Factor is negative, suggesting OA rather than Gout or Rheumatoid Arthritis.');
INSERT INTO lab_test_results (lab_report_id, parameter, value, unit, reference_range, status) VALUES ('LAB-1017-1', 'Serum Uric Acid', '7.5', 'mg/dL', '3.5 - 7.2', 'High');
INSERT INTO lab_test_results (lab_report_id, parameter, value, unit, reference_range, status) VALUES ('LAB-1017-1', 'Rheumatoid Factor (RF)', '8', 'IU/mL', '< 14', 'Normal');
INSERT INTO lab_test_results (lab_report_id, parameter, value, unit, reference_range, status) VALUES ('LAB-1017-1', 'C-Reactive Protein (CRP)', '4.2', 'mg/L', '< 5.0', 'Normal');
INSERT INTO imaging_reports (id, patient_id, type, body_part, date, hospital_name, doctor_name, findings, impression) VALUES ('IMG-1017-1', 1017, 'X-Ray', 'Bilateral Knee Joints (AP & Lateral)', NOW() - INTERVAL '21 days', 'Ibn Sina Medical College', 'Dr. Monir Ali', 'Narrowing of the medial joint spaces in both knees. Subchondral sclerosis and osteophyte formation are noted along the margins of both joint surfaces. No joint effusion or fracture.', 'Radiological features of Bilateral Osteoarthritis of Knees (Grade-II).');
INSERT INTO patient_chronic_diseases (patient_id, disease_name, status, diagnosed_date) VALUES (1017, 'Osteoarthritis', 'Active', NOW() - INTERVAL '8 years 12 months');
INSERT INTO prescriptions (id, patient_id, date, doctor_name, doctor_specialization, hospital_name, diagnosis, clinical_notes, follow_up_date) VALUES ('PRES-1018-1', 1018, NOW() - INTERVAL '25 days', 'Dr. Khadija Begum', 'Psychiatry', 'Popular Diagnostic & Hospital', 'Acute Bronchitis & suspected Asthma', 'Cough with sputum, shortness of breath, and chest tightness for 5 days. Wheezing heard on auscultation. Advised avoiding cold drinks, dust, and using inhaler correctly.', 'In 10 days for review of symptoms.');
INSERT INTO prescription_medicines (prescription_id, name, dosage, instruction, duration) VALUES ('PRES-1018-1', 'Tab. Azithromycin 500mg', '1+0+0', '1 hour before food', '5 Days');
INSERT INTO prescription_medicines (prescription_id, name, dosage, instruction, duration) VALUES ('PRES-1018-1', 'Tab. Montelukast 10mg', '0+0+1', 'At night', '14 Days');
INSERT INTO prescription_medicines (prescription_id, name, dosage, instruction, duration) VALUES ('PRES-1018-1', 'Inhaler Salbutamol 100mcg', '2 Puffs', 'As needed (when short of breath)', 'As needed');
INSERT INTO lab_reports (id, patient_id, test_name, category, date, hospital_name, doctor_name, status, ai_interpretation) VALUES ('LAB-1018-1', 1018, 'Complete Blood Count (CBC)', 'Hematology', NOW() - INTERVAL '25 days', 'Popular Diagnostic & Hospital', 'Dr. Khadija Begum', 'Completed', 'Mild leukocytosis observed, consistent with active respiratory tract infection. Eosinophil counts are slightly elevated, which could point to an allergic component (Asthma).');
INSERT INTO lab_test_results (lab_report_id, parameter, value, unit, reference_range, status) VALUES ('LAB-1018-1', 'Total WBC Count', '11.2', 'x10^9/L', '4.0 - 11.0', 'High');
INSERT INTO lab_test_results (lab_report_id, parameter, value, unit, reference_range, status) VALUES ('LAB-1018-1', 'Hemoglobin (Hb)', '14.5', 'g/dL', '13.5 - 17.5', 'Normal');
INSERT INTO lab_test_results (lab_report_id, parameter, value, unit, reference_range, status) VALUES ('LAB-1018-1', 'Eosinophils', '7', '%', '1 - 6', 'High');
INSERT INTO imaging_reports (id, patient_id, type, body_part, date, hospital_name, doctor_name, findings, impression) VALUES ('IMG-1018-1', 1018, 'X-Ray', 'Chest (P/A View)', NOW() - INTERVAL '25 days', 'Popular Diagnostic & Hospital', 'Dr. Khadija Begum', 'Lungs are hyperinflated. Increased bronchovascular markings seen bilaterally. Both costophrenic angles are clear. Heart size and shape are normal. Bony thorax and dome of diaphragms are intact.', 'Findings are suggestive of Acute Bronchitic changes. No consolidation or pleural effusion.');
INSERT INTO patient_allergies (patient_id, allergen, severity, reaction) VALUES (1018, 'Sulfa Drugs', 'Moderate', 'Generalized skin rash');
INSERT INTO patient_allergies (patient_id, allergen, severity, reaction) VALUES (1018, 'Dust Mites', 'Moderate', 'Sneezing and coughing');
INSERT INTO patient_allergies (patient_id, allergen, severity, reaction) VALUES (1018, 'Pollen', 'Low', 'Runny nose');
INSERT INTO patient_chronic_diseases (patient_id, disease_name, status, diagnosed_date) VALUES (1018, 'Anemia', 'Active', NOW() - INTERVAL '2 years 4 months');
INSERT INTO patient_chronic_diseases (patient_id, disease_name, status, diagnosed_date) VALUES (1018, 'Bronchial Asthma', 'Controlled', NOW() - INTERVAL '10 years 6 months');
INSERT INTO prescriptions (id, patient_id, date, doctor_name, doctor_specialization, hospital_name, diagnosis, clinical_notes, follow_up_date) VALUES ('PRES-1019-1', 1019, NOW() - INTERVAL '13 days', 'Dr. Lubna Akter', 'Pulmonology', 'United Hospital', 'Type 2 Diabetes Mellitus & Essential Hypertension', 'Patient presents with generalized weakness and occasional dizziness. Blood pressure and fasting blood glucose are elevated. Recommended strict dietary control, low salt, regular walking, and compliance with medications.', 'In 3 months with fasting blood sugar and lipid profile reports.');
INSERT INTO prescription_medicines (prescription_id, name, dosage, instruction, duration) VALUES ('PRES-1019-1', 'Tab. Metformin HCl 500mg', '1+0+1', 'After meals', '3 Months');
INSERT INTO prescription_medicines (prescription_id, name, dosage, instruction, duration) VALUES ('PRES-1019-1', 'Tab. Amlodipine 5mg', '0+0+1', 'At night before sleeping', '1 Month');
INSERT INTO prescription_medicines (prescription_id, name, dosage, instruction, duration) VALUES ('PRES-1019-1', 'Tab. Atorvastatin 10mg', '0+0+1', 'At night after dinner', '2 Months');
INSERT INTO lab_reports (id, patient_id, test_name, category, date, hospital_name, doctor_name, status, ai_interpretation) VALUES ('LAB-1019-1', 1019, 'Diabetes and Kidney Function Panel', 'Biochemistry', NOW() - INTERVAL '13 days', 'United Hospital', 'Dr. Lubna Akter', 'Completed', 'Fasting Blood Glucose is high, indicating suboptimal glycemic control. Renal function (Creatinine) is normal. HbA1c should be monitored next visit.');
INSERT INTO lab_test_results (lab_report_id, parameter, value, unit, reference_range, status) VALUES ('LAB-1019-1', 'Fasting Blood Sugar (FBS)', '142', 'mg/dL', '70 - 100', 'High');
INSERT INTO lab_test_results (lab_report_id, parameter, value, unit, reference_range, status) VALUES ('LAB-1019-1', 'Serum Creatinine', '0.9', 'mg/dL', '0.6 - 1.2', 'Normal');
INSERT INTO lab_test_results (lab_report_id, parameter, value, unit, reference_range, status) VALUES ('LAB-1019-1', 'Blood Urea Nitrogen (BUN)', '14', 'mg/dL', '7 - 20', 'Normal');
INSERT INTO imaging_reports (id, patient_id, type, body_part, date, hospital_name, doctor_name, findings, impression) VALUES ('IMG-1019-1', 1019, 'Ultrasonography', 'Whole Abdomen', NOW() - INTERVAL '13 days', 'United Hospital', 'Dr. Lubna Akter', 'Liver shows normal size but mildly increased parenchymal echotexture, suggestive of Grade-I Fatty Liver. Gallbladder, spleen, kidneys, and urinary bladder are normal in size and shape. No calculi or focal masses seen.', 'Mild Hepatomegaly with Grade-I Fatty Change (Fatty Liver).');
INSERT INTO patient_chronic_diseases (patient_id, disease_name, status, diagnosed_date) VALUES (1019, 'Type 2 Diabetes Mellitus', 'Active', NOW() - INTERVAL '10 years 6 months');
INSERT INTO patient_chronic_diseases (patient_id, disease_name, status, diagnosed_date) VALUES (1019, 'Essential Hypertension', 'Active', NOW() - INTERVAL '8 years 3 months');
INSERT INTO prescriptions (id, patient_id, date, doctor_name, doctor_specialization, hospital_name, diagnosis, clinical_notes, follow_up_date) VALUES ('PRES-1020-1', 1020, NOW() - INTERVAL '3 days', 'Dr. Sadia Begum', 'Urology', 'National Medical Center', 'Type 2 Diabetes Mellitus & Essential Hypertension', 'Patient presents with generalized weakness and occasional dizziness. Blood pressure and fasting blood glucose are elevated. Recommended strict dietary control, low salt, regular walking, and compliance with medications.', 'In 3 months with fasting blood sugar and lipid profile reports.');
INSERT INTO prescription_medicines (prescription_id, name, dosage, instruction, duration) VALUES ('PRES-1020-1', 'Tab. Metformin HCl 500mg', '1+0+1', 'After meals', '3 Months');
INSERT INTO prescription_medicines (prescription_id, name, dosage, instruction, duration) VALUES ('PRES-1020-1', 'Tab. Amlodipine 5mg', '0+0+1', 'At night before sleeping', '1 Month');
INSERT INTO prescription_medicines (prescription_id, name, dosage, instruction, duration) VALUES ('PRES-1020-1', 'Tab. Atorvastatin 10mg', '0+0+1', 'At night after dinner', '2 Months');
INSERT INTO lab_reports (id, patient_id, test_name, category, date, hospital_name, doctor_name, status, ai_interpretation) VALUES ('LAB-1020-1', 1020, 'Diabetes and Kidney Function Panel', 'Biochemistry', NOW() - INTERVAL '3 days', 'National Medical Center', 'Dr. Sadia Begum', 'Completed', 'Fasting Blood Glucose is high, indicating suboptimal glycemic control. Renal function (Creatinine) is normal. HbA1c should be monitored next visit.');
INSERT INTO lab_test_results (lab_report_id, parameter, value, unit, reference_range, status) VALUES ('LAB-1020-1', 'Fasting Blood Sugar (FBS)', '142', 'mg/dL', '70 - 100', 'High');
INSERT INTO lab_test_results (lab_report_id, parameter, value, unit, reference_range, status) VALUES ('LAB-1020-1', 'Serum Creatinine', '0.9', 'mg/dL', '0.6 - 1.2', 'Normal');
INSERT INTO lab_test_results (lab_report_id, parameter, value, unit, reference_range, status) VALUES ('LAB-1020-1', 'Blood Urea Nitrogen (BUN)', '14', 'mg/dL', '7 - 20', 'Normal');
INSERT INTO imaging_reports (id, patient_id, type, body_part, date, hospital_name, doctor_name, findings, impression) VALUES ('IMG-1020-1', 1020, 'Ultrasonography', 'Whole Abdomen', NOW() - INTERVAL '3 days', 'National Medical Center', 'Dr. Sadia Begum', 'Liver shows normal size but mildly increased parenchymal echotexture, suggestive of Grade-I Fatty Liver. Gallbladder, spleen, kidneys, and urinary bladder are normal in size and shape. No calculi or focal masses seen.', 'Mild Hepatomegaly with Grade-I Fatty Change (Fatty Liver).');
INSERT INTO patient_chronic_diseases (patient_id, disease_name, status, diagnosed_date) VALUES (1020, 'Type 2 Diabetes Mellitus', 'Active', NOW() - INTERVAL '8 years 1 months');
INSERT INTO patient_chronic_diseases (patient_id, disease_name, status, diagnosed_date) VALUES (1020, 'Essential Hypertension', 'Active', NOW() - INTERVAL '6 years 2 months');
INSERT INTO prescriptions (id, patient_id, date, doctor_name, doctor_specialization, hospital_name, diagnosis, clinical_notes, follow_up_date) VALUES ('PRES-1021-1', 1021, NOW() - INTERVAL '4 days', 'Dr. Lipi Chowdhury', 'ENT', 'National Institute of Cardiovascular Diseases', 'Gastroesophageal Reflux Disease (GERD)', 'Complains of burning sensation in the chest (heartburn), sour taste in the mouth, and upper abdominal pain after meals. Recommended avoiding spicy foods, sleeping with head elevated, and not lying down immediately after eating.', 'In 2 weeks.');
INSERT INTO prescription_medicines (prescription_id, name, dosage, instruction, duration) VALUES ('PRES-1021-1', 'Cap. Esomeprazole 20mg', '1+0+1', '30 minutes before breakfast & dinner', '1 Month');
INSERT INTO prescription_medicines (prescription_id, name, dosage, instruction, duration) VALUES ('PRES-1021-1', 'Tab. Domperidone 10mg', '1+1+1', '15 minutes before meals', '10 Days');
INSERT INTO prescription_medicines (prescription_id, name, dosage, instruction, duration) VALUES ('PRES-1021-1', 'Syr. Antacid', '2 spoonful', '1 hour after meals', '7 Days');
INSERT INTO lab_reports (id, patient_id, test_name, category, date, hospital_name, doctor_name, status, ai_interpretation) VALUES ('LAB-1021-1', 1021, 'H. Pylori Screening Panel', 'Serology', NOW() - INTERVAL '4 days', 'National Institute of Cardiovascular Diseases', 'Dr. Lipi Chowdhury', 'Completed', 'H. Pylori antigen test is negative. Upper GI symptoms are likely due to lifestyle/acid reflux rather than active bacterial infection.');
INSERT INTO lab_test_results (lab_report_id, parameter, value, unit, reference_range, status) VALUES ('LAB-1021-1', 'H. Pylori Ag (Stool)', 'Negative', 'N/A', 'Negative', 'Normal');
INSERT INTO imaging_reports (id, patient_id, type, body_part, date, hospital_name, doctor_name, findings, impression) VALUES ('IMG-1021-1', 1021, 'Ultrasonography', 'Hepatobiliary System (HBS)', NOW() - INTERVAL '4 days', 'National Institute of Cardiovascular Diseases', 'Dr. Lipi Chowdhury', 'Gallbladder is distended with normal wall thickness. No gallstones or sludge seen. Common bile duct and intrahepatic biliary channels are normal. Pancreas and spleen are normal.', 'Normal HBS scan. No gallstones detected.');
INSERT INTO prescriptions (id, patient_id, date, doctor_name, doctor_specialization, hospital_name, diagnosis, clinical_notes, follow_up_date) VALUES ('PRES-1021-2', 1021, NOW() - INTERVAL '29 days', 'Dr. Zarin Ali', 'Gastroenterology', 'North West Medical College & Hospital', 'Acute Bronchitis & suspected Asthma', 'Cough with sputum, shortness of breath, and chest tightness for 5 days. Wheezing heard on auscultation. Advised avoiding cold drinks, dust, and using inhaler correctly.', 'In 10 days for review of symptoms.');
INSERT INTO prescription_medicines (prescription_id, name, dosage, instruction, duration) VALUES ('PRES-1021-2', 'Tab. Azithromycin 500mg', '1+0+0', '1 hour before food', '5 Days');
INSERT INTO prescription_medicines (prescription_id, name, dosage, instruction, duration) VALUES ('PRES-1021-2', 'Tab. Montelukast 10mg', '0+0+1', 'At night', '14 Days');
INSERT INTO prescription_medicines (prescription_id, name, dosage, instruction, duration) VALUES ('PRES-1021-2', 'Inhaler Salbutamol 100mcg', '2 Puffs', 'As needed (when short of breath)', 'As needed');
INSERT INTO lab_reports (id, patient_id, test_name, category, date, hospital_name, doctor_name, status, ai_interpretation) VALUES ('LAB-1021-2', 1021, 'Complete Blood Count (CBC)', 'Hematology', NOW() - INTERVAL '29 days', 'North West Medical College & Hospital', 'Dr. Zarin Ali', 'Completed', 'Mild leukocytosis observed, consistent with active respiratory tract infection. Eosinophil counts are slightly elevated, which could point to an allergic component (Asthma).');
INSERT INTO lab_test_results (lab_report_id, parameter, value, unit, reference_range, status) VALUES ('LAB-1021-2', 'Total WBC Count', '11.2', 'x10^9/L', '4.0 - 11.0', 'High');
INSERT INTO lab_test_results (lab_report_id, parameter, value, unit, reference_range, status) VALUES ('LAB-1021-2', 'Hemoglobin (Hb)', '14.5', 'g/dL', '13.5 - 17.5', 'Normal');
INSERT INTO lab_test_results (lab_report_id, parameter, value, unit, reference_range, status) VALUES ('LAB-1021-2', 'Eosinophils', '7', '%', '1 - 6', 'High');
INSERT INTO imaging_reports (id, patient_id, type, body_part, date, hospital_name, doctor_name, findings, impression) VALUES ('IMG-1021-2', 1021, 'X-Ray', 'Chest (P/A View)', NOW() - INTERVAL '29 days', 'North West Medical College & Hospital', 'Dr. Zarin Ali', 'Lungs are hyperinflated. Increased bronchovascular markings seen bilaterally. Both costophrenic angles are clear. Heart size and shape are normal. Bony thorax and dome of diaphragms are intact.', 'Findings are suggestive of Acute Bronchitic changes. No consolidation or pleural effusion.');
INSERT INTO patient_allergies (patient_id, allergen, severity, reaction) VALUES (1021, 'Dairy Products', 'Moderate', 'Abdominal cramps and diarrhea');
INSERT INTO patient_allergies (patient_id, allergen, severity, reaction) VALUES (1021, 'Dust Mites', 'Moderate', 'Sneezing and coughing');
INSERT INTO patient_allergies (patient_id, allergen, severity, reaction) VALUES (1021, 'Pollen', 'Low', 'Runny nose');
INSERT INTO patient_chronic_diseases (patient_id, disease_name, status, diagnosed_date) VALUES (1021, 'Gastroesophageal Reflux Disease (GERD)', 'Active', NOW() - INTERVAL '9 years 8 months');
INSERT INTO patient_chronic_diseases (patient_id, disease_name, status, diagnosed_date) VALUES (1021, 'Chronic Low Back Pain', 'Active', NOW() - INTERVAL '4 years 4 months');
INSERT INTO patient_chronic_diseases (patient_id, disease_name, status, diagnosed_date) VALUES (1021, 'Bronchial Asthma', 'Controlled', NOW() - INTERVAL '9 years 5 months');
INSERT INTO prescriptions (id, patient_id, date, doctor_name, doctor_specialization, hospital_name, diagnosis, clinical_notes, follow_up_date) VALUES ('PRES-1022-1', 1022, NOW() - INTERVAL '3 days', 'Dr. Samia Uddin', 'Pediatrics', 'United Hospital', 'Bilateral Osteoarthritis of Knee Joints', 'Pain, stiffness, and cracking sounds in both knees for the last 6 months, worse in the mornings and after sitting. Advised hot compression, avoidance of sitting on floor/squatting, and moderate knee exercises.', 'In 1 Month.');
INSERT INTO prescription_medicines (prescription_id, name, dosage, instruction, duration) VALUES ('PRES-1022-1', 'Tab. Naproxen 500mg', '1+0+1', 'After meals (only when pain is high)', '7 Days');
INSERT INTO prescription_medicines (prescription_id, name, dosage, instruction, duration) VALUES ('PRES-1022-1', 'Cap. Glucosamine + Chondroitin', '1+0+1', 'After meals', '2 Months');
INSERT INTO prescription_medicines (prescription_id, name, dosage, instruction, duration) VALUES ('PRES-1022-1', 'Tab. Omeprazole 20mg', '1+0+1', 'Before breakfast & dinner', '1 Month');
INSERT INTO lab_reports (id, patient_id, test_name, category, date, hospital_name, doctor_name, status, ai_interpretation) VALUES ('LAB-1022-1', 1022, 'Arthritis & Rheumatology Profile', 'Serology', NOW() - INTERVAL '3 days', 'United Hospital', 'Dr. Samia Uddin', 'Completed', 'Uric acid level is slightly elevated, but Rheumatoid Factor is negative, suggesting OA rather than Gout or Rheumatoid Arthritis.');
INSERT INTO lab_test_results (lab_report_id, parameter, value, unit, reference_range, status) VALUES ('LAB-1022-1', 'Serum Uric Acid', '7.5', 'mg/dL', '3.5 - 7.2', 'High');
INSERT INTO lab_test_results (lab_report_id, parameter, value, unit, reference_range, status) VALUES ('LAB-1022-1', 'Rheumatoid Factor (RF)', '8', 'IU/mL', '< 14', 'Normal');
INSERT INTO lab_test_results (lab_report_id, parameter, value, unit, reference_range, status) VALUES ('LAB-1022-1', 'C-Reactive Protein (CRP)', '4.2', 'mg/L', '< 5.0', 'Normal');
INSERT INTO imaging_reports (id, patient_id, type, body_part, date, hospital_name, doctor_name, findings, impression) VALUES ('IMG-1022-1', 1022, 'X-Ray', 'Bilateral Knee Joints (AP & Lateral)', NOW() - INTERVAL '3 days', 'United Hospital', 'Dr. Samia Uddin', 'Narrowing of the medial joint spaces in both knees. Subchondral sclerosis and osteophyte formation are noted along the margins of both joint surfaces. No joint effusion or fracture.', 'Radiological features of Bilateral Osteoarthritis of Knees (Grade-II).');
INSERT INTO patient_allergies (patient_id, allergen, severity, reaction) VALUES (1022, 'Sulfa Drugs', 'Moderate', 'Generalized skin rash');
INSERT INTO patient_chronic_diseases (patient_id, disease_name, status, diagnosed_date) VALUES (1022, 'Osteoarthritis', 'Active', NOW() - INTERVAL '7 years 8 months');
INSERT INTO prescriptions (id, patient_id, date, doctor_name, doctor_specialization, hospital_name, diagnosis, clinical_notes, follow_up_date) VALUES ('PRES-1023-1', 1023, NOW() - INTERVAL '11 days', 'Dr. Rafiq Hasan', 'Orthopedics', 'Mugda Medical College Hospital', 'Gastroesophageal Reflux Disease (GERD)', 'Complains of burning sensation in the chest (heartburn), sour taste in the mouth, and upper abdominal pain after meals. Recommended avoiding spicy foods, sleeping with head elevated, and not lying down immediately after eating.', 'In 2 weeks.');
INSERT INTO prescription_medicines (prescription_id, name, dosage, instruction, duration) VALUES ('PRES-1023-1', 'Cap. Esomeprazole 20mg', '1+0+1', '30 minutes before breakfast & dinner', '1 Month');
INSERT INTO prescription_medicines (prescription_id, name, dosage, instruction, duration) VALUES ('PRES-1023-1', 'Tab. Domperidone 10mg', '1+1+1', '15 minutes before meals', '10 Days');
INSERT INTO prescription_medicines (prescription_id, name, dosage, instruction, duration) VALUES ('PRES-1023-1', 'Syr. Antacid', '2 spoonful', '1 hour after meals', '7 Days');
INSERT INTO lab_reports (id, patient_id, test_name, category, date, hospital_name, doctor_name, status, ai_interpretation) VALUES ('LAB-1023-1', 1023, 'H. Pylori Screening Panel', 'Serology', NOW() - INTERVAL '11 days', 'Mugda Medical College Hospital', 'Dr. Rafiq Hasan', 'Completed', 'H. Pylori antigen test is negative. Upper GI symptoms are likely due to lifestyle/acid reflux rather than active bacterial infection.');
INSERT INTO lab_test_results (lab_report_id, parameter, value, unit, reference_range, status) VALUES ('LAB-1023-1', 'H. Pylori Ag (Stool)', 'Negative', 'N/A', 'Negative', 'Normal');
INSERT INTO imaging_reports (id, patient_id, type, body_part, date, hospital_name, doctor_name, findings, impression) VALUES ('IMG-1023-1', 1023, 'Ultrasonography', 'Hepatobiliary System (HBS)', NOW() - INTERVAL '11 days', 'Mugda Medical College Hospital', 'Dr. Rafiq Hasan', 'Gallbladder is distended with normal wall thickness. No gallstones or sludge seen. Common bile duct and intrahepatic biliary channels are normal. Pancreas and spleen are normal.', 'Normal HBS scan. No gallstones detected.');
INSERT INTO patient_chronic_diseases (patient_id, disease_name, status, diagnosed_date) VALUES (1023, 'Gastroesophageal Reflux Disease (GERD)', 'Active', NOW() - INTERVAL '6 years 4 months');
INSERT INTO prescriptions (id, patient_id, date, doctor_name, doctor_specialization, hospital_name, diagnosis, clinical_notes, follow_up_date) VALUES ('PRES-1024-1', 1024, NOW() - INTERVAL '30 days', 'Dr. Nehal Begum', 'Endocrinology & Diabetology', 'Sir Salimullah Medical College Hospital', 'Gastroesophageal Reflux Disease (GERD)', 'Complains of burning sensation in the chest (heartburn), sour taste in the mouth, and upper abdominal pain after meals. Recommended avoiding spicy foods, sleeping with head elevated, and not lying down immediately after eating.', 'In 2 weeks.');
INSERT INTO prescription_medicines (prescription_id, name, dosage, instruction, duration) VALUES ('PRES-1024-1', 'Cap. Esomeprazole 20mg', '1+0+1', '30 minutes before breakfast & dinner', '1 Month');
INSERT INTO prescription_medicines (prescription_id, name, dosage, instruction, duration) VALUES ('PRES-1024-1', 'Tab. Domperidone 10mg', '1+1+1', '15 minutes before meals', '10 Days');
INSERT INTO prescription_medicines (prescription_id, name, dosage, instruction, duration) VALUES ('PRES-1024-1', 'Syr. Antacid', '2 spoonful', '1 hour after meals', '7 Days');
INSERT INTO lab_reports (id, patient_id, test_name, category, date, hospital_name, doctor_name, status, ai_interpretation) VALUES ('LAB-1024-1', 1024, 'H. Pylori Screening Panel', 'Serology', NOW() - INTERVAL '30 days', 'Sir Salimullah Medical College Hospital', 'Dr. Nehal Begum', 'Completed', 'H. Pylori antigen test is negative. Upper GI symptoms are likely due to lifestyle/acid reflux rather than active bacterial infection.');
INSERT INTO lab_test_results (lab_report_id, parameter, value, unit, reference_range, status) VALUES ('LAB-1024-1', 'H. Pylori Ag (Stool)', 'Negative', 'N/A', 'Negative', 'Normal');
INSERT INTO imaging_reports (id, patient_id, type, body_part, date, hospital_name, doctor_name, findings, impression) VALUES ('IMG-1024-1', 1024, 'Ultrasonography', 'Hepatobiliary System (HBS)', NOW() - INTERVAL '30 days', 'Sir Salimullah Medical College Hospital', 'Dr. Nehal Begum', 'Gallbladder is distended with normal wall thickness. No gallstones or sludge seen. Common bile duct and intrahepatic biliary channels are normal. Pancreas and spleen are normal.', 'Normal HBS scan. No gallstones detected.');
INSERT INTO patient_allergies (patient_id, allergen, severity, reaction) VALUES (1024, 'Peanuts', 'High', 'Anaphylaxis and facial swelling');
INSERT INTO patient_chronic_diseases (patient_id, disease_name, status, diagnosed_date) VALUES (1024, 'Gastroesophageal Reflux Disease (GERD)', 'Active', NOW() - INTERVAL '8 years 1 months');
INSERT INTO prescriptions (id, patient_id, date, doctor_name, doctor_specialization, hospital_name, diagnosis, clinical_notes, follow_up_date) VALUES ('PRES-1025-1', 1025, NOW() - INTERVAL '4 days', 'Dr. Poly Talukder', 'Psychiatry', 'Square Hospitals Ltd.', 'Gastroesophageal Reflux Disease (GERD)', 'Complains of burning sensation in the chest (heartburn), sour taste in the mouth, and upper abdominal pain after meals. Recommended avoiding spicy foods, sleeping with head elevated, and not lying down immediately after eating.', 'In 2 weeks.');
INSERT INTO prescription_medicines (prescription_id, name, dosage, instruction, duration) VALUES ('PRES-1025-1', 'Cap. Esomeprazole 20mg', '1+0+1', '30 minutes before breakfast & dinner', '1 Month');
INSERT INTO prescription_medicines (prescription_id, name, dosage, instruction, duration) VALUES ('PRES-1025-1', 'Tab. Domperidone 10mg', '1+1+1', '15 minutes before meals', '10 Days');
INSERT INTO prescription_medicines (prescription_id, name, dosage, instruction, duration) VALUES ('PRES-1025-1', 'Syr. Antacid', '2 spoonful', '1 hour after meals', '7 Days');
INSERT INTO lab_reports (id, patient_id, test_name, category, date, hospital_name, doctor_name, status, ai_interpretation) VALUES ('LAB-1025-1', 1025, 'H. Pylori Screening Panel', 'Serology', NOW() - INTERVAL '4 days', 'Square Hospitals Ltd.', 'Dr. Poly Talukder', 'Completed', 'H. Pylori antigen test is negative. Upper GI symptoms are likely due to lifestyle/acid reflux rather than active bacterial infection.');
INSERT INTO lab_test_results (lab_report_id, parameter, value, unit, reference_range, status) VALUES ('LAB-1025-1', 'H. Pylori Ag (Stool)', 'Negative', 'N/A', 'Negative', 'Normal');
INSERT INTO imaging_reports (id, patient_id, type, body_part, date, hospital_name, doctor_name, findings, impression) VALUES ('IMG-1025-1', 1025, 'Ultrasonography', 'Hepatobiliary System (HBS)', NOW() - INTERVAL '4 days', 'Square Hospitals Ltd.', 'Dr. Poly Talukder', 'Gallbladder is distended with normal wall thickness. No gallstones or sludge seen. Common bile duct and intrahepatic biliary channels are normal. Pancreas and spleen are normal.', 'Normal HBS scan. No gallstones detected.');
INSERT INTO patient_chronic_diseases (patient_id, disease_name, status, diagnosed_date) VALUES (1025, 'Gastroesophageal Reflux Disease (GERD)', 'Active', NOW() - INTERVAL '6 years 4 months');
INSERT INTO prescriptions (id, patient_id, date, doctor_name, doctor_specialization, hospital_name, diagnosis, clinical_notes, follow_up_date) VALUES ('PRES-1026-1', 1026, NOW() - INTERVAL '7 days', 'Dr. Lipi Chowdhury', 'General Medicine', 'Chittagong Medical College', 'Bilateral Osteoarthritis of Knee Joints', 'Pain, stiffness, and cracking sounds in both knees for the last 6 months, worse in the mornings and after sitting. Advised hot compression, avoidance of sitting on floor/squatting, and moderate knee exercises.', 'In 1 Month.');
INSERT INTO prescription_medicines (prescription_id, name, dosage, instruction, duration) VALUES ('PRES-1026-1', 'Tab. Naproxen 500mg', '1+0+1', 'After meals (only when pain is high)', '7 Days');
INSERT INTO prescription_medicines (prescription_id, name, dosage, instruction, duration) VALUES ('PRES-1026-1', 'Cap. Glucosamine + Chondroitin', '1+0+1', 'After meals', '2 Months');
INSERT INTO prescription_medicines (prescription_id, name, dosage, instruction, duration) VALUES ('PRES-1026-1', 'Tab. Omeprazole 20mg', '1+0+1', 'Before breakfast & dinner', '1 Month');
INSERT INTO lab_reports (id, patient_id, test_name, category, date, hospital_name, doctor_name, status, ai_interpretation) VALUES ('LAB-1026-1', 1026, 'Arthritis & Rheumatology Profile', 'Serology', NOW() - INTERVAL '7 days', 'Chittagong Medical College', 'Dr. Lipi Chowdhury', 'Completed', 'Uric acid level is slightly elevated, but Rheumatoid Factor is negative, suggesting OA rather than Gout or Rheumatoid Arthritis.');
INSERT INTO lab_test_results (lab_report_id, parameter, value, unit, reference_range, status) VALUES ('LAB-1026-1', 'Serum Uric Acid', '7.5', 'mg/dL', '3.5 - 7.2', 'High');
INSERT INTO lab_test_results (lab_report_id, parameter, value, unit, reference_range, status) VALUES ('LAB-1026-1', 'Rheumatoid Factor (RF)', '8', 'IU/mL', '< 14', 'Normal');
INSERT INTO lab_test_results (lab_report_id, parameter, value, unit, reference_range, status) VALUES ('LAB-1026-1', 'C-Reactive Protein (CRP)', '4.2', 'mg/L', '< 5.0', 'Normal');
INSERT INTO imaging_reports (id, patient_id, type, body_part, date, hospital_name, doctor_name, findings, impression) VALUES ('IMG-1026-1', 1026, 'X-Ray', 'Bilateral Knee Joints (AP & Lateral)', NOW() - INTERVAL '7 days', 'Chittagong Medical College', 'Dr. Lipi Chowdhury', 'Narrowing of the medial joint spaces in both knees. Subchondral sclerosis and osteophyte formation are noted along the margins of both joint surfaces. No joint effusion or fracture.', 'Radiological features of Bilateral Osteoarthritis of Knees (Grade-II).');
INSERT INTO patient_allergies (patient_id, allergen, severity, reaction) VALUES (1026, 'Sulfa Drugs', 'Moderate', 'Generalized skin rash');
INSERT INTO patient_chronic_diseases (patient_id, disease_name, status, diagnosed_date) VALUES (1026, 'Osteoarthritis', 'Active', NOW() - INTERVAL '10 years 4 months');
INSERT INTO prescriptions (id, patient_id, date, doctor_name, doctor_specialization, hospital_name, diagnosis, clinical_notes, follow_up_date) VALUES ('PRES-1027-1', 1027, NOW() - INTERVAL '17 days', 'Dr. Rashed Siddique', 'Gynaecology & Obstetrics', 'Jashore General Hospital', 'Gastroesophageal Reflux Disease (GERD)', 'Complains of burning sensation in the chest (heartburn), sour taste in the mouth, and upper abdominal pain after meals. Recommended avoiding spicy foods, sleeping with head elevated, and not lying down immediately after eating.', 'In 2 weeks.');
INSERT INTO prescription_medicines (prescription_id, name, dosage, instruction, duration) VALUES ('PRES-1027-1', 'Cap. Esomeprazole 20mg', '1+0+1', '30 minutes before breakfast & dinner', '1 Month');
INSERT INTO prescription_medicines (prescription_id, name, dosage, instruction, duration) VALUES ('PRES-1027-1', 'Tab. Domperidone 10mg', '1+1+1', '15 minutes before meals', '10 Days');
INSERT INTO prescription_medicines (prescription_id, name, dosage, instruction, duration) VALUES ('PRES-1027-1', 'Syr. Antacid', '2 spoonful', '1 hour after meals', '7 Days');
INSERT INTO lab_reports (id, patient_id, test_name, category, date, hospital_name, doctor_name, status, ai_interpretation) VALUES ('LAB-1027-1', 1027, 'H. Pylori Screening Panel', 'Serology', NOW() - INTERVAL '17 days', 'Jashore General Hospital', 'Dr. Rashed Siddique', 'Completed', 'H. Pylori antigen test is negative. Upper GI symptoms are likely due to lifestyle/acid reflux rather than active bacterial infection.');
INSERT INTO lab_test_results (lab_report_id, parameter, value, unit, reference_range, status) VALUES ('LAB-1027-1', 'H. Pylori Ag (Stool)', 'Negative', 'N/A', 'Negative', 'Normal');
INSERT INTO imaging_reports (id, patient_id, type, body_part, date, hospital_name, doctor_name, findings, impression) VALUES ('IMG-1027-1', 1027, 'Ultrasonography', 'Hepatobiliary System (HBS)', NOW() - INTERVAL '17 days', 'Jashore General Hospital', 'Dr. Rashed Siddique', 'Gallbladder is distended with normal wall thickness. No gallstones or sludge seen. Common bile duct and intrahepatic biliary channels are normal. Pancreas and spleen are normal.', 'Normal HBS scan. No gallstones detected.');
INSERT INTO patient_chronic_diseases (patient_id, disease_name, status, diagnosed_date) VALUES (1027, 'Gastroesophageal Reflux Disease (GERD)', 'Active', NOW() - INTERVAL '4 years 6 months');
INSERT INTO prescriptions (id, patient_id, date, doctor_name, doctor_specialization, hospital_name, diagnosis, clinical_notes, follow_up_date) VALUES ('PRES-1028-1', 1028, NOW() - INTERVAL '5 days', 'Dr. Faruq Begum', 'Neuromedicine', 'Square Hospitals Ltd.', 'Type 2 Diabetes Mellitus & Essential Hypertension', 'Patient presents with generalized weakness and occasional dizziness. Blood pressure and fasting blood glucose are elevated. Recommended strict dietary control, low salt, regular walking, and compliance with medications.', 'In 3 months with fasting blood sugar and lipid profile reports.');
INSERT INTO prescription_medicines (prescription_id, name, dosage, instruction, duration) VALUES ('PRES-1028-1', 'Tab. Metformin HCl 500mg', '1+0+1', 'After meals', '3 Months');
INSERT INTO prescription_medicines (prescription_id, name, dosage, instruction, duration) VALUES ('PRES-1028-1', 'Tab. Amlodipine 5mg', '0+0+1', 'At night before sleeping', '1 Month');
INSERT INTO prescription_medicines (prescription_id, name, dosage, instruction, duration) VALUES ('PRES-1028-1', 'Tab. Atorvastatin 10mg', '0+0+1', 'At night after dinner', '2 Months');
INSERT INTO lab_reports (id, patient_id, test_name, category, date, hospital_name, doctor_name, status, ai_interpretation) VALUES ('LAB-1028-1', 1028, 'Diabetes and Kidney Function Panel', 'Biochemistry', NOW() - INTERVAL '5 days', 'Square Hospitals Ltd.', 'Dr. Faruq Begum', 'Completed', 'Fasting Blood Glucose is high, indicating suboptimal glycemic control. Renal function (Creatinine) is normal. HbA1c should be monitored next visit.');
INSERT INTO lab_test_results (lab_report_id, parameter, value, unit, reference_range, status) VALUES ('LAB-1028-1', 'Fasting Blood Sugar (FBS)', '142', 'mg/dL', '70 - 100', 'High');
INSERT INTO lab_test_results (lab_report_id, parameter, value, unit, reference_range, status) VALUES ('LAB-1028-1', 'Serum Creatinine', '0.9', 'mg/dL', '0.6 - 1.2', 'Normal');
INSERT INTO lab_test_results (lab_report_id, parameter, value, unit, reference_range, status) VALUES ('LAB-1028-1', 'Blood Urea Nitrogen (BUN)', '14', 'mg/dL', '7 - 20', 'Normal');
INSERT INTO imaging_reports (id, patient_id, type, body_part, date, hospital_name, doctor_name, findings, impression) VALUES ('IMG-1028-1', 1028, 'Ultrasonography', 'Whole Abdomen', NOW() - INTERVAL '5 days', 'Square Hospitals Ltd.', 'Dr. Faruq Begum', 'Liver shows normal size but mildly increased parenchymal echotexture, suggestive of Grade-I Fatty Liver. Gallbladder, spleen, kidneys, and urinary bladder are normal in size and shape. No calculi or focal masses seen.', 'Mild Hepatomegaly with Grade-I Fatty Change (Fatty Liver).');
INSERT INTO prescriptions (id, patient_id, date, doctor_name, doctor_specialization, hospital_name, diagnosis, clinical_notes, follow_up_date) VALUES ('PRES-1028-2', 1028, NOW() - INTERVAL '29 days', 'Dr. Sadia Begum', 'Urology', 'National Medical Center', 'Gastroesophageal Reflux Disease (GERD)', 'Complains of burning sensation in the chest (heartburn), sour taste in the mouth, and upper abdominal pain after meals. Recommended avoiding spicy foods, sleeping with head elevated, and not lying down immediately after eating.', 'In 2 weeks.');
INSERT INTO prescription_medicines (prescription_id, name, dosage, instruction, duration) VALUES ('PRES-1028-2', 'Cap. Esomeprazole 20mg', '1+0+1', '30 minutes before breakfast & dinner', '1 Month');
INSERT INTO prescription_medicines (prescription_id, name, dosage, instruction, duration) VALUES ('PRES-1028-2', 'Tab. Domperidone 10mg', '1+1+1', '15 minutes before meals', '10 Days');
INSERT INTO prescription_medicines (prescription_id, name, dosage, instruction, duration) VALUES ('PRES-1028-2', 'Syr. Antacid', '2 spoonful', '1 hour after meals', '7 Days');
INSERT INTO lab_reports (id, patient_id, test_name, category, date, hospital_name, doctor_name, status, ai_interpretation) VALUES ('LAB-1028-2', 1028, 'H. Pylori Screening Panel', 'Serology', NOW() - INTERVAL '29 days', 'National Medical Center', 'Dr. Sadia Begum', 'Completed', 'H. Pylori antigen test is negative. Upper GI symptoms are likely due to lifestyle/acid reflux rather than active bacterial infection.');
INSERT INTO lab_test_results (lab_report_id, parameter, value, unit, reference_range, status) VALUES ('LAB-1028-2', 'H. Pylori Ag (Stool)', 'Negative', 'N/A', 'Negative', 'Normal');
INSERT INTO imaging_reports (id, patient_id, type, body_part, date, hospital_name, doctor_name, findings, impression) VALUES ('IMG-1028-2', 1028, 'Ultrasonography', 'Hepatobiliary System (HBS)', NOW() - INTERVAL '29 days', 'National Medical Center', 'Dr. Sadia Begum', 'Gallbladder is distended with normal wall thickness. No gallstones or sludge seen. Common bile duct and intrahepatic biliary channels are normal. Pancreas and spleen are normal.', 'Normal HBS scan. No gallstones detected.');
INSERT INTO patient_chronic_diseases (patient_id, disease_name, status, diagnosed_date) VALUES (1028, 'Gastroesophageal Reflux Disease (GERD)', 'Active', NOW() - INTERVAL '1 years 2 months');
INSERT INTO patient_chronic_diseases (patient_id, disease_name, status, diagnosed_date) VALUES (1028, 'Type 2 Diabetes Mellitus', 'Active', NOW() - INTERVAL '10 years 3 months');
INSERT INTO patient_chronic_diseases (patient_id, disease_name, status, diagnosed_date) VALUES (1028, 'Essential Hypertension', 'Active', NOW() - INTERVAL '8 years 8 months');
INSERT INTO prescriptions (id, patient_id, date, doctor_name, doctor_specialization, hospital_name, diagnosis, clinical_notes, follow_up_date) VALUES ('PRES-1029-1', 1029, NOW() - INTERVAL '7 days', 'Dr. Rashed Begum', 'General Medicine', 'Dhaka Shishu Hospital', 'Gastroesophageal Reflux Disease (GERD)', 'Complains of burning sensation in the chest (heartburn), sour taste in the mouth, and upper abdominal pain after meals. Recommended avoiding spicy foods, sleeping with head elevated, and not lying down immediately after eating.', 'In 2 weeks.');
INSERT INTO prescription_medicines (prescription_id, name, dosage, instruction, duration) VALUES ('PRES-1029-1', 'Cap. Esomeprazole 20mg', '1+0+1', '30 minutes before breakfast & dinner', '1 Month');
INSERT INTO prescription_medicines (prescription_id, name, dosage, instruction, duration) VALUES ('PRES-1029-1', 'Tab. Domperidone 10mg', '1+1+1', '15 minutes before meals', '10 Days');
INSERT INTO prescription_medicines (prescription_id, name, dosage, instruction, duration) VALUES ('PRES-1029-1', 'Syr. Antacid', '2 spoonful', '1 hour after meals', '7 Days');
INSERT INTO lab_reports (id, patient_id, test_name, category, date, hospital_name, doctor_name, status, ai_interpretation) VALUES ('LAB-1029-1', 1029, 'H. Pylori Screening Panel', 'Serology', NOW() - INTERVAL '7 days', 'Dhaka Shishu Hospital', 'Dr. Rashed Begum', 'Completed', 'H. Pylori antigen test is negative. Upper GI symptoms are likely due to lifestyle/acid reflux rather than active bacterial infection.');
INSERT INTO lab_test_results (lab_report_id, parameter, value, unit, reference_range, status) VALUES ('LAB-1029-1', 'H. Pylori Ag (Stool)', 'Negative', 'N/A', 'Negative', 'Normal');
INSERT INTO imaging_reports (id, patient_id, type, body_part, date, hospital_name, doctor_name, findings, impression) VALUES ('IMG-1029-1', 1029, 'Ultrasonography', 'Hepatobiliary System (HBS)', NOW() - INTERVAL '7 days', 'Dhaka Shishu Hospital', 'Dr. Rashed Begum', 'Gallbladder is distended with normal wall thickness. No gallstones or sludge seen. Common bile duct and intrahepatic biliary channels are normal. Pancreas and spleen are normal.', 'Normal HBS scan. No gallstones detected.');
INSERT INTO prescriptions (id, patient_id, date, doctor_name, doctor_specialization, hospital_name, diagnosis, clinical_notes, follow_up_date) VALUES ('PRES-1029-2', 1029, NOW() - INTERVAL '19 days', 'Dr. Faruq Akter', 'Neuromedicine', 'Jashore General Hospital', 'Bilateral Osteoarthritis of Knee Joints', 'Pain, stiffness, and cracking sounds in both knees for the last 6 months, worse in the mornings and after sitting. Advised hot compression, avoidance of sitting on floor/squatting, and moderate knee exercises.', 'In 1 Month.');
INSERT INTO prescription_medicines (prescription_id, name, dosage, instruction, duration) VALUES ('PRES-1029-2', 'Tab. Naproxen 500mg', '1+0+1', 'After meals (only when pain is high)', '7 Days');
INSERT INTO prescription_medicines (prescription_id, name, dosage, instruction, duration) VALUES ('PRES-1029-2', 'Cap. Glucosamine + Chondroitin', '1+0+1', 'After meals', '2 Months');
INSERT INTO prescription_medicines (prescription_id, name, dosage, instruction, duration) VALUES ('PRES-1029-2', 'Tab. Omeprazole 20mg', '1+0+1', 'Before breakfast & dinner', '1 Month');
INSERT INTO lab_reports (id, patient_id, test_name, category, date, hospital_name, doctor_name, status, ai_interpretation) VALUES ('LAB-1029-2', 1029, 'Arthritis & Rheumatology Profile', 'Serology', NOW() - INTERVAL '19 days', 'Jashore General Hospital', 'Dr. Faruq Akter', 'Completed', 'Uric acid level is slightly elevated, but Rheumatoid Factor is negative, suggesting OA rather than Gout or Rheumatoid Arthritis.');
INSERT INTO lab_test_results (lab_report_id, parameter, value, unit, reference_range, status) VALUES ('LAB-1029-2', 'Serum Uric Acid', '7.5', 'mg/dL', '3.5 - 7.2', 'High');
INSERT INTO lab_test_results (lab_report_id, parameter, value, unit, reference_range, status) VALUES ('LAB-1029-2', 'Rheumatoid Factor (RF)', '8', 'IU/mL', '< 14', 'Normal');
INSERT INTO lab_test_results (lab_report_id, parameter, value, unit, reference_range, status) VALUES ('LAB-1029-2', 'C-Reactive Protein (CRP)', '4.2', 'mg/L', '< 5.0', 'Normal');
INSERT INTO imaging_reports (id, patient_id, type, body_part, date, hospital_name, doctor_name, findings, impression) VALUES ('IMG-1029-2', 1029, 'X-Ray', 'Bilateral Knee Joints (AP & Lateral)', NOW() - INTERVAL '19 days', 'Jashore General Hospital', 'Dr. Faruq Akter', 'Narrowing of the medial joint spaces in both knees. Subchondral sclerosis and osteophyte formation are noted along the margins of both joint surfaces. No joint effusion or fracture.', 'Radiological features of Bilateral Osteoarthritis of Knees (Grade-II).');
INSERT INTO patient_allergies (patient_id, allergen, severity, reaction) VALUES (1029, 'Penicillin', 'High', 'Anaphylactic shock and skin hives');
INSERT INTO patient_chronic_diseases (patient_id, disease_name, status, diagnosed_date) VALUES (1029, 'Osteoarthritis', 'Active', NOW() - INTERVAL '6 years 7 months');
INSERT INTO patient_chronic_diseases (patient_id, disease_name, status, diagnosed_date) VALUES (1029, 'Gastroesophageal Reflux Disease (GERD)', 'Active', NOW() - INTERVAL '2 years 7 months');
INSERT INTO prescriptions (id, patient_id, date, doctor_name, doctor_specialization, hospital_name, diagnosis, clinical_notes, follow_up_date) VALUES ('PRES-1030-1', 1030, NOW() - INTERVAL '18 days', 'Dr. Mahbub Akter', 'Gastroenterology', 'Square Hospitals Ltd.', 'Acute Bronchitis & suspected Asthma', 'Cough with sputum, shortness of breath, and chest tightness for 5 days. Wheezing heard on auscultation. Advised avoiding cold drinks, dust, and using inhaler correctly.', 'In 10 days for review of symptoms.');
INSERT INTO prescription_medicines (prescription_id, name, dosage, instruction, duration) VALUES ('PRES-1030-1', 'Tab. Azithromycin 500mg', '1+0+0', '1 hour before food', '5 Days');
INSERT INTO prescription_medicines (prescription_id, name, dosage, instruction, duration) VALUES ('PRES-1030-1', 'Tab. Montelukast 10mg', '0+0+1', 'At night', '14 Days');
INSERT INTO prescription_medicines (prescription_id, name, dosage, instruction, duration) VALUES ('PRES-1030-1', 'Inhaler Salbutamol 100mcg', '2 Puffs', 'As needed (when short of breath)', 'As needed');
INSERT INTO lab_reports (id, patient_id, test_name, category, date, hospital_name, doctor_name, status, ai_interpretation) VALUES ('LAB-1030-1', 1030, 'Complete Blood Count (CBC)', 'Hematology', NOW() - INTERVAL '18 days', 'Square Hospitals Ltd.', 'Dr. Mahbub Akter', 'Completed', 'Mild leukocytosis observed, consistent with active respiratory tract infection. Eosinophil counts are slightly elevated, which could point to an allergic component (Asthma).');
INSERT INTO lab_test_results (lab_report_id, parameter, value, unit, reference_range, status) VALUES ('LAB-1030-1', 'Total WBC Count', '11.2', 'x10^9/L', '4.0 - 11.0', 'High');
INSERT INTO lab_test_results (lab_report_id, parameter, value, unit, reference_range, status) VALUES ('LAB-1030-1', 'Hemoglobin (Hb)', '14.5', 'g/dL', '13.5 - 17.5', 'Normal');
INSERT INTO lab_test_results (lab_report_id, parameter, value, unit, reference_range, status) VALUES ('LAB-1030-1', 'Eosinophils', '7', '%', '1 - 6', 'High');
INSERT INTO imaging_reports (id, patient_id, type, body_part, date, hospital_name, doctor_name, findings, impression) VALUES ('IMG-1030-1', 1030, 'X-Ray', 'Chest (P/A View)', NOW() - INTERVAL '18 days', 'Square Hospitals Ltd.', 'Dr. Mahbub Akter', 'Lungs are hyperinflated. Increased bronchovascular markings seen bilaterally. Both costophrenic angles are clear. Heart size and shape are normal. Bony thorax and dome of diaphragms are intact.', 'Findings are suggestive of Acute Bronchitic changes. No consolidation or pleural effusion.');
INSERT INTO patient_allergies (patient_id, allergen, severity, reaction) VALUES (1030, 'Dust Mites', 'Moderate', 'Sneezing and coughing');
INSERT INTO patient_allergies (patient_id, allergen, severity, reaction) VALUES (1030, 'Pollen', 'Low', 'Runny nose');
INSERT INTO patient_chronic_diseases (patient_id, disease_name, status, diagnosed_date) VALUES (1030, 'Migraine', 'Active', NOW() - INTERVAL '8 years 10 months');
INSERT INTO patient_chronic_diseases (patient_id, disease_name, status, diagnosed_date) VALUES (1030, 'Bronchial Asthma', 'Controlled', NOW() - INTERVAL '5 years 9 months');
INSERT INTO prescriptions (id, patient_id, date, doctor_name, doctor_specialization, hospital_name, diagnosis, clinical_notes, follow_up_date) VALUES ('PRES-1031-1', 1031, NOW() - INTERVAL '21 days', 'Dr. Khadija Begum', 'Endocrinology & Diabetology', 'Square Hospitals Ltd.', 'Acute Bronchitis & suspected Asthma', 'Cough with sputum, shortness of breath, and chest tightness for 5 days. Wheezing heard on auscultation. Advised avoiding cold drinks, dust, and using inhaler correctly.', 'In 10 days for review of symptoms.');
INSERT INTO prescription_medicines (prescription_id, name, dosage, instruction, duration) VALUES ('PRES-1031-1', 'Tab. Azithromycin 500mg', '1+0+0', '1 hour before food', '5 Days');
INSERT INTO prescription_medicines (prescription_id, name, dosage, instruction, duration) VALUES ('PRES-1031-1', 'Tab. Montelukast 10mg', '0+0+1', 'At night', '14 Days');
INSERT INTO prescription_medicines (prescription_id, name, dosage, instruction, duration) VALUES ('PRES-1031-1', 'Inhaler Salbutamol 100mcg', '2 Puffs', 'As needed (when short of breath)', 'As needed');
INSERT INTO lab_reports (id, patient_id, test_name, category, date, hospital_name, doctor_name, status, ai_interpretation) VALUES ('LAB-1031-1', 1031, 'Complete Blood Count (CBC)', 'Hematology', NOW() - INTERVAL '21 days', 'Square Hospitals Ltd.', 'Dr. Khadija Begum', 'Completed', 'Mild leukocytosis observed, consistent with active respiratory tract infection. Eosinophil counts are slightly elevated, which could point to an allergic component (Asthma).');
INSERT INTO lab_test_results (lab_report_id, parameter, value, unit, reference_range, status) VALUES ('LAB-1031-1', 'Total WBC Count', '11.2', 'x10^9/L', '4.0 - 11.0', 'High');
INSERT INTO lab_test_results (lab_report_id, parameter, value, unit, reference_range, status) VALUES ('LAB-1031-1', 'Hemoglobin (Hb)', '14.5', 'g/dL', '13.5 - 17.5', 'Normal');
INSERT INTO lab_test_results (lab_report_id, parameter, value, unit, reference_range, status) VALUES ('LAB-1031-1', 'Eosinophils', '7', '%', '1 - 6', 'High');
INSERT INTO imaging_reports (id, patient_id, type, body_part, date, hospital_name, doctor_name, findings, impression) VALUES ('IMG-1031-1', 1031, 'X-Ray', 'Chest (P/A View)', NOW() - INTERVAL '21 days', 'Square Hospitals Ltd.', 'Dr. Khadija Begum', 'Lungs are hyperinflated. Increased bronchovascular markings seen bilaterally. Both costophrenic angles are clear. Heart size and shape are normal. Bony thorax and dome of diaphragms are intact.', 'Findings are suggestive of Acute Bronchitic changes. No consolidation or pleural effusion.');
INSERT INTO patient_allergies (patient_id, allergen, severity, reaction) VALUES (1031, 'Sulfa Drugs', 'Moderate', 'Generalized skin rash');
INSERT INTO patient_allergies (patient_id, allergen, severity, reaction) VALUES (1031, 'Dust Mites', 'Moderate', 'Sneezing and coughing');
INSERT INTO patient_allergies (patient_id, allergen, severity, reaction) VALUES (1031, 'Pollen', 'Low', 'Runny nose');
INSERT INTO patient_chronic_diseases (patient_id, disease_name, status, diagnosed_date) VALUES (1031, 'Hyperlipidemia', 'Active', NOW() - INTERVAL '3 years 7 months');
INSERT INTO patient_chronic_diseases (patient_id, disease_name, status, diagnosed_date) VALUES (1031, 'Bronchial Asthma', 'Controlled', NOW() - INTERVAL '7 years 3 months');
INSERT INTO prescriptions (id, patient_id, date, doctor_name, doctor_specialization, hospital_name, diagnosis, clinical_notes, follow_up_date) VALUES ('PRES-1032-1', 1032, NOW() - INTERVAL '11 days', 'Dr. Selim Hasan', 'General Medicine', 'Anwer Khan Modern Medical College Hospital', 'Gastroesophageal Reflux Disease (GERD)', 'Complains of burning sensation in the chest (heartburn), sour taste in the mouth, and upper abdominal pain after meals. Recommended avoiding spicy foods, sleeping with head elevated, and not lying down immediately after eating.', 'In 2 weeks.');
INSERT INTO prescription_medicines (prescription_id, name, dosage, instruction, duration) VALUES ('PRES-1032-1', 'Cap. Esomeprazole 20mg', '1+0+1', '30 minutes before breakfast & dinner', '1 Month');
INSERT INTO prescription_medicines (prescription_id, name, dosage, instruction, duration) VALUES ('PRES-1032-1', 'Tab. Domperidone 10mg', '1+1+1', '15 minutes before meals', '10 Days');
INSERT INTO prescription_medicines (prescription_id, name, dosage, instruction, duration) VALUES ('PRES-1032-1', 'Syr. Antacid', '2 spoonful', '1 hour after meals', '7 Days');
INSERT INTO lab_reports (id, patient_id, test_name, category, date, hospital_name, doctor_name, status, ai_interpretation) VALUES ('LAB-1032-1', 1032, 'H. Pylori Screening Panel', 'Serology', NOW() - INTERVAL '11 days', 'Anwer Khan Modern Medical College Hospital', 'Dr. Selim Hasan', 'Completed', 'H. Pylori antigen test is negative. Upper GI symptoms are likely due to lifestyle/acid reflux rather than active bacterial infection.');
INSERT INTO lab_test_results (lab_report_id, parameter, value, unit, reference_range, status) VALUES ('LAB-1032-1', 'H. Pylori Ag (Stool)', 'Negative', 'N/A', 'Negative', 'Normal');
INSERT INTO imaging_reports (id, patient_id, type, body_part, date, hospital_name, doctor_name, findings, impression) VALUES ('IMG-1032-1', 1032, 'Ultrasonography', 'Hepatobiliary System (HBS)', NOW() - INTERVAL '11 days', 'Anwer Khan Modern Medical College Hospital', 'Dr. Selim Hasan', 'Gallbladder is distended with normal wall thickness. No gallstones or sludge seen. Common bile duct and intrahepatic biliary channels are normal. Pancreas and spleen are normal.', 'Normal HBS scan. No gallstones detected.');
INSERT INTO patient_chronic_diseases (patient_id, disease_name, status, diagnosed_date) VALUES (1032, 'Gastroesophageal Reflux Disease (GERD)', 'Active', NOW() - INTERVAL '9 years 12 months');
INSERT INTO prescriptions (id, patient_id, date, doctor_name, doctor_specialization, hospital_name, diagnosis, clinical_notes, follow_up_date) VALUES ('PRES-1033-1', 1033, NOW() - INTERVAL '19 days', 'Dr. Rony Ali', 'Psychiatry', 'National Institute of Cardiovascular Diseases', 'Type 2 Diabetes Mellitus & Essential Hypertension', 'Patient presents with generalized weakness and occasional dizziness. Blood pressure and fasting blood glucose are elevated. Recommended strict dietary control, low salt, regular walking, and compliance with medications.', 'In 3 months with fasting blood sugar and lipid profile reports.');
INSERT INTO prescription_medicines (prescription_id, name, dosage, instruction, duration) VALUES ('PRES-1033-1', 'Tab. Metformin HCl 500mg', '1+0+1', 'After meals', '3 Months');
INSERT INTO prescription_medicines (prescription_id, name, dosage, instruction, duration) VALUES ('PRES-1033-1', 'Tab. Amlodipine 5mg', '0+0+1', 'At night before sleeping', '1 Month');
INSERT INTO prescription_medicines (prescription_id, name, dosage, instruction, duration) VALUES ('PRES-1033-1', 'Tab. Atorvastatin 10mg', '0+0+1', 'At night after dinner', '2 Months');
INSERT INTO lab_reports (id, patient_id, test_name, category, date, hospital_name, doctor_name, status, ai_interpretation) VALUES ('LAB-1033-1', 1033, 'Diabetes and Kidney Function Panel', 'Biochemistry', NOW() - INTERVAL '19 days', 'National Institute of Cardiovascular Diseases', 'Dr. Rony Ali', 'Completed', 'Fasting Blood Glucose is high, indicating suboptimal glycemic control. Renal function (Creatinine) is normal. HbA1c should be monitored next visit.');
INSERT INTO lab_test_results (lab_report_id, parameter, value, unit, reference_range, status) VALUES ('LAB-1033-1', 'Fasting Blood Sugar (FBS)', '142', 'mg/dL', '70 - 100', 'High');
INSERT INTO lab_test_results (lab_report_id, parameter, value, unit, reference_range, status) VALUES ('LAB-1033-1', 'Serum Creatinine', '0.9', 'mg/dL', '0.6 - 1.2', 'Normal');
INSERT INTO lab_test_results (lab_report_id, parameter, value, unit, reference_range, status) VALUES ('LAB-1033-1', 'Blood Urea Nitrogen (BUN)', '14', 'mg/dL', '7 - 20', 'Normal');
INSERT INTO imaging_reports (id, patient_id, type, body_part, date, hospital_name, doctor_name, findings, impression) VALUES ('IMG-1033-1', 1033, 'Ultrasonography', 'Whole Abdomen', NOW() - INTERVAL '19 days', 'National Institute of Cardiovascular Diseases', 'Dr. Rony Ali', 'Liver shows normal size but mildly increased parenchymal echotexture, suggestive of Grade-I Fatty Liver. Gallbladder, spleen, kidneys, and urinary bladder are normal in size and shape. No calculi or focal masses seen.', 'Mild Hepatomegaly with Grade-I Fatty Change (Fatty Liver).');
INSERT INTO prescriptions (id, patient_id, date, doctor_name, doctor_specialization, hospital_name, diagnosis, clinical_notes, follow_up_date) VALUES ('PRES-1033-2', 1033, NOW() - INTERVAL '30 days', 'Dr. Rafiq Hasan', 'Orthopedics', 'Mugda Medical College Hospital', 'Bilateral Osteoarthritis of Knee Joints', 'Pain, stiffness, and cracking sounds in both knees for the last 6 months, worse in the mornings and after sitting. Advised hot compression, avoidance of sitting on floor/squatting, and moderate knee exercises.', 'In 1 Month.');
INSERT INTO prescription_medicines (prescription_id, name, dosage, instruction, duration) VALUES ('PRES-1033-2', 'Tab. Naproxen 500mg', '1+0+1', 'After meals (only when pain is high)', '7 Days');
INSERT INTO prescription_medicines (prescription_id, name, dosage, instruction, duration) VALUES ('PRES-1033-2', 'Cap. Glucosamine + Chondroitin', '1+0+1', 'After meals', '2 Months');
INSERT INTO prescription_medicines (prescription_id, name, dosage, instruction, duration) VALUES ('PRES-1033-2', 'Tab. Omeprazole 20mg', '1+0+1', 'Before breakfast & dinner', '1 Month');
INSERT INTO lab_reports (id, patient_id, test_name, category, date, hospital_name, doctor_name, status, ai_interpretation) VALUES ('LAB-1033-2', 1033, 'Arthritis & Rheumatology Profile', 'Serology', NOW() - INTERVAL '30 days', 'Mugda Medical College Hospital', 'Dr. Rafiq Hasan', 'Completed', 'Uric acid level is slightly elevated, but Rheumatoid Factor is negative, suggesting OA rather than Gout or Rheumatoid Arthritis.');
INSERT INTO lab_test_results (lab_report_id, parameter, value, unit, reference_range, status) VALUES ('LAB-1033-2', 'Serum Uric Acid', '7.5', 'mg/dL', '3.5 - 7.2', 'High');
INSERT INTO lab_test_results (lab_report_id, parameter, value, unit, reference_range, status) VALUES ('LAB-1033-2', 'Rheumatoid Factor (RF)', '8', 'IU/mL', '< 14', 'Normal');
INSERT INTO lab_test_results (lab_report_id, parameter, value, unit, reference_range, status) VALUES ('LAB-1033-2', 'C-Reactive Protein (CRP)', '4.2', 'mg/L', '< 5.0', 'Normal');
INSERT INTO imaging_reports (id, patient_id, type, body_part, date, hospital_name, doctor_name, findings, impression) VALUES ('IMG-1033-2', 1033, 'X-Ray', 'Bilateral Knee Joints (AP & Lateral)', NOW() - INTERVAL '30 days', 'Mugda Medical College Hospital', 'Dr. Rafiq Hasan', 'Narrowing of the medial joint spaces in both knees. Subchondral sclerosis and osteophyte formation are noted along the margins of both joint surfaces. No joint effusion or fracture.', 'Radiological features of Bilateral Osteoarthritis of Knees (Grade-II).');
INSERT INTO patient_allergies (patient_id, allergen, severity, reaction) VALUES (1033, 'Peanuts', 'High', 'Anaphylaxis and facial swelling');
INSERT INTO patient_chronic_diseases (patient_id, disease_name, status, diagnosed_date) VALUES (1033, 'Osteoarthritis', 'Active', NOW() - INTERVAL '10 years 5 months');
INSERT INTO patient_chronic_diseases (patient_id, disease_name, status, diagnosed_date) VALUES (1033, 'Type 2 Diabetes Mellitus', 'Active', NOW() - INTERVAL '3 years 10 months');
INSERT INTO patient_chronic_diseases (patient_id, disease_name, status, diagnosed_date) VALUES (1033, 'Essential Hypertension', 'Active', NOW() - INTERVAL '9 years 5 months');
INSERT INTO prescriptions (id, patient_id, date, doctor_name, doctor_specialization, hospital_name, diagnosis, clinical_notes, follow_up_date) VALUES ('PRES-1034-1', 1034, NOW() - INTERVAL '10 days', 'Dr. Keya Rahman', 'Urology', 'Anwer Khan Modern Medical College Hospital', 'Acute Bronchitis & suspected Asthma', 'Cough with sputum, shortness of breath, and chest tightness for 5 days. Wheezing heard on auscultation. Advised avoiding cold drinks, dust, and using inhaler correctly.', 'In 10 days for review of symptoms.');
INSERT INTO prescription_medicines (prescription_id, name, dosage, instruction, duration) VALUES ('PRES-1034-1', 'Tab. Azithromycin 500mg', '1+0+0', '1 hour before food', '5 Days');
INSERT INTO prescription_medicines (prescription_id, name, dosage, instruction, duration) VALUES ('PRES-1034-1', 'Tab. Montelukast 10mg', '0+0+1', 'At night', '14 Days');
INSERT INTO prescription_medicines (prescription_id, name, dosage, instruction, duration) VALUES ('PRES-1034-1', 'Inhaler Salbutamol 100mcg', '2 Puffs', 'As needed (when short of breath)', 'As needed');
INSERT INTO lab_reports (id, patient_id, test_name, category, date, hospital_name, doctor_name, status, ai_interpretation) VALUES ('LAB-1034-1', 1034, 'Complete Blood Count (CBC)', 'Hematology', NOW() - INTERVAL '10 days', 'Anwer Khan Modern Medical College Hospital', 'Dr. Keya Rahman', 'Completed', 'Mild leukocytosis observed, consistent with active respiratory tract infection. Eosinophil counts are slightly elevated, which could point to an allergic component (Asthma).');
INSERT INTO lab_test_results (lab_report_id, parameter, value, unit, reference_range, status) VALUES ('LAB-1034-1', 'Total WBC Count', '11.2', 'x10^9/L', '4.0 - 11.0', 'High');
INSERT INTO lab_test_results (lab_report_id, parameter, value, unit, reference_range, status) VALUES ('LAB-1034-1', 'Hemoglobin (Hb)', '14.5', 'g/dL', '13.5 - 17.5', 'Normal');
INSERT INTO lab_test_results (lab_report_id, parameter, value, unit, reference_range, status) VALUES ('LAB-1034-1', 'Eosinophils', '7', '%', '1 - 6', 'High');
INSERT INTO imaging_reports (id, patient_id, type, body_part, date, hospital_name, doctor_name, findings, impression) VALUES ('IMG-1034-1', 1034, 'X-Ray', 'Chest (P/A View)', NOW() - INTERVAL '10 days', 'Anwer Khan Modern Medical College Hospital', 'Dr. Keya Rahman', 'Lungs are hyperinflated. Increased bronchovascular markings seen bilaterally. Both costophrenic angles are clear. Heart size and shape are normal. Bony thorax and dome of diaphragms are intact.', 'Findings are suggestive of Acute Bronchitic changes. No consolidation or pleural effusion.');
INSERT INTO prescriptions (id, patient_id, date, doctor_name, doctor_specialization, hospital_name, diagnosis, clinical_notes, follow_up_date) VALUES ('PRES-1034-2', 1034, NOW() - INTERVAL '8 days', 'Dr. Rafiq Hasan', 'Orthopedics', 'Mugda Medical College Hospital', 'Type 2 Diabetes Mellitus & Essential Hypertension', 'Patient presents with generalized weakness and occasional dizziness. Blood pressure and fasting blood glucose are elevated. Recommended strict dietary control, low salt, regular walking, and compliance with medications.', 'In 3 months with fasting blood sugar and lipid profile reports.');
INSERT INTO prescription_medicines (prescription_id, name, dosage, instruction, duration) VALUES ('PRES-1034-2', 'Tab. Metformin HCl 500mg', '1+0+1', 'After meals', '3 Months');
INSERT INTO prescription_medicines (prescription_id, name, dosage, instruction, duration) VALUES ('PRES-1034-2', 'Tab. Amlodipine 5mg', '0+0+1', 'At night before sleeping', '1 Month');
INSERT INTO prescription_medicines (prescription_id, name, dosage, instruction, duration) VALUES ('PRES-1034-2', 'Tab. Atorvastatin 10mg', '0+0+1', 'At night after dinner', '2 Months');
INSERT INTO lab_reports (id, patient_id, test_name, category, date, hospital_name, doctor_name, status, ai_interpretation) VALUES ('LAB-1034-2', 1034, 'Diabetes and Kidney Function Panel', 'Biochemistry', NOW() - INTERVAL '8 days', 'Mugda Medical College Hospital', 'Dr. Rafiq Hasan', 'Completed', 'Fasting Blood Glucose is high, indicating suboptimal glycemic control. Renal function (Creatinine) is normal. HbA1c should be monitored next visit.');
INSERT INTO lab_test_results (lab_report_id, parameter, value, unit, reference_range, status) VALUES ('LAB-1034-2', 'Fasting Blood Sugar (FBS)', '142', 'mg/dL', '70 - 100', 'High');
INSERT INTO lab_test_results (lab_report_id, parameter, value, unit, reference_range, status) VALUES ('LAB-1034-2', 'Serum Creatinine', '0.9', 'mg/dL', '0.6 - 1.2', 'Normal');
INSERT INTO lab_test_results (lab_report_id, parameter, value, unit, reference_range, status) VALUES ('LAB-1034-2', 'Blood Urea Nitrogen (BUN)', '14', 'mg/dL', '7 - 20', 'Normal');
INSERT INTO imaging_reports (id, patient_id, type, body_part, date, hospital_name, doctor_name, findings, impression) VALUES ('IMG-1034-2', 1034, 'Ultrasonography', 'Whole Abdomen', NOW() - INTERVAL '8 days', 'Mugda Medical College Hospital', 'Dr. Rafiq Hasan', 'Liver shows normal size but mildly increased parenchymal echotexture, suggestive of Grade-I Fatty Liver. Gallbladder, spleen, kidneys, and urinary bladder are normal in size and shape. No calculi or focal masses seen.', 'Mild Hepatomegaly with Grade-I Fatty Change (Fatty Liver).');
INSERT INTO patient_allergies (patient_id, allergen, severity, reaction) VALUES (1034, 'Penicillin', 'High', 'Anaphylactic shock and skin hives');
INSERT INTO patient_allergies (patient_id, allergen, severity, reaction) VALUES (1034, 'Dust Mites', 'Moderate', 'Sneezing and coughing');
INSERT INTO patient_allergies (patient_id, allergen, severity, reaction) VALUES (1034, 'Pollen', 'Low', 'Runny nose');
INSERT INTO patient_chronic_diseases (patient_id, disease_name, status, diagnosed_date) VALUES (1034, 'Type 2 Diabetes Mellitus', 'Active', NOW() - INTERVAL '6 years 10 months');
INSERT INTO patient_chronic_diseases (patient_id, disease_name, status, diagnosed_date) VALUES (1034, 'Essential Hypertension', 'Active', NOW() - INTERVAL '3 years 9 months');
INSERT INTO patient_chronic_diseases (patient_id, disease_name, status, diagnosed_date) VALUES (1034, 'Bronchial Asthma', 'Controlled', NOW() - INTERVAL '9 years 12 months');
INSERT INTO prescriptions (id, patient_id, date, doctor_name, doctor_specialization, hospital_name, diagnosis, clinical_notes, follow_up_date) VALUES ('PRES-1035-1', 1035, NOW() - INTERVAL '21 days', 'Dr. Al-Amin Ahmed', 'Orthopedics', 'Popular Diagnostic & Hospital', 'Bilateral Osteoarthritis of Knee Joints', 'Pain, stiffness, and cracking sounds in both knees for the last 6 months, worse in the mornings and after sitting. Advised hot compression, avoidance of sitting on floor/squatting, and moderate knee exercises.', 'In 1 Month.');
INSERT INTO prescription_medicines (prescription_id, name, dosage, instruction, duration) VALUES ('PRES-1035-1', 'Tab. Naproxen 500mg', '1+0+1', 'After meals (only when pain is high)', '7 Days');
INSERT INTO prescription_medicines (prescription_id, name, dosage, instruction, duration) VALUES ('PRES-1035-1', 'Cap. Glucosamine + Chondroitin', '1+0+1', 'After meals', '2 Months');
INSERT INTO prescription_medicines (prescription_id, name, dosage, instruction, duration) VALUES ('PRES-1035-1', 'Tab. Omeprazole 20mg', '1+0+1', 'Before breakfast & dinner', '1 Month');
INSERT INTO lab_reports (id, patient_id, test_name, category, date, hospital_name, doctor_name, status, ai_interpretation) VALUES ('LAB-1035-1', 1035, 'Arthritis & Rheumatology Profile', 'Serology', NOW() - INTERVAL '21 days', 'Popular Diagnostic & Hospital', 'Dr. Al-Amin Ahmed', 'Completed', 'Uric acid level is slightly elevated, but Rheumatoid Factor is negative, suggesting OA rather than Gout or Rheumatoid Arthritis.');
INSERT INTO lab_test_results (lab_report_id, parameter, value, unit, reference_range, status) VALUES ('LAB-1035-1', 'Serum Uric Acid', '7.5', 'mg/dL', '3.5 - 7.2', 'High');
INSERT INTO lab_test_results (lab_report_id, parameter, value, unit, reference_range, status) VALUES ('LAB-1035-1', 'Rheumatoid Factor (RF)', '8', 'IU/mL', '< 14', 'Normal');
INSERT INTO lab_test_results (lab_report_id, parameter, value, unit, reference_range, status) VALUES ('LAB-1035-1', 'C-Reactive Protein (CRP)', '4.2', 'mg/L', '< 5.0', 'Normal');
INSERT INTO imaging_reports (id, patient_id, type, body_part, date, hospital_name, doctor_name, findings, impression) VALUES ('IMG-1035-1', 1035, 'X-Ray', 'Bilateral Knee Joints (AP & Lateral)', NOW() - INTERVAL '21 days', 'Popular Diagnostic & Hospital', 'Dr. Al-Amin Ahmed', 'Narrowing of the medial joint spaces in both knees. Subchondral sclerosis and osteophyte formation are noted along the margins of both joint surfaces. No joint effusion or fracture.', 'Radiological features of Bilateral Osteoarthritis of Knees (Grade-II).');
INSERT INTO patient_allergies (patient_id, allergen, severity, reaction) VALUES (1035, 'Aspirin', 'High', 'Bronchospasm and asthma flare-up');
INSERT INTO patient_chronic_diseases (patient_id, disease_name, status, diagnosed_date) VALUES (1035, 'Osteoarthritis', 'Active', NOW() - INTERVAL '5 years 5 months');
INSERT INTO prescriptions (id, patient_id, date, doctor_name, doctor_specialization, hospital_name, diagnosis, clinical_notes, follow_up_date) VALUES ('PRES-1036-1', 1036, NOW() - INTERVAL '2 days', 'Dr. Begum Siddique', 'Gastroenterology', 'Evercare Hospital', 'Type 2 Diabetes Mellitus & Essential Hypertension', 'Patient presents with generalized weakness and occasional dizziness. Blood pressure and fasting blood glucose are elevated. Recommended strict dietary control, low salt, regular walking, and compliance with medications.', 'In 3 months with fasting blood sugar and lipid profile reports.');
INSERT INTO prescription_medicines (prescription_id, name, dosage, instruction, duration) VALUES ('PRES-1036-1', 'Tab. Metformin HCl 500mg', '1+0+1', 'After meals', '3 Months');
INSERT INTO prescription_medicines (prescription_id, name, dosage, instruction, duration) VALUES ('PRES-1036-1', 'Tab. Amlodipine 5mg', '0+0+1', 'At night before sleeping', '1 Month');
INSERT INTO prescription_medicines (prescription_id, name, dosage, instruction, duration) VALUES ('PRES-1036-1', 'Tab. Atorvastatin 10mg', '0+0+1', 'At night after dinner', '2 Months');
INSERT INTO lab_reports (id, patient_id, test_name, category, date, hospital_name, doctor_name, status, ai_interpretation) VALUES ('LAB-1036-1', 1036, 'Diabetes and Kidney Function Panel', 'Biochemistry', NOW() - INTERVAL '2 days', 'Evercare Hospital', 'Dr. Begum Siddique', 'Completed', 'Fasting Blood Glucose is high, indicating suboptimal glycemic control. Renal function (Creatinine) is normal. HbA1c should be monitored next visit.');
INSERT INTO lab_test_results (lab_report_id, parameter, value, unit, reference_range, status) VALUES ('LAB-1036-1', 'Fasting Blood Sugar (FBS)', '142', 'mg/dL', '70 - 100', 'High');
INSERT INTO lab_test_results (lab_report_id, parameter, value, unit, reference_range, status) VALUES ('LAB-1036-1', 'Serum Creatinine', '0.9', 'mg/dL', '0.6 - 1.2', 'Normal');
INSERT INTO lab_test_results (lab_report_id, parameter, value, unit, reference_range, status) VALUES ('LAB-1036-1', 'Blood Urea Nitrogen (BUN)', '14', 'mg/dL', '7 - 20', 'Normal');
INSERT INTO imaging_reports (id, patient_id, type, body_part, date, hospital_name, doctor_name, findings, impression) VALUES ('IMG-1036-1', 1036, 'Ultrasonography', 'Whole Abdomen', NOW() - INTERVAL '2 days', 'Evercare Hospital', 'Dr. Begum Siddique', 'Liver shows normal size but mildly increased parenchymal echotexture, suggestive of Grade-I Fatty Liver. Gallbladder, spleen, kidneys, and urinary bladder are normal in size and shape. No calculi or focal masses seen.', 'Mild Hepatomegaly with Grade-I Fatty Change (Fatty Liver).');
INSERT INTO prescriptions (id, patient_id, date, doctor_name, doctor_specialization, hospital_name, diagnosis, clinical_notes, follow_up_date) VALUES ('PRES-1036-2', 1036, NOW() - INTERVAL '26 days', 'Dr. Rashed Siddique', 'Gynaecology & Obstetrics', 'Jashore General Hospital', 'Acute Bronchitis & suspected Asthma', 'Cough with sputum, shortness of breath, and chest tightness for 5 days. Wheezing heard on auscultation. Advised avoiding cold drinks, dust, and using inhaler correctly.', 'In 10 days for review of symptoms.');
INSERT INTO prescription_medicines (prescription_id, name, dosage, instruction, duration) VALUES ('PRES-1036-2', 'Tab. Azithromycin 500mg', '1+0+0', '1 hour before food', '5 Days');
INSERT INTO prescription_medicines (prescription_id, name, dosage, instruction, duration) VALUES ('PRES-1036-2', 'Tab. Montelukast 10mg', '0+0+1', 'At night', '14 Days');
INSERT INTO prescription_medicines (prescription_id, name, dosage, instruction, duration) VALUES ('PRES-1036-2', 'Inhaler Salbutamol 100mcg', '2 Puffs', 'As needed (when short of breath)', 'As needed');
INSERT INTO lab_reports (id, patient_id, test_name, category, date, hospital_name, doctor_name, status, ai_interpretation) VALUES ('LAB-1036-2', 1036, 'Complete Blood Count (CBC)', 'Hematology', NOW() - INTERVAL '26 days', 'Jashore General Hospital', 'Dr. Rashed Siddique', 'Completed', 'Mild leukocytosis observed, consistent with active respiratory tract infection. Eosinophil counts are slightly elevated, which could point to an allergic component (Asthma).');
INSERT INTO lab_test_results (lab_report_id, parameter, value, unit, reference_range, status) VALUES ('LAB-1036-2', 'Total WBC Count', '11.2', 'x10^9/L', '4.0 - 11.0', 'High');
INSERT INTO lab_test_results (lab_report_id, parameter, value, unit, reference_range, status) VALUES ('LAB-1036-2', 'Hemoglobin (Hb)', '14.5', 'g/dL', '13.5 - 17.5', 'Normal');
INSERT INTO lab_test_results (lab_report_id, parameter, value, unit, reference_range, status) VALUES ('LAB-1036-2', 'Eosinophils', '7', '%', '1 - 6', 'High');
INSERT INTO imaging_reports (id, patient_id, type, body_part, date, hospital_name, doctor_name, findings, impression) VALUES ('IMG-1036-2', 1036, 'X-Ray', 'Chest (P/A View)', NOW() - INTERVAL '26 days', 'Jashore General Hospital', 'Dr. Rashed Siddique', 'Lungs are hyperinflated. Increased bronchovascular markings seen bilaterally. Both costophrenic angles are clear. Heart size and shape are normal. Bony thorax and dome of diaphragms are intact.', 'Findings are suggestive of Acute Bronchitic changes. No consolidation or pleural effusion.');
INSERT INTO patient_allergies (patient_id, allergen, severity, reaction) VALUES (1036, 'Dust Mites', 'Moderate', 'Sneezing and coughing');
INSERT INTO patient_allergies (patient_id, allergen, severity, reaction) VALUES (1036, 'Pollen', 'Low', 'Runny nose');
INSERT INTO patient_allergies (patient_id, allergen, severity, reaction) VALUES (1036, 'Peanuts', 'High', 'Anaphylaxis and facial swelling');
INSERT INTO patient_chronic_diseases (patient_id, disease_name, status, diagnosed_date) VALUES (1036, 'Type 2 Diabetes Mellitus', 'Active', NOW() - INTERVAL '6 years 8 months');
INSERT INTO patient_chronic_diseases (patient_id, disease_name, status, diagnosed_date) VALUES (1036, 'Essential Hypertension', 'Active', NOW() - INTERVAL '3 years 10 months');
INSERT INTO patient_chronic_diseases (patient_id, disease_name, status, diagnosed_date) VALUES (1036, 'Bronchial Asthma', 'Controlled', NOW() - INTERVAL '1 years 7 months');
INSERT INTO prescriptions (id, patient_id, date, doctor_name, doctor_specialization, hospital_name, diagnosis, clinical_notes, follow_up_date) VALUES ('PRES-1037-1', 1037, NOW() - INTERVAL '21 days', 'Dr. Lubna Akter', 'Pediatrics', 'Delta Hospital', 'Bilateral Osteoarthritis of Knee Joints', 'Pain, stiffness, and cracking sounds in both knees for the last 6 months, worse in the mornings and after sitting. Advised hot compression, avoidance of sitting on floor/squatting, and moderate knee exercises.', 'In 1 Month.');
INSERT INTO prescription_medicines (prescription_id, name, dosage, instruction, duration) VALUES ('PRES-1037-1', 'Tab. Naproxen 500mg', '1+0+1', 'After meals (only when pain is high)', '7 Days');
INSERT INTO prescription_medicines (prescription_id, name, dosage, instruction, duration) VALUES ('PRES-1037-1', 'Cap. Glucosamine + Chondroitin', '1+0+1', 'After meals', '2 Months');
INSERT INTO prescription_medicines (prescription_id, name, dosage, instruction, duration) VALUES ('PRES-1037-1', 'Tab. Omeprazole 20mg', '1+0+1', 'Before breakfast & dinner', '1 Month');
INSERT INTO lab_reports (id, patient_id, test_name, category, date, hospital_name, doctor_name, status, ai_interpretation) VALUES ('LAB-1037-1', 1037, 'Arthritis & Rheumatology Profile', 'Serology', NOW() - INTERVAL '21 days', 'Delta Hospital', 'Dr. Lubna Akter', 'Completed', 'Uric acid level is slightly elevated, but Rheumatoid Factor is negative, suggesting OA rather than Gout or Rheumatoid Arthritis.');
INSERT INTO lab_test_results (lab_report_id, parameter, value, unit, reference_range, status) VALUES ('LAB-1037-1', 'Serum Uric Acid', '7.5', 'mg/dL', '3.5 - 7.2', 'High');
INSERT INTO lab_test_results (lab_report_id, parameter, value, unit, reference_range, status) VALUES ('LAB-1037-1', 'Rheumatoid Factor (RF)', '8', 'IU/mL', '< 14', 'Normal');
INSERT INTO lab_test_results (lab_report_id, parameter, value, unit, reference_range, status) VALUES ('LAB-1037-1', 'C-Reactive Protein (CRP)', '4.2', 'mg/L', '< 5.0', 'Normal');
INSERT INTO imaging_reports (id, patient_id, type, body_part, date, hospital_name, doctor_name, findings, impression) VALUES ('IMG-1037-1', 1037, 'X-Ray', 'Bilateral Knee Joints (AP & Lateral)', NOW() - INTERVAL '21 days', 'Delta Hospital', 'Dr. Lubna Akter', 'Narrowing of the medial joint spaces in both knees. Subchondral sclerosis and osteophyte formation are noted along the margins of both joint surfaces. No joint effusion or fracture.', 'Radiological features of Bilateral Osteoarthritis of Knees (Grade-II).');
INSERT INTO prescriptions (id, patient_id, date, doctor_name, doctor_specialization, hospital_name, diagnosis, clinical_notes, follow_up_date) VALUES ('PRES-1037-2', 1037, NOW() - INTERVAL '24 days', 'Dr. Halima Akter', 'Urology', 'National Medical Center', 'Acute Bronchitis & suspected Asthma', 'Cough with sputum, shortness of breath, and chest tightness for 5 days. Wheezing heard on auscultation. Advised avoiding cold drinks, dust, and using inhaler correctly.', 'In 10 days for review of symptoms.');
INSERT INTO prescription_medicines (prescription_id, name, dosage, instruction, duration) VALUES ('PRES-1037-2', 'Tab. Azithromycin 500mg', '1+0+0', '1 hour before food', '5 Days');
INSERT INTO prescription_medicines (prescription_id, name, dosage, instruction, duration) VALUES ('PRES-1037-2', 'Tab. Montelukast 10mg', '0+0+1', 'At night', '14 Days');
INSERT INTO prescription_medicines (prescription_id, name, dosage, instruction, duration) VALUES ('PRES-1037-2', 'Inhaler Salbutamol 100mcg', '2 Puffs', 'As needed (when short of breath)', 'As needed');
INSERT INTO lab_reports (id, patient_id, test_name, category, date, hospital_name, doctor_name, status, ai_interpretation) VALUES ('LAB-1037-2', 1037, 'Complete Blood Count (CBC)', 'Hematology', NOW() - INTERVAL '24 days', 'National Medical Center', 'Dr. Halima Akter', 'Completed', 'Mild leukocytosis observed, consistent with active respiratory tract infection. Eosinophil counts are slightly elevated, which could point to an allergic component (Asthma).');
INSERT INTO lab_test_results (lab_report_id, parameter, value, unit, reference_range, status) VALUES ('LAB-1037-2', 'Total WBC Count', '11.2', 'x10^9/L', '4.0 - 11.0', 'High');
INSERT INTO lab_test_results (lab_report_id, parameter, value, unit, reference_range, status) VALUES ('LAB-1037-2', 'Hemoglobin (Hb)', '14.5', 'g/dL', '13.5 - 17.5', 'Normal');
INSERT INTO lab_test_results (lab_report_id, parameter, value, unit, reference_range, status) VALUES ('LAB-1037-2', 'Eosinophils', '7', '%', '1 - 6', 'High');
INSERT INTO imaging_reports (id, patient_id, type, body_part, date, hospital_name, doctor_name, findings, impression) VALUES ('IMG-1037-2', 1037, 'X-Ray', 'Chest (P/A View)', NOW() - INTERVAL '24 days', 'National Medical Center', 'Dr. Halima Akter', 'Lungs are hyperinflated. Increased bronchovascular markings seen bilaterally. Both costophrenic angles are clear. Heart size and shape are normal. Bony thorax and dome of diaphragms are intact.', 'Findings are suggestive of Acute Bronchitic changes. No consolidation or pleural effusion.');
INSERT INTO patient_allergies (patient_id, allergen, severity, reaction) VALUES (1037, 'Dust Mites', 'Moderate', 'Sneezing and coughing');
INSERT INTO patient_allergies (patient_id, allergen, severity, reaction) VALUES (1037, 'Pollen', 'Low', 'Runny nose');
INSERT INTO patient_chronic_diseases (patient_id, disease_name, status, diagnosed_date) VALUES (1037, 'Osteoarthritis', 'Active', NOW() - INTERVAL '8 years 1 months');
INSERT INTO patient_chronic_diseases (patient_id, disease_name, status, diagnosed_date) VALUES (1037, 'Bronchial Asthma', 'Controlled', NOW() - INTERVAL '7 years 7 months');
INSERT INTO prescriptions (id, patient_id, date, doctor_name, doctor_specialization, hospital_name, diagnosis, clinical_notes, follow_up_date) VALUES ('PRES-1038-1', 1038, NOW() - INTERVAL '9 days', 'Dr. Rahim Chowdhury', 'Cardiology', 'Ibn Sina Medical College', 'Acute Bronchitis & suspected Asthma', 'Cough with sputum, shortness of breath, and chest tightness for 5 days. Wheezing heard on auscultation. Advised avoiding cold drinks, dust, and using inhaler correctly.', 'In 10 days for review of symptoms.');
INSERT INTO prescription_medicines (prescription_id, name, dosage, instruction, duration) VALUES ('PRES-1038-1', 'Tab. Azithromycin 500mg', '1+0+0', '1 hour before food', '5 Days');
INSERT INTO prescription_medicines (prescription_id, name, dosage, instruction, duration) VALUES ('PRES-1038-1', 'Tab. Montelukast 10mg', '0+0+1', 'At night', '14 Days');
INSERT INTO prescription_medicines (prescription_id, name, dosage, instruction, duration) VALUES ('PRES-1038-1', 'Inhaler Salbutamol 100mcg', '2 Puffs', 'As needed (when short of breath)', 'As needed');
INSERT INTO lab_reports (id, patient_id, test_name, category, date, hospital_name, doctor_name, status, ai_interpretation) VALUES ('LAB-1038-1', 1038, 'Complete Blood Count (CBC)', 'Hematology', NOW() - INTERVAL '9 days', 'Ibn Sina Medical College', 'Dr. Rahim Chowdhury', 'Completed', 'Mild leukocytosis observed, consistent with active respiratory tract infection. Eosinophil counts are slightly elevated, which could point to an allergic component (Asthma).');
INSERT INTO lab_test_results (lab_report_id, parameter, value, unit, reference_range, status) VALUES ('LAB-1038-1', 'Total WBC Count', '11.2', 'x10^9/L', '4.0 - 11.0', 'High');
INSERT INTO lab_test_results (lab_report_id, parameter, value, unit, reference_range, status) VALUES ('LAB-1038-1', 'Hemoglobin (Hb)', '14.5', 'g/dL', '13.5 - 17.5', 'Normal');
INSERT INTO lab_test_results (lab_report_id, parameter, value, unit, reference_range, status) VALUES ('LAB-1038-1', 'Eosinophils', '7', '%', '1 - 6', 'High');
INSERT INTO imaging_reports (id, patient_id, type, body_part, date, hospital_name, doctor_name, findings, impression) VALUES ('IMG-1038-1', 1038, 'X-Ray', 'Chest (P/A View)', NOW() - INTERVAL '9 days', 'Ibn Sina Medical College', 'Dr. Rahim Chowdhury', 'Lungs are hyperinflated. Increased bronchovascular markings seen bilaterally. Both costophrenic angles are clear. Heart size and shape are normal. Bony thorax and dome of diaphragms are intact.', 'Findings are suggestive of Acute Bronchitic changes. No consolidation or pleural effusion.');
INSERT INTO patient_allergies (patient_id, allergen, severity, reaction) VALUES (1038, 'Dust Mites', 'Moderate', 'Sneezing and coughing');
INSERT INTO patient_allergies (patient_id, allergen, severity, reaction) VALUES (1038, 'Pollen', 'Low', 'Runny nose');
INSERT INTO patient_allergies (patient_id, allergen, severity, reaction) VALUES (1038, 'Shellfish', 'High', 'Severe hives and dyspnea');
INSERT INTO patient_chronic_diseases (patient_id, disease_name, status, diagnosed_date) VALUES (1038, 'Bronchial Asthma', 'Controlled', NOW() - INTERVAL '2 years 10 months');
INSERT INTO prescriptions (id, patient_id, date, doctor_name, doctor_specialization, hospital_name, diagnosis, clinical_notes, follow_up_date) VALUES ('PRES-1039-1', 1039, NOW() - INTERVAL '30 days', 'Dr. Selim Hasan', 'General Medicine', 'Anwer Khan Modern Medical College Hospital', 'Acute Bronchitis & suspected Asthma', 'Cough with sputum, shortness of breath, and chest tightness for 5 days. Wheezing heard on auscultation. Advised avoiding cold drinks, dust, and using inhaler correctly.', 'In 10 days for review of symptoms.');
INSERT INTO prescription_medicines (prescription_id, name, dosage, instruction, duration) VALUES ('PRES-1039-1', 'Tab. Azithromycin 500mg', '1+0+0', '1 hour before food', '5 Days');
INSERT INTO prescription_medicines (prescription_id, name, dosage, instruction, duration) VALUES ('PRES-1039-1', 'Tab. Montelukast 10mg', '0+0+1', 'At night', '14 Days');
INSERT INTO prescription_medicines (prescription_id, name, dosage, instruction, duration) VALUES ('PRES-1039-1', 'Inhaler Salbutamol 100mcg', '2 Puffs', 'As needed (when short of breath)', 'As needed');
INSERT INTO lab_reports (id, patient_id, test_name, category, date, hospital_name, doctor_name, status, ai_interpretation) VALUES ('LAB-1039-1', 1039, 'Complete Blood Count (CBC)', 'Hematology', NOW() - INTERVAL '30 days', 'Anwer Khan Modern Medical College Hospital', 'Dr. Selim Hasan', 'Completed', 'Mild leukocytosis observed, consistent with active respiratory tract infection. Eosinophil counts are slightly elevated, which could point to an allergic component (Asthma).');
INSERT INTO lab_test_results (lab_report_id, parameter, value, unit, reference_range, status) VALUES ('LAB-1039-1', 'Total WBC Count', '11.2', 'x10^9/L', '4.0 - 11.0', 'High');
INSERT INTO lab_test_results (lab_report_id, parameter, value, unit, reference_range, status) VALUES ('LAB-1039-1', 'Hemoglobin (Hb)', '14.5', 'g/dL', '13.5 - 17.5', 'Normal');
INSERT INTO lab_test_results (lab_report_id, parameter, value, unit, reference_range, status) VALUES ('LAB-1039-1', 'Eosinophils', '7', '%', '1 - 6', 'High');
INSERT INTO imaging_reports (id, patient_id, type, body_part, date, hospital_name, doctor_name, findings, impression) VALUES ('IMG-1039-1', 1039, 'X-Ray', 'Chest (P/A View)', NOW() - INTERVAL '30 days', 'Anwer Khan Modern Medical College Hospital', 'Dr. Selim Hasan', 'Lungs are hyperinflated. Increased bronchovascular markings seen bilaterally. Both costophrenic angles are clear. Heart size and shape are normal. Bony thorax and dome of diaphragms are intact.', 'Findings are suggestive of Acute Bronchitic changes. No consolidation or pleural effusion.');
INSERT INTO prescriptions (id, patient_id, date, doctor_name, doctor_specialization, hospital_name, diagnosis, clinical_notes, follow_up_date) VALUES ('PRES-1039-2', 1039, NOW() - INTERVAL '21 days', 'Dr. Lipi Chowdhury', 'General Medicine', 'Chittagong Medical College', 'Bilateral Osteoarthritis of Knee Joints', 'Pain, stiffness, and cracking sounds in both knees for the last 6 months, worse in the mornings and after sitting. Advised hot compression, avoidance of sitting on floor/squatting, and moderate knee exercises.', 'In 1 Month.');
INSERT INTO prescription_medicines (prescription_id, name, dosage, instruction, duration) VALUES ('PRES-1039-2', 'Tab. Naproxen 500mg', '1+0+1', 'After meals (only when pain is high)', '7 Days');
INSERT INTO prescription_medicines (prescription_id, name, dosage, instruction, duration) VALUES ('PRES-1039-2', 'Cap. Glucosamine + Chondroitin', '1+0+1', 'After meals', '2 Months');
INSERT INTO prescription_medicines (prescription_id, name, dosage, instruction, duration) VALUES ('PRES-1039-2', 'Tab. Omeprazole 20mg', '1+0+1', 'Before breakfast & dinner', '1 Month');
INSERT INTO lab_reports (id, patient_id, test_name, category, date, hospital_name, doctor_name, status, ai_interpretation) VALUES ('LAB-1039-2', 1039, 'Arthritis & Rheumatology Profile', 'Serology', NOW() - INTERVAL '21 days', 'Chittagong Medical College', 'Dr. Lipi Chowdhury', 'Completed', 'Uric acid level is slightly elevated, but Rheumatoid Factor is negative, suggesting OA rather than Gout or Rheumatoid Arthritis.');
INSERT INTO lab_test_results (lab_report_id, parameter, value, unit, reference_range, status) VALUES ('LAB-1039-2', 'Serum Uric Acid', '7.5', 'mg/dL', '3.5 - 7.2', 'High');
INSERT INTO lab_test_results (lab_report_id, parameter, value, unit, reference_range, status) VALUES ('LAB-1039-2', 'Rheumatoid Factor (RF)', '8', 'IU/mL', '< 14', 'Normal');
INSERT INTO lab_test_results (lab_report_id, parameter, value, unit, reference_range, status) VALUES ('LAB-1039-2', 'C-Reactive Protein (CRP)', '4.2', 'mg/L', '< 5.0', 'Normal');
INSERT INTO imaging_reports (id, patient_id, type, body_part, date, hospital_name, doctor_name, findings, impression) VALUES ('IMG-1039-2', 1039, 'X-Ray', 'Bilateral Knee Joints (AP & Lateral)', NOW() - INTERVAL '21 days', 'Chittagong Medical College', 'Dr. Lipi Chowdhury', 'Narrowing of the medial joint spaces in both knees. Subchondral sclerosis and osteophyte formation are noted along the margins of both joint surfaces. No joint effusion or fracture.', 'Radiological features of Bilateral Osteoarthritis of Knees (Grade-II).');
INSERT INTO patient_allergies (patient_id, allergen, severity, reaction) VALUES (1039, 'Dust Mites', 'Moderate', 'Sneezing and coughing');
INSERT INTO patient_allergies (patient_id, allergen, severity, reaction) VALUES (1039, 'Pollen', 'Low', 'Runny nose');
INSERT INTO patient_chronic_diseases (patient_id, disease_name, status, diagnosed_date) VALUES (1039, 'Osteoarthritis', 'Active', NOW() - INTERVAL '2 years 4 months');
INSERT INTO patient_chronic_diseases (patient_id, disease_name, status, diagnosed_date) VALUES (1039, 'Bronchial Asthma', 'Controlled', NOW() - INTERVAL '8 years 4 months');
INSERT INTO prescriptions (id, patient_id, date, doctor_name, doctor_specialization, hospital_name, diagnosis, clinical_notes, follow_up_date) VALUES ('PRES-1040-1', 1040, NOW() - INTERVAL '29 days', 'Dr. Poly Akter', 'Pulmonology', 'Ibn Sina Medical College', 'Acute Bronchitis & suspected Asthma', 'Cough with sputum, shortness of breath, and chest tightness for 5 days. Wheezing heard on auscultation. Advised avoiding cold drinks, dust, and using inhaler correctly.', 'In 10 days for review of symptoms.');
INSERT INTO prescription_medicines (prescription_id, name, dosage, instruction, duration) VALUES ('PRES-1040-1', 'Tab. Azithromycin 500mg', '1+0+0', '1 hour before food', '5 Days');
INSERT INTO prescription_medicines (prescription_id, name, dosage, instruction, duration) VALUES ('PRES-1040-1', 'Tab. Montelukast 10mg', '0+0+1', 'At night', '14 Days');
INSERT INTO prescription_medicines (prescription_id, name, dosage, instruction, duration) VALUES ('PRES-1040-1', 'Inhaler Salbutamol 100mcg', '2 Puffs', 'As needed (when short of breath)', 'As needed');
INSERT INTO lab_reports (id, patient_id, test_name, category, date, hospital_name, doctor_name, status, ai_interpretation) VALUES ('LAB-1040-1', 1040, 'Complete Blood Count (CBC)', 'Hematology', NOW() - INTERVAL '29 days', 'Ibn Sina Medical College', 'Dr. Poly Akter', 'Completed', 'Mild leukocytosis observed, consistent with active respiratory tract infection. Eosinophil counts are slightly elevated, which could point to an allergic component (Asthma).');
INSERT INTO lab_test_results (lab_report_id, parameter, value, unit, reference_range, status) VALUES ('LAB-1040-1', 'Total WBC Count', '11.2', 'x10^9/L', '4.0 - 11.0', 'High');
INSERT INTO lab_test_results (lab_report_id, parameter, value, unit, reference_range, status) VALUES ('LAB-1040-1', 'Hemoglobin (Hb)', '14.5', 'g/dL', '13.5 - 17.5', 'Normal');
INSERT INTO lab_test_results (lab_report_id, parameter, value, unit, reference_range, status) VALUES ('LAB-1040-1', 'Eosinophils', '7', '%', '1 - 6', 'High');
INSERT INTO imaging_reports (id, patient_id, type, body_part, date, hospital_name, doctor_name, findings, impression) VALUES ('IMG-1040-1', 1040, 'X-Ray', 'Chest (P/A View)', NOW() - INTERVAL '29 days', 'Ibn Sina Medical College', 'Dr. Poly Akter', 'Lungs are hyperinflated. Increased bronchovascular markings seen bilaterally. Both costophrenic angles are clear. Heart size and shape are normal. Bony thorax and dome of diaphragms are intact.', 'Findings are suggestive of Acute Bronchitic changes. No consolidation or pleural effusion.');
INSERT INTO patient_allergies (patient_id, allergen, severity, reaction) VALUES (1040, 'Dust Mites', 'Moderate', 'Sneezing and coughing');
INSERT INTO patient_allergies (patient_id, allergen, severity, reaction) VALUES (1040, 'Pollen', 'Low', 'Runny nose');
INSERT INTO patient_chronic_diseases (patient_id, disease_name, status, diagnosed_date) VALUES (1040, 'Bronchial Asthma', 'Controlled', NOW() - INTERVAL '1 years 1 months');
INSERT INTO prescriptions (id, patient_id, date, doctor_name, doctor_specialization, hospital_name, diagnosis, clinical_notes, follow_up_date) VALUES ('PRES-1041-1', 1041, NOW() - INTERVAL '11 days', 'Dr. Poly Akter', 'Pulmonology', 'Ibn Sina Medical College', 'Bilateral Osteoarthritis of Knee Joints', 'Pain, stiffness, and cracking sounds in both knees for the last 6 months, worse in the mornings and after sitting. Advised hot compression, avoidance of sitting on floor/squatting, and moderate knee exercises.', 'In 1 Month.');
INSERT INTO prescription_medicines (prescription_id, name, dosage, instruction, duration) VALUES ('PRES-1041-1', 'Tab. Naproxen 500mg', '1+0+1', 'After meals (only when pain is high)', '7 Days');
INSERT INTO prescription_medicines (prescription_id, name, dosage, instruction, duration) VALUES ('PRES-1041-1', 'Cap. Glucosamine + Chondroitin', '1+0+1', 'After meals', '2 Months');
INSERT INTO prescription_medicines (prescription_id, name, dosage, instruction, duration) VALUES ('PRES-1041-1', 'Tab. Omeprazole 20mg', '1+0+1', 'Before breakfast & dinner', '1 Month');
INSERT INTO lab_reports (id, patient_id, test_name, category, date, hospital_name, doctor_name, status, ai_interpretation) VALUES ('LAB-1041-1', 1041, 'Arthritis & Rheumatology Profile', 'Serology', NOW() - INTERVAL '11 days', 'Ibn Sina Medical College', 'Dr. Poly Akter', 'Completed', 'Uric acid level is slightly elevated, but Rheumatoid Factor is negative, suggesting OA rather than Gout or Rheumatoid Arthritis.');
INSERT INTO lab_test_results (lab_report_id, parameter, value, unit, reference_range, status) VALUES ('LAB-1041-1', 'Serum Uric Acid', '7.5', 'mg/dL', '3.5 - 7.2', 'High');
INSERT INTO lab_test_results (lab_report_id, parameter, value, unit, reference_range, status) VALUES ('LAB-1041-1', 'Rheumatoid Factor (RF)', '8', 'IU/mL', '< 14', 'Normal');
INSERT INTO lab_test_results (lab_report_id, parameter, value, unit, reference_range, status) VALUES ('LAB-1041-1', 'C-Reactive Protein (CRP)', '4.2', 'mg/L', '< 5.0', 'Normal');
INSERT INTO imaging_reports (id, patient_id, type, body_part, date, hospital_name, doctor_name, findings, impression) VALUES ('IMG-1041-1', 1041, 'X-Ray', 'Bilateral Knee Joints (AP & Lateral)', NOW() - INTERVAL '11 days', 'Ibn Sina Medical College', 'Dr. Poly Akter', 'Narrowing of the medial joint spaces in both knees. Subchondral sclerosis and osteophyte formation are noted along the margins of both joint surfaces. No joint effusion or fracture.', 'Radiological features of Bilateral Osteoarthritis of Knees (Grade-II).');
INSERT INTO prescriptions (id, patient_id, date, doctor_name, doctor_specialization, hospital_name, diagnosis, clinical_notes, follow_up_date) VALUES ('PRES-1041-2', 1041, NOW() - INTERVAL '27 days', 'Dr. Monir Hasan', 'Dermatology', 'BIRDEM General Hospital', 'Type 2 Diabetes Mellitus & Essential Hypertension', 'Patient presents with generalized weakness and occasional dizziness. Blood pressure and fasting blood glucose are elevated. Recommended strict dietary control, low salt, regular walking, and compliance with medications.', 'In 3 months with fasting blood sugar and lipid profile reports.');
INSERT INTO prescription_medicines (prescription_id, name, dosage, instruction, duration) VALUES ('PRES-1041-2', 'Tab. Metformin HCl 500mg', '1+0+1', 'After meals', '3 Months');
INSERT INTO prescription_medicines (prescription_id, name, dosage, instruction, duration) VALUES ('PRES-1041-2', 'Tab. Amlodipine 5mg', '0+0+1', 'At night before sleeping', '1 Month');
INSERT INTO prescription_medicines (prescription_id, name, dosage, instruction, duration) VALUES ('PRES-1041-2', 'Tab. Atorvastatin 10mg', '0+0+1', 'At night after dinner', '2 Months');
INSERT INTO lab_reports (id, patient_id, test_name, category, date, hospital_name, doctor_name, status, ai_interpretation) VALUES ('LAB-1041-2', 1041, 'Diabetes and Kidney Function Panel', 'Biochemistry', NOW() - INTERVAL '27 days', 'BIRDEM General Hospital', 'Dr. Monir Hasan', 'Completed', 'Fasting Blood Glucose is high, indicating suboptimal glycemic control. Renal function (Creatinine) is normal. HbA1c should be monitored next visit.');
INSERT INTO lab_test_results (lab_report_id, parameter, value, unit, reference_range, status) VALUES ('LAB-1041-2', 'Fasting Blood Sugar (FBS)', '142', 'mg/dL', '70 - 100', 'High');
INSERT INTO lab_test_results (lab_report_id, parameter, value, unit, reference_range, status) VALUES ('LAB-1041-2', 'Serum Creatinine', '0.9', 'mg/dL', '0.6 - 1.2', 'Normal');
INSERT INTO lab_test_results (lab_report_id, parameter, value, unit, reference_range, status) VALUES ('LAB-1041-2', 'Blood Urea Nitrogen (BUN)', '14', 'mg/dL', '7 - 20', 'Normal');
INSERT INTO imaging_reports (id, patient_id, type, body_part, date, hospital_name, doctor_name, findings, impression) VALUES ('IMG-1041-2', 1041, 'Ultrasonography', 'Whole Abdomen', NOW() - INTERVAL '27 days', 'BIRDEM General Hospital', 'Dr. Monir Hasan', 'Liver shows normal size but mildly increased parenchymal echotexture, suggestive of Grade-I Fatty Liver. Gallbladder, spleen, kidneys, and urinary bladder are normal in size and shape. No calculi or focal masses seen.', 'Mild Hepatomegaly with Grade-I Fatty Change (Fatty Liver).');
INSERT INTO patient_allergies (patient_id, allergen, severity, reaction) VALUES (1041, 'Sulfa Drugs', 'Moderate', 'Generalized skin rash');
INSERT INTO patient_chronic_diseases (patient_id, disease_name, status, diagnosed_date) VALUES (1041, 'Osteoarthritis', 'Active', NOW() - INTERVAL '7 years 9 months');
INSERT INTO patient_chronic_diseases (patient_id, disease_name, status, diagnosed_date) VALUES (1041, 'Hypothyroidism', 'Active', NOW() - INTERVAL '2 years 9 months');
INSERT INTO patient_chronic_diseases (patient_id, disease_name, status, diagnosed_date) VALUES (1041, 'Type 2 Diabetes Mellitus', 'Active', NOW() - INTERVAL '3 years 6 months');
INSERT INTO patient_chronic_diseases (patient_id, disease_name, status, diagnosed_date) VALUES (1041, 'Essential Hypertension', 'Active', NOW() - INTERVAL '7 years 2 months');
INSERT INTO prescriptions (id, patient_id, date, doctor_name, doctor_specialization, hospital_name, diagnosis, clinical_notes, follow_up_date) VALUES ('PRES-1042-1', 1042, NOW() - INTERVAL '15 days', 'Dr. Sabbir Chowdhury', 'Pediatrics', 'National Institute of Kidney Diseases & Urology', 'Bilateral Osteoarthritis of Knee Joints', 'Pain, stiffness, and cracking sounds in both knees for the last 6 months, worse in the mornings and after sitting. Advised hot compression, avoidance of sitting on floor/squatting, and moderate knee exercises.', 'In 1 Month.');
INSERT INTO prescription_medicines (prescription_id, name, dosage, instruction, duration) VALUES ('PRES-1042-1', 'Tab. Naproxen 500mg', '1+0+1', 'After meals (only when pain is high)', '7 Days');
INSERT INTO prescription_medicines (prescription_id, name, dosage, instruction, duration) VALUES ('PRES-1042-1', 'Cap. Glucosamine + Chondroitin', '1+0+1', 'After meals', '2 Months');
INSERT INTO prescription_medicines (prescription_id, name, dosage, instruction, duration) VALUES ('PRES-1042-1', 'Tab. Omeprazole 20mg', '1+0+1', 'Before breakfast & dinner', '1 Month');
INSERT INTO lab_reports (id, patient_id, test_name, category, date, hospital_name, doctor_name, status, ai_interpretation) VALUES ('LAB-1042-1', 1042, 'Arthritis & Rheumatology Profile', 'Serology', NOW() - INTERVAL '15 days', 'National Institute of Kidney Diseases & Urology', 'Dr. Sabbir Chowdhury', 'Completed', 'Uric acid level is slightly elevated, but Rheumatoid Factor is negative, suggesting OA rather than Gout or Rheumatoid Arthritis.');
INSERT INTO lab_test_results (lab_report_id, parameter, value, unit, reference_range, status) VALUES ('LAB-1042-1', 'Serum Uric Acid', '7.5', 'mg/dL', '3.5 - 7.2', 'High');
INSERT INTO lab_test_results (lab_report_id, parameter, value, unit, reference_range, status) VALUES ('LAB-1042-1', 'Rheumatoid Factor (RF)', '8', 'IU/mL', '< 14', 'Normal');
INSERT INTO lab_test_results (lab_report_id, parameter, value, unit, reference_range, status) VALUES ('LAB-1042-1', 'C-Reactive Protein (CRP)', '4.2', 'mg/L', '< 5.0', 'Normal');
INSERT INTO imaging_reports (id, patient_id, type, body_part, date, hospital_name, doctor_name, findings, impression) VALUES ('IMG-1042-1', 1042, 'X-Ray', 'Bilateral Knee Joints (AP & Lateral)', NOW() - INTERVAL '15 days', 'National Institute of Kidney Diseases & Urology', 'Dr. Sabbir Chowdhury', 'Narrowing of the medial joint spaces in both knees. Subchondral sclerosis and osteophyte formation are noted along the margins of both joint surfaces. No joint effusion or fracture.', 'Radiological features of Bilateral Osteoarthritis of Knees (Grade-II).');
INSERT INTO prescriptions (id, patient_id, date, doctor_name, doctor_specialization, hospital_name, diagnosis, clinical_notes, follow_up_date) VALUES ('PRES-1042-2', 1042, NOW() - INTERVAL '14 days', 'Dr. Sultana Siddique', 'ENT', 'Dhaka Shishu Hospital', 'Acute Bronchitis & suspected Asthma', 'Cough with sputum, shortness of breath, and chest tightness for 5 days. Wheezing heard on auscultation. Advised avoiding cold drinks, dust, and using inhaler correctly.', 'In 10 days for review of symptoms.');
INSERT INTO prescription_medicines (prescription_id, name, dosage, instruction, duration) VALUES ('PRES-1042-2', 'Tab. Azithromycin 500mg', '1+0+0', '1 hour before food', '5 Days');
INSERT INTO prescription_medicines (prescription_id, name, dosage, instruction, duration) VALUES ('PRES-1042-2', 'Tab. Montelukast 10mg', '0+0+1', 'At night', '14 Days');
INSERT INTO prescription_medicines (prescription_id, name, dosage, instruction, duration) VALUES ('PRES-1042-2', 'Inhaler Salbutamol 100mcg', '2 Puffs', 'As needed (when short of breath)', 'As needed');
INSERT INTO lab_reports (id, patient_id, test_name, category, date, hospital_name, doctor_name, status, ai_interpretation) VALUES ('LAB-1042-2', 1042, 'Complete Blood Count (CBC)', 'Hematology', NOW() - INTERVAL '14 days', 'Dhaka Shishu Hospital', 'Dr. Sultana Siddique', 'Completed', 'Mild leukocytosis observed, consistent with active respiratory tract infection. Eosinophil counts are slightly elevated, which could point to an allergic component (Asthma).');
INSERT INTO lab_test_results (lab_report_id, parameter, value, unit, reference_range, status) VALUES ('LAB-1042-2', 'Total WBC Count', '11.2', 'x10^9/L', '4.0 - 11.0', 'High');
INSERT INTO lab_test_results (lab_report_id, parameter, value, unit, reference_range, status) VALUES ('LAB-1042-2', 'Hemoglobin (Hb)', '14.5', 'g/dL', '13.5 - 17.5', 'Normal');
INSERT INTO lab_test_results (lab_report_id, parameter, value, unit, reference_range, status) VALUES ('LAB-1042-2', 'Eosinophils', '7', '%', '1 - 6', 'High');
INSERT INTO imaging_reports (id, patient_id, type, body_part, date, hospital_name, doctor_name, findings, impression) VALUES ('IMG-1042-2', 1042, 'X-Ray', 'Chest (P/A View)', NOW() - INTERVAL '14 days', 'Dhaka Shishu Hospital', 'Dr. Sultana Siddique', 'Lungs are hyperinflated. Increased bronchovascular markings seen bilaterally. Both costophrenic angles are clear. Heart size and shape are normal. Bony thorax and dome of diaphragms are intact.', 'Findings are suggestive of Acute Bronchitic changes. No consolidation or pleural effusion.');
INSERT INTO patient_allergies (patient_id, allergen, severity, reaction) VALUES (1042, 'Dairy Products', 'Moderate', 'Abdominal cramps and diarrhea');
INSERT INTO patient_allergies (patient_id, allergen, severity, reaction) VALUES (1042, 'Dust Mites', 'Moderate', 'Sneezing and coughing');
INSERT INTO patient_allergies (patient_id, allergen, severity, reaction) VALUES (1042, 'Pollen', 'Low', 'Runny nose');
INSERT INTO patient_chronic_diseases (patient_id, disease_name, status, diagnosed_date) VALUES (1042, 'Osteoarthritis', 'Active', NOW() - INTERVAL '8 years 7 months');
INSERT INTO patient_chronic_diseases (patient_id, disease_name, status, diagnosed_date) VALUES (1042, 'Bronchial Asthma', 'Controlled', NOW() - INTERVAL '6 years 3 months');
INSERT INTO prescriptions (id, patient_id, date, doctor_name, doctor_specialization, hospital_name, diagnosis, clinical_notes, follow_up_date) VALUES ('PRES-1043-1', 1043, NOW() - INTERVAL '2 days', 'Dr. Poly Talukder', 'Psychiatry', 'Square Hospitals Ltd.', 'Bilateral Osteoarthritis of Knee Joints', 'Pain, stiffness, and cracking sounds in both knees for the last 6 months, worse in the mornings and after sitting. Advised hot compression, avoidance of sitting on floor/squatting, and moderate knee exercises.', 'In 1 Month.');
INSERT INTO prescription_medicines (prescription_id, name, dosage, instruction, duration) VALUES ('PRES-1043-1', 'Tab. Naproxen 500mg', '1+0+1', 'After meals (only when pain is high)', '7 Days');
INSERT INTO prescription_medicines (prescription_id, name, dosage, instruction, duration) VALUES ('PRES-1043-1', 'Cap. Glucosamine + Chondroitin', '1+0+1', 'After meals', '2 Months');
INSERT INTO prescription_medicines (prescription_id, name, dosage, instruction, duration) VALUES ('PRES-1043-1', 'Tab. Omeprazole 20mg', '1+0+1', 'Before breakfast & dinner', '1 Month');
INSERT INTO lab_reports (id, patient_id, test_name, category, date, hospital_name, doctor_name, status, ai_interpretation) VALUES ('LAB-1043-1', 1043, 'Arthritis & Rheumatology Profile', 'Serology', NOW() - INTERVAL '2 days', 'Square Hospitals Ltd.', 'Dr. Poly Talukder', 'Completed', 'Uric acid level is slightly elevated, but Rheumatoid Factor is negative, suggesting OA rather than Gout or Rheumatoid Arthritis.');
INSERT INTO lab_test_results (lab_report_id, parameter, value, unit, reference_range, status) VALUES ('LAB-1043-1', 'Serum Uric Acid', '7.5', 'mg/dL', '3.5 - 7.2', 'High');
INSERT INTO lab_test_results (lab_report_id, parameter, value, unit, reference_range, status) VALUES ('LAB-1043-1', 'Rheumatoid Factor (RF)', '8', 'IU/mL', '< 14', 'Normal');
INSERT INTO lab_test_results (lab_report_id, parameter, value, unit, reference_range, status) VALUES ('LAB-1043-1', 'C-Reactive Protein (CRP)', '4.2', 'mg/L', '< 5.0', 'Normal');
INSERT INTO imaging_reports (id, patient_id, type, body_part, date, hospital_name, doctor_name, findings, impression) VALUES ('IMG-1043-1', 1043, 'X-Ray', 'Bilateral Knee Joints (AP & Lateral)', NOW() - INTERVAL '2 days', 'Square Hospitals Ltd.', 'Dr. Poly Talukder', 'Narrowing of the medial joint spaces in both knees. Subchondral sclerosis and osteophyte formation are noted along the margins of both joint surfaces. No joint effusion or fracture.', 'Radiological features of Bilateral Osteoarthritis of Knees (Grade-II).');
INSERT INTO prescriptions (id, patient_id, date, doctor_name, doctor_specialization, hospital_name, diagnosis, clinical_notes, follow_up_date) VALUES ('PRES-1043-2', 1043, NOW() - INTERVAL '8 days', 'Dr. Sultana Siddique', 'ENT', 'Dhaka Shishu Hospital', 'Acute Bronchitis & suspected Asthma', 'Cough with sputum, shortness of breath, and chest tightness for 5 days. Wheezing heard on auscultation. Advised avoiding cold drinks, dust, and using inhaler correctly.', 'In 10 days for review of symptoms.');
INSERT INTO prescription_medicines (prescription_id, name, dosage, instruction, duration) VALUES ('PRES-1043-2', 'Tab. Azithromycin 500mg', '1+0+0', '1 hour before food', '5 Days');
INSERT INTO prescription_medicines (prescription_id, name, dosage, instruction, duration) VALUES ('PRES-1043-2', 'Tab. Montelukast 10mg', '0+0+1', 'At night', '14 Days');
INSERT INTO prescription_medicines (prescription_id, name, dosage, instruction, duration) VALUES ('PRES-1043-2', 'Inhaler Salbutamol 100mcg', '2 Puffs', 'As needed (when short of breath)', 'As needed');
INSERT INTO lab_reports (id, patient_id, test_name, category, date, hospital_name, doctor_name, status, ai_interpretation) VALUES ('LAB-1043-2', 1043, 'Complete Blood Count (CBC)', 'Hematology', NOW() - INTERVAL '8 days', 'Dhaka Shishu Hospital', 'Dr. Sultana Siddique', 'Completed', 'Mild leukocytosis observed, consistent with active respiratory tract infection. Eosinophil counts are slightly elevated, which could point to an allergic component (Asthma).');
INSERT INTO lab_test_results (lab_report_id, parameter, value, unit, reference_range, status) VALUES ('LAB-1043-2', 'Total WBC Count', '11.2', 'x10^9/L', '4.0 - 11.0', 'High');
INSERT INTO lab_test_results (lab_report_id, parameter, value, unit, reference_range, status) VALUES ('LAB-1043-2', 'Hemoglobin (Hb)', '14.5', 'g/dL', '13.5 - 17.5', 'Normal');
INSERT INTO lab_test_results (lab_report_id, parameter, value, unit, reference_range, status) VALUES ('LAB-1043-2', 'Eosinophils', '7', '%', '1 - 6', 'High');
INSERT INTO imaging_reports (id, patient_id, type, body_part, date, hospital_name, doctor_name, findings, impression) VALUES ('IMG-1043-2', 1043, 'X-Ray', 'Chest (P/A View)', NOW() - INTERVAL '8 days', 'Dhaka Shishu Hospital', 'Dr. Sultana Siddique', 'Lungs are hyperinflated. Increased bronchovascular markings seen bilaterally. Both costophrenic angles are clear. Heart size and shape are normal. Bony thorax and dome of diaphragms are intact.', 'Findings are suggestive of Acute Bronchitic changes. No consolidation or pleural effusion.');
INSERT INTO patient_allergies (patient_id, allergen, severity, reaction) VALUES (1043, 'Dust Mites', 'Moderate', 'Sneezing and coughing');
INSERT INTO patient_allergies (patient_id, allergen, severity, reaction) VALUES (1043, 'Pollen', 'Low', 'Runny nose');
INSERT INTO patient_allergies (patient_id, allergen, severity, reaction) VALUES (1043, 'Shellfish', 'High', 'Severe hives and dyspnea');
INSERT INTO patient_chronic_diseases (patient_id, disease_name, status, diagnosed_date) VALUES (1043, 'Osteoarthritis', 'Active', NOW() - INTERVAL '10 years 8 months');
INSERT INTO patient_chronic_diseases (patient_id, disease_name, status, diagnosed_date) VALUES (1043, 'Hyperlipidemia', 'Active', NOW() - INTERVAL '1 years 2 months');
INSERT INTO patient_chronic_diseases (patient_id, disease_name, status, diagnosed_date) VALUES (1043, 'Bronchial Asthma', 'Controlled', NOW() - INTERVAL '6 years 2 months');
INSERT INTO prescriptions (id, patient_id, date, doctor_name, doctor_specialization, hospital_name, diagnosis, clinical_notes, follow_up_date) VALUES ('PRES-1044-1', 1044, NOW() - INTERVAL '30 days', 'Dr. Sadia Siddique', 'Endocrinology & Diabetology', 'Delta Hospital', 'Acute Bronchitis & suspected Asthma', 'Cough with sputum, shortness of breath, and chest tightness for 5 days. Wheezing heard on auscultation. Advised avoiding cold drinks, dust, and using inhaler correctly.', 'In 10 days for review of symptoms.');
INSERT INTO prescription_medicines (prescription_id, name, dosage, instruction, duration) VALUES ('PRES-1044-1', 'Tab. Azithromycin 500mg', '1+0+0', '1 hour before food', '5 Days');
INSERT INTO prescription_medicines (prescription_id, name, dosage, instruction, duration) VALUES ('PRES-1044-1', 'Tab. Montelukast 10mg', '0+0+1', 'At night', '14 Days');
INSERT INTO prescription_medicines (prescription_id, name, dosage, instruction, duration) VALUES ('PRES-1044-1', 'Inhaler Salbutamol 100mcg', '2 Puffs', 'As needed (when short of breath)', 'As needed');
INSERT INTO lab_reports (id, patient_id, test_name, category, date, hospital_name, doctor_name, status, ai_interpretation) VALUES ('LAB-1044-1', 1044, 'Complete Blood Count (CBC)', 'Hematology', NOW() - INTERVAL '30 days', 'Delta Hospital', 'Dr. Sadia Siddique', 'Completed', 'Mild leukocytosis observed, consistent with active respiratory tract infection. Eosinophil counts are slightly elevated, which could point to an allergic component (Asthma).');
INSERT INTO lab_test_results (lab_report_id, parameter, value, unit, reference_range, status) VALUES ('LAB-1044-1', 'Total WBC Count', '11.2', 'x10^9/L', '4.0 - 11.0', 'High');
INSERT INTO lab_test_results (lab_report_id, parameter, value, unit, reference_range, status) VALUES ('LAB-1044-1', 'Hemoglobin (Hb)', '14.5', 'g/dL', '13.5 - 17.5', 'Normal');
INSERT INTO lab_test_results (lab_report_id, parameter, value, unit, reference_range, status) VALUES ('LAB-1044-1', 'Eosinophils', '7', '%', '1 - 6', 'High');
INSERT INTO imaging_reports (id, patient_id, type, body_part, date, hospital_name, doctor_name, findings, impression) VALUES ('IMG-1044-1', 1044, 'X-Ray', 'Chest (P/A View)', NOW() - INTERVAL '30 days', 'Delta Hospital', 'Dr. Sadia Siddique', 'Lungs are hyperinflated. Increased bronchovascular markings seen bilaterally. Both costophrenic angles are clear. Heart size and shape are normal. Bony thorax and dome of diaphragms are intact.', 'Findings are suggestive of Acute Bronchitic changes. No consolidation or pleural effusion.');
INSERT INTO prescriptions (id, patient_id, date, doctor_name, doctor_specialization, hospital_name, diagnosis, clinical_notes, follow_up_date) VALUES ('PRES-1044-2', 1044, NOW() - INTERVAL '6 days', 'Dr. Nusrat Begum', 'Urology', 'National Cancer Research Institute & Hospital', 'Gastroesophageal Reflux Disease (GERD)', 'Complains of burning sensation in the chest (heartburn), sour taste in the mouth, and upper abdominal pain after meals. Recommended avoiding spicy foods, sleeping with head elevated, and not lying down immediately after eating.', 'In 2 weeks.');
INSERT INTO prescription_medicines (prescription_id, name, dosage, instruction, duration) VALUES ('PRES-1044-2', 'Cap. Esomeprazole 20mg', '1+0+1', '30 minutes before breakfast & dinner', '1 Month');
INSERT INTO prescription_medicines (prescription_id, name, dosage, instruction, duration) VALUES ('PRES-1044-2', 'Tab. Domperidone 10mg', '1+1+1', '15 minutes before meals', '10 Days');
INSERT INTO prescription_medicines (prescription_id, name, dosage, instruction, duration) VALUES ('PRES-1044-2', 'Syr. Antacid', '2 spoonful', '1 hour after meals', '7 Days');
INSERT INTO lab_reports (id, patient_id, test_name, category, date, hospital_name, doctor_name, status, ai_interpretation) VALUES ('LAB-1044-2', 1044, 'H. Pylori Screening Panel', 'Serology', NOW() - INTERVAL '6 days', 'National Cancer Research Institute & Hospital', 'Dr. Nusrat Begum', 'Completed', 'H. Pylori antigen test is negative. Upper GI symptoms are likely due to lifestyle/acid reflux rather than active bacterial infection.');
INSERT INTO lab_test_results (lab_report_id, parameter, value, unit, reference_range, status) VALUES ('LAB-1044-2', 'H. Pylori Ag (Stool)', 'Negative', 'N/A', 'Negative', 'Normal');
INSERT INTO imaging_reports (id, patient_id, type, body_part, date, hospital_name, doctor_name, findings, impression) VALUES ('IMG-1044-2', 1044, 'Ultrasonography', 'Hepatobiliary System (HBS)', NOW() - INTERVAL '6 days', 'National Cancer Research Institute & Hospital', 'Dr. Nusrat Begum', 'Gallbladder is distended with normal wall thickness. No gallstones or sludge seen. Common bile duct and intrahepatic biliary channels are normal. Pancreas and spleen are normal.', 'Normal HBS scan. No gallstones detected.');
INSERT INTO patient_allergies (patient_id, allergen, severity, reaction) VALUES (1044, 'Dust Mites', 'Moderate', 'Sneezing and coughing');
INSERT INTO patient_allergies (patient_id, allergen, severity, reaction) VALUES (1044, 'Pollen', 'Low', 'Runny nose');
INSERT INTO patient_allergies (patient_id, allergen, severity, reaction) VALUES (1044, 'Aspirin', 'High', 'Bronchospasm and asthma flare-up');
INSERT INTO patient_chronic_diseases (patient_id, disease_name, status, diagnosed_date) VALUES (1044, 'Gastroesophageal Reflux Disease (GERD)', 'Active', NOW() - INTERVAL '4 years 12 months');
INSERT INTO patient_chronic_diseases (patient_id, disease_name, status, diagnosed_date) VALUES (1044, 'Bronchial Asthma', 'Controlled', NOW() - INTERVAL '3 years 4 months');
INSERT INTO prescriptions (id, patient_id, date, doctor_name, doctor_specialization, hospital_name, diagnosis, clinical_notes, follow_up_date) VALUES ('PRES-1045-1', 1045, NOW() - INTERVAL '22 days', 'Dr. Sana Khan', 'Gastroenterology', 'Chittagong Medical College', 'Bilateral Osteoarthritis of Knee Joints', 'Pain, stiffness, and cracking sounds in both knees for the last 6 months, worse in the mornings and after sitting. Advised hot compression, avoidance of sitting on floor/squatting, and moderate knee exercises.', 'In 1 Month.');
INSERT INTO prescription_medicines (prescription_id, name, dosage, instruction, duration) VALUES ('PRES-1045-1', 'Tab. Naproxen 500mg', '1+0+1', 'After meals (only when pain is high)', '7 Days');
INSERT INTO prescription_medicines (prescription_id, name, dosage, instruction, duration) VALUES ('PRES-1045-1', 'Cap. Glucosamine + Chondroitin', '1+0+1', 'After meals', '2 Months');
INSERT INTO prescription_medicines (prescription_id, name, dosage, instruction, duration) VALUES ('PRES-1045-1', 'Tab. Omeprazole 20mg', '1+0+1', 'Before breakfast & dinner', '1 Month');
INSERT INTO lab_reports (id, patient_id, test_name, category, date, hospital_name, doctor_name, status, ai_interpretation) VALUES ('LAB-1045-1', 1045, 'Arthritis & Rheumatology Profile', 'Serology', NOW() - INTERVAL '22 days', 'Chittagong Medical College', 'Dr. Sana Khan', 'Completed', 'Uric acid level is slightly elevated, but Rheumatoid Factor is negative, suggesting OA rather than Gout or Rheumatoid Arthritis.');
INSERT INTO lab_test_results (lab_report_id, parameter, value, unit, reference_range, status) VALUES ('LAB-1045-1', 'Serum Uric Acid', '7.5', 'mg/dL', '3.5 - 7.2', 'High');
INSERT INTO lab_test_results (lab_report_id, parameter, value, unit, reference_range, status) VALUES ('LAB-1045-1', 'Rheumatoid Factor (RF)', '8', 'IU/mL', '< 14', 'Normal');
INSERT INTO lab_test_results (lab_report_id, parameter, value, unit, reference_range, status) VALUES ('LAB-1045-1', 'C-Reactive Protein (CRP)', '4.2', 'mg/L', '< 5.0', 'Normal');
INSERT INTO imaging_reports (id, patient_id, type, body_part, date, hospital_name, doctor_name, findings, impression) VALUES ('IMG-1045-1', 1045, 'X-Ray', 'Bilateral Knee Joints (AP & Lateral)', NOW() - INTERVAL '22 days', 'Chittagong Medical College', 'Dr. Sana Khan', 'Narrowing of the medial joint spaces in both knees. Subchondral sclerosis and osteophyte formation are noted along the margins of both joint surfaces. No joint effusion or fracture.', 'Radiological features of Bilateral Osteoarthritis of Knees (Grade-II).');
INSERT INTO prescriptions (id, patient_id, date, doctor_name, doctor_specialization, hospital_name, diagnosis, clinical_notes, follow_up_date) VALUES ('PRES-1045-2', 1045, NOW() - INTERVAL '24 days', 'Dr. Nusrat Begum', 'Urology', 'National Cancer Research Institute & Hospital', 'Type 2 Diabetes Mellitus & Essential Hypertension', 'Patient presents with generalized weakness and occasional dizziness. Blood pressure and fasting blood glucose are elevated. Recommended strict dietary control, low salt, regular walking, and compliance with medications.', 'In 3 months with fasting blood sugar and lipid profile reports.');
INSERT INTO prescription_medicines (prescription_id, name, dosage, instruction, duration) VALUES ('PRES-1045-2', 'Tab. Metformin HCl 500mg', '1+0+1', 'After meals', '3 Months');
INSERT INTO prescription_medicines (prescription_id, name, dosage, instruction, duration) VALUES ('PRES-1045-2', 'Tab. Amlodipine 5mg', '0+0+1', 'At night before sleeping', '1 Month');
INSERT INTO prescription_medicines (prescription_id, name, dosage, instruction, duration) VALUES ('PRES-1045-2', 'Tab. Atorvastatin 10mg', '0+0+1', 'At night after dinner', '2 Months');
INSERT INTO lab_reports (id, patient_id, test_name, category, date, hospital_name, doctor_name, status, ai_interpretation) VALUES ('LAB-1045-2', 1045, 'Diabetes and Kidney Function Panel', 'Biochemistry', NOW() - INTERVAL '24 days', 'National Cancer Research Institute & Hospital', 'Dr. Nusrat Begum', 'Completed', 'Fasting Blood Glucose is high, indicating suboptimal glycemic control. Renal function (Creatinine) is normal. HbA1c should be monitored next visit.');
INSERT INTO lab_test_results (lab_report_id, parameter, value, unit, reference_range, status) VALUES ('LAB-1045-2', 'Fasting Blood Sugar (FBS)', '142', 'mg/dL', '70 - 100', 'High');
INSERT INTO lab_test_results (lab_report_id, parameter, value, unit, reference_range, status) VALUES ('LAB-1045-2', 'Serum Creatinine', '0.9', 'mg/dL', '0.6 - 1.2', 'Normal');
INSERT INTO lab_test_results (lab_report_id, parameter, value, unit, reference_range, status) VALUES ('LAB-1045-2', 'Blood Urea Nitrogen (BUN)', '14', 'mg/dL', '7 - 20', 'Normal');
INSERT INTO imaging_reports (id, patient_id, type, body_part, date, hospital_name, doctor_name, findings, impression) VALUES ('IMG-1045-2', 1045, 'Ultrasonography', 'Whole Abdomen', NOW() - INTERVAL '24 days', 'National Cancer Research Institute & Hospital', 'Dr. Nusrat Begum', 'Liver shows normal size but mildly increased parenchymal echotexture, suggestive of Grade-I Fatty Liver. Gallbladder, spleen, kidneys, and urinary bladder are normal in size and shape. No calculi or focal masses seen.', 'Mild Hepatomegaly with Grade-I Fatty Change (Fatty Liver).');
INSERT INTO patient_chronic_diseases (patient_id, disease_name, status, diagnosed_date) VALUES (1045, 'Osteoarthritis', 'Active', NOW() - INTERVAL '3 years 11 months');
INSERT INTO patient_chronic_diseases (patient_id, disease_name, status, diagnosed_date) VALUES (1045, 'Hyperlipidemia', 'Active', NOW() - INTERVAL '6 years 9 months');
INSERT INTO patient_chronic_diseases (patient_id, disease_name, status, diagnosed_date) VALUES (1045, 'Type 2 Diabetes Mellitus', 'Active', NOW() - INTERVAL '5 years 6 months');
INSERT INTO patient_chronic_diseases (patient_id, disease_name, status, diagnosed_date) VALUES (1045, 'Essential Hypertension', 'Active', NOW() - INTERVAL '5 years 1 months');
INSERT INTO prescriptions (id, patient_id, date, doctor_name, doctor_specialization, hospital_name, diagnosis, clinical_notes, follow_up_date) VALUES ('PRES-1046-1', 1046, NOW() - INTERVAL '21 days', 'Dr. Sani Chowdhury', 'Dermatology', 'Dhaka Medical College Hospital', 'Bilateral Osteoarthritis of Knee Joints', 'Pain, stiffness, and cracking sounds in both knees for the last 6 months, worse in the mornings and after sitting. Advised hot compression, avoidance of sitting on floor/squatting, and moderate knee exercises.', 'In 1 Month.');
INSERT INTO prescription_medicines (prescription_id, name, dosage, instruction, duration) VALUES ('PRES-1046-1', 'Tab. Naproxen 500mg', '1+0+1', 'After meals (only when pain is high)', '7 Days');
INSERT INTO prescription_medicines (prescription_id, name, dosage, instruction, duration) VALUES ('PRES-1046-1', 'Cap. Glucosamine + Chondroitin', '1+0+1', 'After meals', '2 Months');
INSERT INTO prescription_medicines (prescription_id, name, dosage, instruction, duration) VALUES ('PRES-1046-1', 'Tab. Omeprazole 20mg', '1+0+1', 'Before breakfast & dinner', '1 Month');
INSERT INTO lab_reports (id, patient_id, test_name, category, date, hospital_name, doctor_name, status, ai_interpretation) VALUES ('LAB-1046-1', 1046, 'Arthritis & Rheumatology Profile', 'Serology', NOW() - INTERVAL '21 days', 'Dhaka Medical College Hospital', 'Dr. Sani Chowdhury', 'Completed', 'Uric acid level is slightly elevated, but Rheumatoid Factor is negative, suggesting OA rather than Gout or Rheumatoid Arthritis.');
INSERT INTO lab_test_results (lab_report_id, parameter, value, unit, reference_range, status) VALUES ('LAB-1046-1', 'Serum Uric Acid', '7.5', 'mg/dL', '3.5 - 7.2', 'High');
INSERT INTO lab_test_results (lab_report_id, parameter, value, unit, reference_range, status) VALUES ('LAB-1046-1', 'Rheumatoid Factor (RF)', '8', 'IU/mL', '< 14', 'Normal');
INSERT INTO lab_test_results (lab_report_id, parameter, value, unit, reference_range, status) VALUES ('LAB-1046-1', 'C-Reactive Protein (CRP)', '4.2', 'mg/L', '< 5.0', 'Normal');
INSERT INTO imaging_reports (id, patient_id, type, body_part, date, hospital_name, doctor_name, findings, impression) VALUES ('IMG-1046-1', 1046, 'X-Ray', 'Bilateral Knee Joints (AP & Lateral)', NOW() - INTERVAL '21 days', 'Dhaka Medical College Hospital', 'Dr. Sani Chowdhury', 'Narrowing of the medial joint spaces in both knees. Subchondral sclerosis and osteophyte formation are noted along the margins of both joint surfaces. No joint effusion or fracture.', 'Radiological features of Bilateral Osteoarthritis of Knees (Grade-II).');
INSERT INTO prescriptions (id, patient_id, date, doctor_name, doctor_specialization, hospital_name, diagnosis, clinical_notes, follow_up_date) VALUES ('PRES-1046-2', 1046, NOW() - INTERVAL '26 days', 'Dr. Lipi Akter', 'General Medicine', 'North West Medical College & Hospital', 'Acute Bronchitis & suspected Asthma', 'Cough with sputum, shortness of breath, and chest tightness for 5 days. Wheezing heard on auscultation. Advised avoiding cold drinks, dust, and using inhaler correctly.', 'In 10 days for review of symptoms.');
INSERT INTO prescription_medicines (prescription_id, name, dosage, instruction, duration) VALUES ('PRES-1046-2', 'Tab. Azithromycin 500mg', '1+0+0', '1 hour before food', '5 Days');
INSERT INTO prescription_medicines (prescription_id, name, dosage, instruction, duration) VALUES ('PRES-1046-2', 'Tab. Montelukast 10mg', '0+0+1', 'At night', '14 Days');
INSERT INTO prescription_medicines (prescription_id, name, dosage, instruction, duration) VALUES ('PRES-1046-2', 'Inhaler Salbutamol 100mcg', '2 Puffs', 'As needed (when short of breath)', 'As needed');
INSERT INTO lab_reports (id, patient_id, test_name, category, date, hospital_name, doctor_name, status, ai_interpretation) VALUES ('LAB-1046-2', 1046, 'Complete Blood Count (CBC)', 'Hematology', NOW() - INTERVAL '26 days', 'North West Medical College & Hospital', 'Dr. Lipi Akter', 'Completed', 'Mild leukocytosis observed, consistent with active respiratory tract infection. Eosinophil counts are slightly elevated, which could point to an allergic component (Asthma).');
INSERT INTO lab_test_results (lab_report_id, parameter, value, unit, reference_range, status) VALUES ('LAB-1046-2', 'Total WBC Count', '11.2', 'x10^9/L', '4.0 - 11.0', 'High');
INSERT INTO lab_test_results (lab_report_id, parameter, value, unit, reference_range, status) VALUES ('LAB-1046-2', 'Hemoglobin (Hb)', '14.5', 'g/dL', '13.5 - 17.5', 'Normal');
INSERT INTO lab_test_results (lab_report_id, parameter, value, unit, reference_range, status) VALUES ('LAB-1046-2', 'Eosinophils', '7', '%', '1 - 6', 'High');
INSERT INTO imaging_reports (id, patient_id, type, body_part, date, hospital_name, doctor_name, findings, impression) VALUES ('IMG-1046-2', 1046, 'X-Ray', 'Chest (P/A View)', NOW() - INTERVAL '26 days', 'North West Medical College & Hospital', 'Dr. Lipi Akter', 'Lungs are hyperinflated. Increased bronchovascular markings seen bilaterally. Both costophrenic angles are clear. Heart size and shape are normal. Bony thorax and dome of diaphragms are intact.', 'Findings are suggestive of Acute Bronchitic changes. No consolidation or pleural effusion.');
INSERT INTO patient_allergies (patient_id, allergen, severity, reaction) VALUES (1046, 'Dust Mites', 'Moderate', 'Sneezing and coughing');
INSERT INTO patient_allergies (patient_id, allergen, severity, reaction) VALUES (1046, 'Pollen', 'Low', 'Runny nose');
INSERT INTO patient_chronic_diseases (patient_id, disease_name, status, diagnosed_date) VALUES (1046, 'Osteoarthritis', 'Active', NOW() - INTERVAL '4 years 6 months');
INSERT INTO patient_chronic_diseases (patient_id, disease_name, status, diagnosed_date) VALUES (1046, 'Bronchial Asthma', 'Controlled', NOW() - INTERVAL '9 years 3 months');
INSERT INTO prescriptions (id, patient_id, date, doctor_name, doctor_specialization, hospital_name, diagnosis, clinical_notes, follow_up_date) VALUES ('PRES-1047-1', 1047, NOW() - INTERVAL '13 days', 'Dr. Sadia Siddique', 'Endocrinology & Diabetology', 'Delta Hospital', 'Gastroesophageal Reflux Disease (GERD)', 'Complains of burning sensation in the chest (heartburn), sour taste in the mouth, and upper abdominal pain after meals. Recommended avoiding spicy foods, sleeping with head elevated, and not lying down immediately after eating.', 'In 2 weeks.');
INSERT INTO prescription_medicines (prescription_id, name, dosage, instruction, duration) VALUES ('PRES-1047-1', 'Cap. Esomeprazole 20mg', '1+0+1', '30 minutes before breakfast & dinner', '1 Month');
INSERT INTO prescription_medicines (prescription_id, name, dosage, instruction, duration) VALUES ('PRES-1047-1', 'Tab. Domperidone 10mg', '1+1+1', '15 minutes before meals', '10 Days');
INSERT INTO prescription_medicines (prescription_id, name, dosage, instruction, duration) VALUES ('PRES-1047-1', 'Syr. Antacid', '2 spoonful', '1 hour after meals', '7 Days');
INSERT INTO lab_reports (id, patient_id, test_name, category, date, hospital_name, doctor_name, status, ai_interpretation) VALUES ('LAB-1047-1', 1047, 'H. Pylori Screening Panel', 'Serology', NOW() - INTERVAL '13 days', 'Delta Hospital', 'Dr. Sadia Siddique', 'Completed', 'H. Pylori antigen test is negative. Upper GI symptoms are likely due to lifestyle/acid reflux rather than active bacterial infection.');
INSERT INTO lab_test_results (lab_report_id, parameter, value, unit, reference_range, status) VALUES ('LAB-1047-1', 'H. Pylori Ag (Stool)', 'Negative', 'N/A', 'Negative', 'Normal');
INSERT INTO imaging_reports (id, patient_id, type, body_part, date, hospital_name, doctor_name, findings, impression) VALUES ('IMG-1047-1', 1047, 'Ultrasonography', 'Hepatobiliary System (HBS)', NOW() - INTERVAL '13 days', 'Delta Hospital', 'Dr. Sadia Siddique', 'Gallbladder is distended with normal wall thickness. No gallstones or sludge seen. Common bile duct and intrahepatic biliary channels are normal. Pancreas and spleen are normal.', 'Normal HBS scan. No gallstones detected.');
INSERT INTO patient_allergies (patient_id, allergen, severity, reaction) VALUES (1047, 'Peanuts', 'High', 'Anaphylaxis and facial swelling');
INSERT INTO patient_chronic_diseases (patient_id, disease_name, status, diagnosed_date) VALUES (1047, 'Gastroesophageal Reflux Disease (GERD)', 'Active', NOW() - INTERVAL '1 years 8 months');
INSERT INTO prescriptions (id, patient_id, date, doctor_name, doctor_specialization, hospital_name, diagnosis, clinical_notes, follow_up_date) VALUES ('PRES-1048-1', 1048, NOW() - INTERVAL '8 days', 'Dr. Tarek Hasan', 'Gynaecology & Obstetrics', 'North West Medical College & Hospital', 'Gastroesophageal Reflux Disease (GERD)', 'Complains of burning sensation in the chest (heartburn), sour taste in the mouth, and upper abdominal pain after meals. Recommended avoiding spicy foods, sleeping with head elevated, and not lying down immediately after eating.', 'In 2 weeks.');
INSERT INTO prescription_medicines (prescription_id, name, dosage, instruction, duration) VALUES ('PRES-1048-1', 'Cap. Esomeprazole 20mg', '1+0+1', '30 minutes before breakfast & dinner', '1 Month');
INSERT INTO prescription_medicines (prescription_id, name, dosage, instruction, duration) VALUES ('PRES-1048-1', 'Tab. Domperidone 10mg', '1+1+1', '15 minutes before meals', '10 Days');
INSERT INTO prescription_medicines (prescription_id, name, dosage, instruction, duration) VALUES ('PRES-1048-1', 'Syr. Antacid', '2 spoonful', '1 hour after meals', '7 Days');
INSERT INTO lab_reports (id, patient_id, test_name, category, date, hospital_name, doctor_name, status, ai_interpretation) VALUES ('LAB-1048-1', 1048, 'H. Pylori Screening Panel', 'Serology', NOW() - INTERVAL '8 days', 'North West Medical College & Hospital', 'Dr. Tarek Hasan', 'Completed', 'H. Pylori antigen test is negative. Upper GI symptoms are likely due to lifestyle/acid reflux rather than active bacterial infection.');
INSERT INTO lab_test_results (lab_report_id, parameter, value, unit, reference_range, status) VALUES ('LAB-1048-1', 'H. Pylori Ag (Stool)', 'Negative', 'N/A', 'Negative', 'Normal');
INSERT INTO imaging_reports (id, patient_id, type, body_part, date, hospital_name, doctor_name, findings, impression) VALUES ('IMG-1048-1', 1048, 'Ultrasonography', 'Hepatobiliary System (HBS)', NOW() - INTERVAL '8 days', 'North West Medical College & Hospital', 'Dr. Tarek Hasan', 'Gallbladder is distended with normal wall thickness. No gallstones or sludge seen. Common bile duct and intrahepatic biliary channels are normal. Pancreas and spleen are normal.', 'Normal HBS scan. No gallstones detected.');
INSERT INTO prescriptions (id, patient_id, date, doctor_name, doctor_specialization, hospital_name, diagnosis, clinical_notes, follow_up_date) VALUES ('PRES-1048-2', 1048, NOW() - INTERVAL '30 days', 'Dr. Sabrina Akter', 'Pediatrics', 'National Medical Center', 'Bilateral Osteoarthritis of Knee Joints', 'Pain, stiffness, and cracking sounds in both knees for the last 6 months, worse in the mornings and after sitting. Advised hot compression, avoidance of sitting on floor/squatting, and moderate knee exercises.', 'In 1 Month.');
INSERT INTO prescription_medicines (prescription_id, name, dosage, instruction, duration) VALUES ('PRES-1048-2', 'Tab. Naproxen 500mg', '1+0+1', 'After meals (only when pain is high)', '7 Days');
INSERT INTO prescription_medicines (prescription_id, name, dosage, instruction, duration) VALUES ('PRES-1048-2', 'Cap. Glucosamine + Chondroitin', '1+0+1', 'After meals', '2 Months');
INSERT INTO prescription_medicines (prescription_id, name, dosage, instruction, duration) VALUES ('PRES-1048-2', 'Tab. Omeprazole 20mg', '1+0+1', 'Before breakfast & dinner', '1 Month');
INSERT INTO lab_reports (id, patient_id, test_name, category, date, hospital_name, doctor_name, status, ai_interpretation) VALUES ('LAB-1048-2', 1048, 'Arthritis & Rheumatology Profile', 'Serology', NOW() - INTERVAL '30 days', 'National Medical Center', 'Dr. Sabrina Akter', 'Completed', 'Uric acid level is slightly elevated, but Rheumatoid Factor is negative, suggesting OA rather than Gout or Rheumatoid Arthritis.');
INSERT INTO lab_test_results (lab_report_id, parameter, value, unit, reference_range, status) VALUES ('LAB-1048-2', 'Serum Uric Acid', '7.5', 'mg/dL', '3.5 - 7.2', 'High');
INSERT INTO lab_test_results (lab_report_id, parameter, value, unit, reference_range, status) VALUES ('LAB-1048-2', 'Rheumatoid Factor (RF)', '8', 'IU/mL', '< 14', 'Normal');
INSERT INTO lab_test_results (lab_report_id, parameter, value, unit, reference_range, status) VALUES ('LAB-1048-2', 'C-Reactive Protein (CRP)', '4.2', 'mg/L', '< 5.0', 'Normal');
INSERT INTO imaging_reports (id, patient_id, type, body_part, date, hospital_name, doctor_name, findings, impression) VALUES ('IMG-1048-2', 1048, 'X-Ray', 'Bilateral Knee Joints (AP & Lateral)', NOW() - INTERVAL '30 days', 'National Medical Center', 'Dr. Sabrina Akter', 'Narrowing of the medial joint spaces in both knees. Subchondral sclerosis and osteophyte formation are noted along the margins of both joint surfaces. No joint effusion or fracture.', 'Radiological features of Bilateral Osteoarthritis of Knees (Grade-II).');
INSERT INTO patient_allergies (patient_id, allergen, severity, reaction) VALUES (1048, 'Sulfa Drugs', 'Moderate', 'Generalized skin rash');
INSERT INTO patient_chronic_diseases (patient_id, disease_name, status, diagnosed_date) VALUES (1048, 'Osteoarthritis', 'Active', NOW() - INTERVAL '4 years 6 months');
INSERT INTO patient_chronic_diseases (patient_id, disease_name, status, diagnosed_date) VALUES (1048, 'Gastroesophageal Reflux Disease (GERD)', 'Active', NOW() - INTERVAL '1 years 2 months');
INSERT INTO patient_chronic_diseases (patient_id, disease_name, status, diagnosed_date) VALUES (1048, 'Migraine', 'Active', NOW() - INTERVAL '7 years 12 months');
INSERT INTO prescriptions (id, patient_id, date, doctor_name, doctor_specialization, hospital_name, diagnosis, clinical_notes, follow_up_date) VALUES ('PRES-1049-1', 1049, NOW() - INTERVAL '17 days', 'Dr. Alam Khan', 'Psychiatry', 'National Medical Center', 'Bilateral Osteoarthritis of Knee Joints', 'Pain, stiffness, and cracking sounds in both knees for the last 6 months, worse in the mornings and after sitting. Advised hot compression, avoidance of sitting on floor/squatting, and moderate knee exercises.', 'In 1 Month.');
INSERT INTO prescription_medicines (prescription_id, name, dosage, instruction, duration) VALUES ('PRES-1049-1', 'Tab. Naproxen 500mg', '1+0+1', 'After meals (only when pain is high)', '7 Days');
INSERT INTO prescription_medicines (prescription_id, name, dosage, instruction, duration) VALUES ('PRES-1049-1', 'Cap. Glucosamine + Chondroitin', '1+0+1', 'After meals', '2 Months');
INSERT INTO prescription_medicines (prescription_id, name, dosage, instruction, duration) VALUES ('PRES-1049-1', 'Tab. Omeprazole 20mg', '1+0+1', 'Before breakfast & dinner', '1 Month');
INSERT INTO lab_reports (id, patient_id, test_name, category, date, hospital_name, doctor_name, status, ai_interpretation) VALUES ('LAB-1049-1', 1049, 'Arthritis & Rheumatology Profile', 'Serology', NOW() - INTERVAL '17 days', 'National Medical Center', 'Dr. Alam Khan', 'Completed', 'Uric acid level is slightly elevated, but Rheumatoid Factor is negative, suggesting OA rather than Gout or Rheumatoid Arthritis.');
INSERT INTO lab_test_results (lab_report_id, parameter, value, unit, reference_range, status) VALUES ('LAB-1049-1', 'Serum Uric Acid', '7.5', 'mg/dL', '3.5 - 7.2', 'High');
INSERT INTO lab_test_results (lab_report_id, parameter, value, unit, reference_range, status) VALUES ('LAB-1049-1', 'Rheumatoid Factor (RF)', '8', 'IU/mL', '< 14', 'Normal');
INSERT INTO lab_test_results (lab_report_id, parameter, value, unit, reference_range, status) VALUES ('LAB-1049-1', 'C-Reactive Protein (CRP)', '4.2', 'mg/L', '< 5.0', 'Normal');
INSERT INTO imaging_reports (id, patient_id, type, body_part, date, hospital_name, doctor_name, findings, impression) VALUES ('IMG-1049-1', 1049, 'X-Ray', 'Bilateral Knee Joints (AP & Lateral)', NOW() - INTERVAL '17 days', 'National Medical Center', 'Dr. Alam Khan', 'Narrowing of the medial joint spaces in both knees. Subchondral sclerosis and osteophyte formation are noted along the margins of both joint surfaces. No joint effusion or fracture.', 'Radiological features of Bilateral Osteoarthritis of Knees (Grade-II).');
INSERT INTO prescriptions (id, patient_id, date, doctor_name, doctor_specialization, hospital_name, diagnosis, clinical_notes, follow_up_date) VALUES ('PRES-1049-2', 1049, NOW() - INTERVAL '2 days', 'Dr. Samia Uddin', 'Pediatrics', 'United Hospital', 'Type 2 Diabetes Mellitus & Essential Hypertension', 'Patient presents with generalized weakness and occasional dizziness. Blood pressure and fasting blood glucose are elevated. Recommended strict dietary control, low salt, regular walking, and compliance with medications.', 'In 3 months with fasting blood sugar and lipid profile reports.');
INSERT INTO prescription_medicines (prescription_id, name, dosage, instruction, duration) VALUES ('PRES-1049-2', 'Tab. Metformin HCl 500mg', '1+0+1', 'After meals', '3 Months');
INSERT INTO prescription_medicines (prescription_id, name, dosage, instruction, duration) VALUES ('PRES-1049-2', 'Tab. Amlodipine 5mg', '0+0+1', 'At night before sleeping', '1 Month');
INSERT INTO prescription_medicines (prescription_id, name, dosage, instruction, duration) VALUES ('PRES-1049-2', 'Tab. Atorvastatin 10mg', '0+0+1', 'At night after dinner', '2 Months');
INSERT INTO lab_reports (id, patient_id, test_name, category, date, hospital_name, doctor_name, status, ai_interpretation) VALUES ('LAB-1049-2', 1049, 'Diabetes and Kidney Function Panel', 'Biochemistry', NOW() - INTERVAL '2 days', 'United Hospital', 'Dr. Samia Uddin', 'Completed', 'Fasting Blood Glucose is high, indicating suboptimal glycemic control. Renal function (Creatinine) is normal. HbA1c should be monitored next visit.');
INSERT INTO lab_test_results (lab_report_id, parameter, value, unit, reference_range, status) VALUES ('LAB-1049-2', 'Fasting Blood Sugar (FBS)', '142', 'mg/dL', '70 - 100', 'High');
INSERT INTO lab_test_results (lab_report_id, parameter, value, unit, reference_range, status) VALUES ('LAB-1049-2', 'Serum Creatinine', '0.9', 'mg/dL', '0.6 - 1.2', 'Normal');
INSERT INTO lab_test_results (lab_report_id, parameter, value, unit, reference_range, status) VALUES ('LAB-1049-2', 'Blood Urea Nitrogen (BUN)', '14', 'mg/dL', '7 - 20', 'Normal');
INSERT INTO imaging_reports (id, patient_id, type, body_part, date, hospital_name, doctor_name, findings, impression) VALUES ('IMG-1049-2', 1049, 'Ultrasonography', 'Whole Abdomen', NOW() - INTERVAL '2 days', 'United Hospital', 'Dr. Samia Uddin', 'Liver shows normal size but mildly increased parenchymal echotexture, suggestive of Grade-I Fatty Liver. Gallbladder, spleen, kidneys, and urinary bladder are normal in size and shape. No calculi or focal masses seen.', 'Mild Hepatomegaly with Grade-I Fatty Change (Fatty Liver).');
INSERT INTO patient_allergies (patient_id, allergen, severity, reaction) VALUES (1049, 'Dairy Products', 'Moderate', 'Abdominal cramps and diarrhea');
INSERT INTO patient_chronic_diseases (patient_id, disease_name, status, diagnosed_date) VALUES (1049, 'Osteoarthritis', 'Active', NOW() - INTERVAL '9 years 5 months');
INSERT INTO patient_chronic_diseases (patient_id, disease_name, status, diagnosed_date) VALUES (1049, 'Hypothyroidism', 'Active', NOW() - INTERVAL '2 years 9 months');
INSERT INTO patient_chronic_diseases (patient_id, disease_name, status, diagnosed_date) VALUES (1049, 'Type 2 Diabetes Mellitus', 'Active', NOW() - INTERVAL '6 years 4 months');
INSERT INTO patient_chronic_diseases (patient_id, disease_name, status, diagnosed_date) VALUES (1049, 'Essential Hypertension', 'Active', NOW() - INTERVAL '10 years 2 months');
INSERT INTO prescriptions (id, patient_id, date, doctor_name, doctor_specialization, hospital_name, diagnosis, clinical_notes, follow_up_date) VALUES ('PRES-1050-1', 1050, NOW() - INTERVAL '4 days', 'Dr. Khadija Begum', 'Endocrinology & Diabetology', 'Square Hospitals Ltd.', 'Acute Bronchitis & suspected Asthma', 'Cough with sputum, shortness of breath, and chest tightness for 5 days. Wheezing heard on auscultation. Advised avoiding cold drinks, dust, and using inhaler correctly.', 'In 10 days for review of symptoms.');
INSERT INTO prescription_medicines (prescription_id, name, dosage, instruction, duration) VALUES ('PRES-1050-1', 'Tab. Azithromycin 500mg', '1+0+0', '1 hour before food', '5 Days');
INSERT INTO prescription_medicines (prescription_id, name, dosage, instruction, duration) VALUES ('PRES-1050-1', 'Tab. Montelukast 10mg', '0+0+1', 'At night', '14 Days');
INSERT INTO prescription_medicines (prescription_id, name, dosage, instruction, duration) VALUES ('PRES-1050-1', 'Inhaler Salbutamol 100mcg', '2 Puffs', 'As needed (when short of breath)', 'As needed');
INSERT INTO lab_reports (id, patient_id, test_name, category, date, hospital_name, doctor_name, status, ai_interpretation) VALUES ('LAB-1050-1', 1050, 'Complete Blood Count (CBC)', 'Hematology', NOW() - INTERVAL '4 days', 'Square Hospitals Ltd.', 'Dr. Khadija Begum', 'Completed', 'Mild leukocytosis observed, consistent with active respiratory tract infection. Eosinophil counts are slightly elevated, which could point to an allergic component (Asthma).');
INSERT INTO lab_test_results (lab_report_id, parameter, value, unit, reference_range, status) VALUES ('LAB-1050-1', 'Total WBC Count', '11.2', 'x10^9/L', '4.0 - 11.0', 'High');
INSERT INTO lab_test_results (lab_report_id, parameter, value, unit, reference_range, status) VALUES ('LAB-1050-1', 'Hemoglobin (Hb)', '14.5', 'g/dL', '13.5 - 17.5', 'Normal');
INSERT INTO lab_test_results (lab_report_id, parameter, value, unit, reference_range, status) VALUES ('LAB-1050-1', 'Eosinophils', '7', '%', '1 - 6', 'High');
INSERT INTO imaging_reports (id, patient_id, type, body_part, date, hospital_name, doctor_name, findings, impression) VALUES ('IMG-1050-1', 1050, 'X-Ray', 'Chest (P/A View)', NOW() - INTERVAL '4 days', 'Square Hospitals Ltd.', 'Dr. Khadija Begum', 'Lungs are hyperinflated. Increased bronchovascular markings seen bilaterally. Both costophrenic angles are clear. Heart size and shape are normal. Bony thorax and dome of diaphragms are intact.', 'Findings are suggestive of Acute Bronchitic changes. No consolidation or pleural effusion.');
INSERT INTO patient_allergies (patient_id, allergen, severity, reaction) VALUES (1050, 'Dust Mites', 'Moderate', 'Sneezing and coughing');
INSERT INTO patient_allergies (patient_id, allergen, severity, reaction) VALUES (1050, 'Pollen', 'Low', 'Runny nose');
INSERT INTO patient_chronic_diseases (patient_id, disease_name, status, diagnosed_date) VALUES (1050, 'Bronchial Asthma', 'Controlled', NOW() - INTERVAL '1 years 6 months');
INSERT INTO prescriptions (id, patient_id, date, doctor_name, doctor_specialization, hospital_name, diagnosis, clinical_notes, follow_up_date) VALUES ('PRES-1051-1', 1051, NOW() - INTERVAL '22 days', 'Dr. Shilpi Siddique', 'Urology', 'Kurmitola General Hospital', 'Acute Bronchitis & suspected Asthma', 'Cough with sputum, shortness of breath, and chest tightness for 5 days. Wheezing heard on auscultation. Advised avoiding cold drinks, dust, and using inhaler correctly.', 'In 10 days for review of symptoms.');
INSERT INTO prescription_medicines (prescription_id, name, dosage, instruction, duration) VALUES ('PRES-1051-1', 'Tab. Azithromycin 500mg', '1+0+0', '1 hour before food', '5 Days');
INSERT INTO prescription_medicines (prescription_id, name, dosage, instruction, duration) VALUES ('PRES-1051-1', 'Tab. Montelukast 10mg', '0+0+1', 'At night', '14 Days');
INSERT INTO prescription_medicines (prescription_id, name, dosage, instruction, duration) VALUES ('PRES-1051-1', 'Inhaler Salbutamol 100mcg', '2 Puffs', 'As needed (when short of breath)', 'As needed');
INSERT INTO lab_reports (id, patient_id, test_name, category, date, hospital_name, doctor_name, status, ai_interpretation) VALUES ('LAB-1051-1', 1051, 'Complete Blood Count (CBC)', 'Hematology', NOW() - INTERVAL '22 days', 'Kurmitola General Hospital', 'Dr. Shilpi Siddique', 'Completed', 'Mild leukocytosis observed, consistent with active respiratory tract infection. Eosinophil counts are slightly elevated, which could point to an allergic component (Asthma).');
INSERT INTO lab_test_results (lab_report_id, parameter, value, unit, reference_range, status) VALUES ('LAB-1051-1', 'Total WBC Count', '11.2', 'x10^9/L', '4.0 - 11.0', 'High');
INSERT INTO lab_test_results (lab_report_id, parameter, value, unit, reference_range, status) VALUES ('LAB-1051-1', 'Hemoglobin (Hb)', '14.5', 'g/dL', '13.5 - 17.5', 'Normal');
INSERT INTO lab_test_results (lab_report_id, parameter, value, unit, reference_range, status) VALUES ('LAB-1051-1', 'Eosinophils', '7', '%', '1 - 6', 'High');
INSERT INTO imaging_reports (id, patient_id, type, body_part, date, hospital_name, doctor_name, findings, impression) VALUES ('IMG-1051-1', 1051, 'X-Ray', 'Chest (P/A View)', NOW() - INTERVAL '22 days', 'Kurmitola General Hospital', 'Dr. Shilpi Siddique', 'Lungs are hyperinflated. Increased bronchovascular markings seen bilaterally. Both costophrenic angles are clear. Heart size and shape are normal. Bony thorax and dome of diaphragms are intact.', 'Findings are suggestive of Acute Bronchitic changes. No consolidation or pleural effusion.');
INSERT INTO patient_allergies (patient_id, allergen, severity, reaction) VALUES (1051, 'Dust Mites', 'Moderate', 'Sneezing and coughing');
INSERT INTO patient_allergies (patient_id, allergen, severity, reaction) VALUES (1051, 'Pollen', 'Low', 'Runny nose');
INSERT INTO patient_chronic_diseases (patient_id, disease_name, status, diagnosed_date) VALUES (1051, 'Bronchial Asthma', 'Controlled', NOW() - INTERVAL '4 years 6 months');
INSERT INTO prescriptions (id, patient_id, date, doctor_name, doctor_specialization, hospital_name, diagnosis, clinical_notes, follow_up_date) VALUES ('PRES-1052-1', 1052, NOW() - INTERVAL '21 days', 'Dr. Tariq Ali', 'Gynaecology & Obstetrics', 'BIRDEM General Hospital', 'Gastroesophageal Reflux Disease (GERD)', 'Complains of burning sensation in the chest (heartburn), sour taste in the mouth, and upper abdominal pain after meals. Recommended avoiding spicy foods, sleeping with head elevated, and not lying down immediately after eating.', 'In 2 weeks.');
INSERT INTO prescription_medicines (prescription_id, name, dosage, instruction, duration) VALUES ('PRES-1052-1', 'Cap. Esomeprazole 20mg', '1+0+1', '30 minutes before breakfast & dinner', '1 Month');
INSERT INTO prescription_medicines (prescription_id, name, dosage, instruction, duration) VALUES ('PRES-1052-1', 'Tab. Domperidone 10mg', '1+1+1', '15 minutes before meals', '10 Days');
INSERT INTO prescription_medicines (prescription_id, name, dosage, instruction, duration) VALUES ('PRES-1052-1', 'Syr. Antacid', '2 spoonful', '1 hour after meals', '7 Days');
INSERT INTO lab_reports (id, patient_id, test_name, category, date, hospital_name, doctor_name, status, ai_interpretation) VALUES ('LAB-1052-1', 1052, 'H. Pylori Screening Panel', 'Serology', NOW() - INTERVAL '21 days', 'BIRDEM General Hospital', 'Dr. Tariq Ali', 'Completed', 'H. Pylori antigen test is negative. Upper GI symptoms are likely due to lifestyle/acid reflux rather than active bacterial infection.');
INSERT INTO lab_test_results (lab_report_id, parameter, value, unit, reference_range, status) VALUES ('LAB-1052-1', 'H. Pylori Ag (Stool)', 'Negative', 'N/A', 'Negative', 'Normal');
INSERT INTO imaging_reports (id, patient_id, type, body_part, date, hospital_name, doctor_name, findings, impression) VALUES ('IMG-1052-1', 1052, 'Ultrasonography', 'Hepatobiliary System (HBS)', NOW() - INTERVAL '21 days', 'BIRDEM General Hospital', 'Dr. Tariq Ali', 'Gallbladder is distended with normal wall thickness. No gallstones or sludge seen. Common bile duct and intrahepatic biliary channels are normal. Pancreas and spleen are normal.', 'Normal HBS scan. No gallstones detected.');
INSERT INTO patient_chronic_diseases (patient_id, disease_name, status, diagnosed_date) VALUES (1052, 'Gastroesophageal Reflux Disease (GERD)', 'Active', NOW() - INTERVAL '6 years 11 months');
INSERT INTO patient_chronic_diseases (patient_id, disease_name, status, diagnosed_date) VALUES (1052, 'Allergic Rhinitis', 'Controlled', NOW() - INTERVAL '7 years 3 months');
INSERT INTO prescriptions (id, patient_id, date, doctor_name, doctor_specialization, hospital_name, diagnosis, clinical_notes, follow_up_date) VALUES ('PRES-1053-1', 1053, NOW() - INTERVAL '16 days', 'Dr. Helal Uddin', 'Gastroenterology', 'National Medical Center', 'Acute Bronchitis & suspected Asthma', 'Cough with sputum, shortness of breath, and chest tightness for 5 days. Wheezing heard on auscultation. Advised avoiding cold drinks, dust, and using inhaler correctly.', 'In 10 days for review of symptoms.');
INSERT INTO prescription_medicines (prescription_id, name, dosage, instruction, duration) VALUES ('PRES-1053-1', 'Tab. Azithromycin 500mg', '1+0+0', '1 hour before food', '5 Days');
INSERT INTO prescription_medicines (prescription_id, name, dosage, instruction, duration) VALUES ('PRES-1053-1', 'Tab. Montelukast 10mg', '0+0+1', 'At night', '14 Days');
INSERT INTO prescription_medicines (prescription_id, name, dosage, instruction, duration) VALUES ('PRES-1053-1', 'Inhaler Salbutamol 100mcg', '2 Puffs', 'As needed (when short of breath)', 'As needed');
INSERT INTO lab_reports (id, patient_id, test_name, category, date, hospital_name, doctor_name, status, ai_interpretation) VALUES ('LAB-1053-1', 1053, 'Complete Blood Count (CBC)', 'Hematology', NOW() - INTERVAL '16 days', 'National Medical Center', 'Dr. Helal Uddin', 'Completed', 'Mild leukocytosis observed, consistent with active respiratory tract infection. Eosinophil counts are slightly elevated, which could point to an allergic component (Asthma).');
INSERT INTO lab_test_results (lab_report_id, parameter, value, unit, reference_range, status) VALUES ('LAB-1053-1', 'Total WBC Count', '11.2', 'x10^9/L', '4.0 - 11.0', 'High');
INSERT INTO lab_test_results (lab_report_id, parameter, value, unit, reference_range, status) VALUES ('LAB-1053-1', 'Hemoglobin (Hb)', '14.5', 'g/dL', '13.5 - 17.5', 'Normal');
INSERT INTO lab_test_results (lab_report_id, parameter, value, unit, reference_range, status) VALUES ('LAB-1053-1', 'Eosinophils', '7', '%', '1 - 6', 'High');
INSERT INTO imaging_reports (id, patient_id, type, body_part, date, hospital_name, doctor_name, findings, impression) VALUES ('IMG-1053-1', 1053, 'X-Ray', 'Chest (P/A View)', NOW() - INTERVAL '16 days', 'National Medical Center', 'Dr. Helal Uddin', 'Lungs are hyperinflated. Increased bronchovascular markings seen bilaterally. Both costophrenic angles are clear. Heart size and shape are normal. Bony thorax and dome of diaphragms are intact.', 'Findings are suggestive of Acute Bronchitic changes. No consolidation or pleural effusion.');
INSERT INTO prescriptions (id, patient_id, date, doctor_name, doctor_specialization, hospital_name, diagnosis, clinical_notes, follow_up_date) VALUES ('PRES-1053-2', 1053, NOW() - INTERVAL '28 days', 'Dr. Mahbub Islam', 'Gastroenterology', 'Dhaka Medical College Hospital', 'Bilateral Osteoarthritis of Knee Joints', 'Pain, stiffness, and cracking sounds in both knees for the last 6 months, worse in the mornings and after sitting. Advised hot compression, avoidance of sitting on floor/squatting, and moderate knee exercises.', 'In 1 Month.');
INSERT INTO prescription_medicines (prescription_id, name, dosage, instruction, duration) VALUES ('PRES-1053-2', 'Tab. Naproxen 500mg', '1+0+1', 'After meals (only when pain is high)', '7 Days');
INSERT INTO prescription_medicines (prescription_id, name, dosage, instruction, duration) VALUES ('PRES-1053-2', 'Cap. Glucosamine + Chondroitin', '1+0+1', 'After meals', '2 Months');
INSERT INTO prescription_medicines (prescription_id, name, dosage, instruction, duration) VALUES ('PRES-1053-2', 'Tab. Omeprazole 20mg', '1+0+1', 'Before breakfast & dinner', '1 Month');
INSERT INTO lab_reports (id, patient_id, test_name, category, date, hospital_name, doctor_name, status, ai_interpretation) VALUES ('LAB-1053-2', 1053, 'Arthritis & Rheumatology Profile', 'Serology', NOW() - INTERVAL '28 days', 'Dhaka Medical College Hospital', 'Dr. Mahbub Islam', 'Completed', 'Uric acid level is slightly elevated, but Rheumatoid Factor is negative, suggesting OA rather than Gout or Rheumatoid Arthritis.');
INSERT INTO lab_test_results (lab_report_id, parameter, value, unit, reference_range, status) VALUES ('LAB-1053-2', 'Serum Uric Acid', '7.5', 'mg/dL', '3.5 - 7.2', 'High');
INSERT INTO lab_test_results (lab_report_id, parameter, value, unit, reference_range, status) VALUES ('LAB-1053-2', 'Rheumatoid Factor (RF)', '8', 'IU/mL', '< 14', 'Normal');
INSERT INTO lab_test_results (lab_report_id, parameter, value, unit, reference_range, status) VALUES ('LAB-1053-2', 'C-Reactive Protein (CRP)', '4.2', 'mg/L', '< 5.0', 'Normal');
INSERT INTO imaging_reports (id, patient_id, type, body_part, date, hospital_name, doctor_name, findings, impression) VALUES ('IMG-1053-2', 1053, 'X-Ray', 'Bilateral Knee Joints (AP & Lateral)', NOW() - INTERVAL '28 days', 'Dhaka Medical College Hospital', 'Dr. Mahbub Islam', 'Narrowing of the medial joint spaces in both knees. Subchondral sclerosis and osteophyte formation are noted along the margins of both joint surfaces. No joint effusion or fracture.', 'Radiological features of Bilateral Osteoarthritis of Knees (Grade-II).');
INSERT INTO patient_allergies (patient_id, allergen, severity, reaction) VALUES (1053, 'Dust Mites', 'Moderate', 'Sneezing and coughing');
INSERT INTO patient_allergies (patient_id, allergen, severity, reaction) VALUES (1053, 'Pollen', 'Low', 'Runny nose');
INSERT INTO patient_chronic_diseases (patient_id, disease_name, status, diagnosed_date) VALUES (1053, 'Osteoarthritis', 'Active', NOW() - INTERVAL '7 years 4 months');
INSERT INTO patient_chronic_diseases (patient_id, disease_name, status, diagnosed_date) VALUES (1053, 'Bronchial Asthma', 'Controlled', NOW() - INTERVAL '4 years 1 months');
INSERT INTO prescriptions (id, patient_id, date, doctor_name, doctor_specialization, hospital_name, diagnosis, clinical_notes, follow_up_date) VALUES ('PRES-1054-1', 1054, NOW() - INTERVAL '23 days', 'Dr. Sani Begum', 'Dermatology', 'Chittagong Medical College', 'Bilateral Osteoarthritis of Knee Joints', 'Pain, stiffness, and cracking sounds in both knees for the last 6 months, worse in the mornings and after sitting. Advised hot compression, avoidance of sitting on floor/squatting, and moderate knee exercises.', 'In 1 Month.');
INSERT INTO prescription_medicines (prescription_id, name, dosage, instruction, duration) VALUES ('PRES-1054-1', 'Tab. Naproxen 500mg', '1+0+1', 'After meals (only when pain is high)', '7 Days');
INSERT INTO prescription_medicines (prescription_id, name, dosage, instruction, duration) VALUES ('PRES-1054-1', 'Cap. Glucosamine + Chondroitin', '1+0+1', 'After meals', '2 Months');
INSERT INTO prescription_medicines (prescription_id, name, dosage, instruction, duration) VALUES ('PRES-1054-1', 'Tab. Omeprazole 20mg', '1+0+1', 'Before breakfast & dinner', '1 Month');
INSERT INTO lab_reports (id, patient_id, test_name, category, date, hospital_name, doctor_name, status, ai_interpretation) VALUES ('LAB-1054-1', 1054, 'Arthritis & Rheumatology Profile', 'Serology', NOW() - INTERVAL '23 days', 'Chittagong Medical College', 'Dr. Sani Begum', 'Completed', 'Uric acid level is slightly elevated, but Rheumatoid Factor is negative, suggesting OA rather than Gout or Rheumatoid Arthritis.');
INSERT INTO lab_test_results (lab_report_id, parameter, value, unit, reference_range, status) VALUES ('LAB-1054-1', 'Serum Uric Acid', '7.5', 'mg/dL', '3.5 - 7.2', 'High');
INSERT INTO lab_test_results (lab_report_id, parameter, value, unit, reference_range, status) VALUES ('LAB-1054-1', 'Rheumatoid Factor (RF)', '8', 'IU/mL', '< 14', 'Normal');
INSERT INTO lab_test_results (lab_report_id, parameter, value, unit, reference_range, status) VALUES ('LAB-1054-1', 'C-Reactive Protein (CRP)', '4.2', 'mg/L', '< 5.0', 'Normal');
INSERT INTO imaging_reports (id, patient_id, type, body_part, date, hospital_name, doctor_name, findings, impression) VALUES ('IMG-1054-1', 1054, 'X-Ray', 'Bilateral Knee Joints (AP & Lateral)', NOW() - INTERVAL '23 days', 'Chittagong Medical College', 'Dr. Sani Begum', 'Narrowing of the medial joint spaces in both knees. Subchondral sclerosis and osteophyte formation are noted along the margins of both joint surfaces. No joint effusion or fracture.', 'Radiological features of Bilateral Osteoarthritis of Knees (Grade-II).');
INSERT INTO prescriptions (id, patient_id, date, doctor_name, doctor_specialization, hospital_name, diagnosis, clinical_notes, follow_up_date) VALUES ('PRES-1054-2', 1054, NOW() - INTERVAL '16 days', 'Dr. Nehal Begum', 'Endocrinology & Diabetology', 'Sir Salimullah Medical College Hospital', 'Type 2 Diabetes Mellitus & Essential Hypertension', 'Patient presents with generalized weakness and occasional dizziness. Blood pressure and fasting blood glucose are elevated. Recommended strict dietary control, low salt, regular walking, and compliance with medications.', 'In 3 months with fasting blood sugar and lipid profile reports.');
INSERT INTO prescription_medicines (prescription_id, name, dosage, instruction, duration) VALUES ('PRES-1054-2', 'Tab. Metformin HCl 500mg', '1+0+1', 'After meals', '3 Months');
INSERT INTO prescription_medicines (prescription_id, name, dosage, instruction, duration) VALUES ('PRES-1054-2', 'Tab. Amlodipine 5mg', '0+0+1', 'At night before sleeping', '1 Month');
INSERT INTO prescription_medicines (prescription_id, name, dosage, instruction, duration) VALUES ('PRES-1054-2', 'Tab. Atorvastatin 10mg', '0+0+1', 'At night after dinner', '2 Months');
INSERT INTO lab_reports (id, patient_id, test_name, category, date, hospital_name, doctor_name, status, ai_interpretation) VALUES ('LAB-1054-2', 1054, 'Diabetes and Kidney Function Panel', 'Biochemistry', NOW() - INTERVAL '16 days', 'Sir Salimullah Medical College Hospital', 'Dr. Nehal Begum', 'Completed', 'Fasting Blood Glucose is high, indicating suboptimal glycemic control. Renal function (Creatinine) is normal. HbA1c should be monitored next visit.');
INSERT INTO lab_test_results (lab_report_id, parameter, value, unit, reference_range, status) VALUES ('LAB-1054-2', 'Fasting Blood Sugar (FBS)', '142', 'mg/dL', '70 - 100', 'High');
INSERT INTO lab_test_results (lab_report_id, parameter, value, unit, reference_range, status) VALUES ('LAB-1054-2', 'Serum Creatinine', '0.9', 'mg/dL', '0.6 - 1.2', 'Normal');
INSERT INTO lab_test_results (lab_report_id, parameter, value, unit, reference_range, status) VALUES ('LAB-1054-2', 'Blood Urea Nitrogen (BUN)', '14', 'mg/dL', '7 - 20', 'Normal');
INSERT INTO imaging_reports (id, patient_id, type, body_part, date, hospital_name, doctor_name, findings, impression) VALUES ('IMG-1054-2', 1054, 'Ultrasonography', 'Whole Abdomen', NOW() - INTERVAL '16 days', 'Sir Salimullah Medical College Hospital', 'Dr. Nehal Begum', 'Liver shows normal size but mildly increased parenchymal echotexture, suggestive of Grade-I Fatty Liver. Gallbladder, spleen, kidneys, and urinary bladder are normal in size and shape. No calculi or focal masses seen.', 'Mild Hepatomegaly with Grade-I Fatty Change (Fatty Liver).');
INSERT INTO patient_allergies (patient_id, allergen, severity, reaction) VALUES (1054, 'Peanuts', 'High', 'Anaphylaxis and facial swelling');
INSERT INTO patient_chronic_diseases (patient_id, disease_name, status, diagnosed_date) VALUES (1054, 'Osteoarthritis', 'Active', NOW() - INTERVAL '8 years 8 months');
INSERT INTO patient_chronic_diseases (patient_id, disease_name, status, diagnosed_date) VALUES (1054, 'Type 2 Diabetes Mellitus', 'Active', NOW() - INTERVAL '10 years 9 months');
INSERT INTO patient_chronic_diseases (patient_id, disease_name, status, diagnosed_date) VALUES (1054, 'Essential Hypertension', 'Active', NOW() - INTERVAL '7 years 2 months');
INSERT INTO prescriptions (id, patient_id, date, doctor_name, doctor_specialization, hospital_name, diagnosis, clinical_notes, follow_up_date) VALUES ('PRES-1055-1', 1055, NOW() - INTERVAL '4 days', 'Dr. Puja Khan', 'Gastroenterology', 'National Institute of Cardiovascular Diseases', 'Acute Bronchitis & suspected Asthma', 'Cough with sputum, shortness of breath, and chest tightness for 5 days. Wheezing heard on auscultation. Advised avoiding cold drinks, dust, and using inhaler correctly.', 'In 10 days for review of symptoms.');
INSERT INTO prescription_medicines (prescription_id, name, dosage, instruction, duration) VALUES ('PRES-1055-1', 'Tab. Azithromycin 500mg', '1+0+0', '1 hour before food', '5 Days');
INSERT INTO prescription_medicines (prescription_id, name, dosage, instruction, duration) VALUES ('PRES-1055-1', 'Tab. Montelukast 10mg', '0+0+1', 'At night', '14 Days');
INSERT INTO prescription_medicines (prescription_id, name, dosage, instruction, duration) VALUES ('PRES-1055-1', 'Inhaler Salbutamol 100mcg', '2 Puffs', 'As needed (when short of breath)', 'As needed');
INSERT INTO lab_reports (id, patient_id, test_name, category, date, hospital_name, doctor_name, status, ai_interpretation) VALUES ('LAB-1055-1', 1055, 'Complete Blood Count (CBC)', 'Hematology', NOW() - INTERVAL '4 days', 'National Institute of Cardiovascular Diseases', 'Dr. Puja Khan', 'Completed', 'Mild leukocytosis observed, consistent with active respiratory tract infection. Eosinophil counts are slightly elevated, which could point to an allergic component (Asthma).');
INSERT INTO lab_test_results (lab_report_id, parameter, value, unit, reference_range, status) VALUES ('LAB-1055-1', 'Total WBC Count', '11.2', 'x10^9/L', '4.0 - 11.0', 'High');
INSERT INTO lab_test_results (lab_report_id, parameter, value, unit, reference_range, status) VALUES ('LAB-1055-1', 'Hemoglobin (Hb)', '14.5', 'g/dL', '13.5 - 17.5', 'Normal');
INSERT INTO lab_test_results (lab_report_id, parameter, value, unit, reference_range, status) VALUES ('LAB-1055-1', 'Eosinophils', '7', '%', '1 - 6', 'High');
INSERT INTO imaging_reports (id, patient_id, type, body_part, date, hospital_name, doctor_name, findings, impression) VALUES ('IMG-1055-1', 1055, 'X-Ray', 'Chest (P/A View)', NOW() - INTERVAL '4 days', 'National Institute of Cardiovascular Diseases', 'Dr. Puja Khan', 'Lungs are hyperinflated. Increased bronchovascular markings seen bilaterally. Both costophrenic angles are clear. Heart size and shape are normal. Bony thorax and dome of diaphragms are intact.', 'Findings are suggestive of Acute Bronchitic changes. No consolidation or pleural effusion.');
INSERT INTO patient_allergies (patient_id, allergen, severity, reaction) VALUES (1055, 'Dust Mites', 'Moderate', 'Sneezing and coughing');
INSERT INTO patient_allergies (patient_id, allergen, severity, reaction) VALUES (1055, 'Pollen', 'Low', 'Runny nose');
INSERT INTO patient_chronic_diseases (patient_id, disease_name, status, diagnosed_date) VALUES (1055, 'Bronchial Asthma', 'Controlled', NOW() - INTERVAL '9 years 5 months');
INSERT INTO prescriptions (id, patient_id, date, doctor_name, doctor_specialization, hospital_name, diagnosis, clinical_notes, follow_up_date) VALUES ('PRES-1056-1', 1056, NOW() - INTERVAL '21 days', 'Dr. Sohel Rahman', 'Gastroenterology', 'National Cancer Research Institute & Hospital', 'Acute Bronchitis & suspected Asthma', 'Cough with sputum, shortness of breath, and chest tightness for 5 days. Wheezing heard on auscultation. Advised avoiding cold drinks, dust, and using inhaler correctly.', 'In 10 days for review of symptoms.');
INSERT INTO prescription_medicines (prescription_id, name, dosage, instruction, duration) VALUES ('PRES-1056-1', 'Tab. Azithromycin 500mg', '1+0+0', '1 hour before food', '5 Days');
INSERT INTO prescription_medicines (prescription_id, name, dosage, instruction, duration) VALUES ('PRES-1056-1', 'Tab. Montelukast 10mg', '0+0+1', 'At night', '14 Days');
INSERT INTO prescription_medicines (prescription_id, name, dosage, instruction, duration) VALUES ('PRES-1056-1', 'Inhaler Salbutamol 100mcg', '2 Puffs', 'As needed (when short of breath)', 'As needed');
INSERT INTO lab_reports (id, patient_id, test_name, category, date, hospital_name, doctor_name, status, ai_interpretation) VALUES ('LAB-1056-1', 1056, 'Complete Blood Count (CBC)', 'Hematology', NOW() - INTERVAL '21 days', 'National Cancer Research Institute & Hospital', 'Dr. Sohel Rahman', 'Completed', 'Mild leukocytosis observed, consistent with active respiratory tract infection. Eosinophil counts are slightly elevated, which could point to an allergic component (Asthma).');
INSERT INTO lab_test_results (lab_report_id, parameter, value, unit, reference_range, status) VALUES ('LAB-1056-1', 'Total WBC Count', '11.2', 'x10^9/L', '4.0 - 11.0', 'High');
INSERT INTO lab_test_results (lab_report_id, parameter, value, unit, reference_range, status) VALUES ('LAB-1056-1', 'Hemoglobin (Hb)', '14.5', 'g/dL', '13.5 - 17.5', 'Normal');
INSERT INTO lab_test_results (lab_report_id, parameter, value, unit, reference_range, status) VALUES ('LAB-1056-1', 'Eosinophils', '7', '%', '1 - 6', 'High');
INSERT INTO imaging_reports (id, patient_id, type, body_part, date, hospital_name, doctor_name, findings, impression) VALUES ('IMG-1056-1', 1056, 'X-Ray', 'Chest (P/A View)', NOW() - INTERVAL '21 days', 'National Cancer Research Institute & Hospital', 'Dr. Sohel Rahman', 'Lungs are hyperinflated. Increased bronchovascular markings seen bilaterally. Both costophrenic angles are clear. Heart size and shape are normal. Bony thorax and dome of diaphragms are intact.', 'Findings are suggestive of Acute Bronchitic changes. No consolidation or pleural effusion.');
INSERT INTO prescriptions (id, patient_id, date, doctor_name, doctor_specialization, hospital_name, diagnosis, clinical_notes, follow_up_date) VALUES ('PRES-1056-2', 1056, NOW() - INTERVAL '23 days', 'Dr. Asif Ali', 'Pulmonology', 'National Cancer Research Institute & Hospital', 'Bilateral Osteoarthritis of Knee Joints', 'Pain, stiffness, and cracking sounds in both knees for the last 6 months, worse in the mornings and after sitting. Advised hot compression, avoidance of sitting on floor/squatting, and moderate knee exercises.', 'In 1 Month.');
INSERT INTO prescription_medicines (prescription_id, name, dosage, instruction, duration) VALUES ('PRES-1056-2', 'Tab. Naproxen 500mg', '1+0+1', 'After meals (only when pain is high)', '7 Days');
INSERT INTO prescription_medicines (prescription_id, name, dosage, instruction, duration) VALUES ('PRES-1056-2', 'Cap. Glucosamine + Chondroitin', '1+0+1', 'After meals', '2 Months');
INSERT INTO prescription_medicines (prescription_id, name, dosage, instruction, duration) VALUES ('PRES-1056-2', 'Tab. Omeprazole 20mg', '1+0+1', 'Before breakfast & dinner', '1 Month');
INSERT INTO lab_reports (id, patient_id, test_name, category, date, hospital_name, doctor_name, status, ai_interpretation) VALUES ('LAB-1056-2', 1056, 'Arthritis & Rheumatology Profile', 'Serology', NOW() - INTERVAL '23 days', 'National Cancer Research Institute & Hospital', 'Dr. Asif Ali', 'Completed', 'Uric acid level is slightly elevated, but Rheumatoid Factor is negative, suggesting OA rather than Gout or Rheumatoid Arthritis.');
INSERT INTO lab_test_results (lab_report_id, parameter, value, unit, reference_range, status) VALUES ('LAB-1056-2', 'Serum Uric Acid', '7.5', 'mg/dL', '3.5 - 7.2', 'High');
INSERT INTO lab_test_results (lab_report_id, parameter, value, unit, reference_range, status) VALUES ('LAB-1056-2', 'Rheumatoid Factor (RF)', '8', 'IU/mL', '< 14', 'Normal');
INSERT INTO lab_test_results (lab_report_id, parameter, value, unit, reference_range, status) VALUES ('LAB-1056-2', 'C-Reactive Protein (CRP)', '4.2', 'mg/L', '< 5.0', 'Normal');
INSERT INTO imaging_reports (id, patient_id, type, body_part, date, hospital_name, doctor_name, findings, impression) VALUES ('IMG-1056-2', 1056, 'X-Ray', 'Bilateral Knee Joints (AP & Lateral)', NOW() - INTERVAL '23 days', 'National Cancer Research Institute & Hospital', 'Dr. Asif Ali', 'Narrowing of the medial joint spaces in both knees. Subchondral sclerosis and osteophyte formation are noted along the margins of both joint surfaces. No joint effusion or fracture.', 'Radiological features of Bilateral Osteoarthritis of Knees (Grade-II).');
INSERT INTO patient_allergies (patient_id, allergen, severity, reaction) VALUES (1056, 'Dust Mites', 'Moderate', 'Sneezing and coughing');
INSERT INTO patient_allergies (patient_id, allergen, severity, reaction) VALUES (1056, 'Pollen', 'Low', 'Runny nose');
INSERT INTO patient_chronic_diseases (patient_id, disease_name, status, diagnosed_date) VALUES (1056, 'Osteoarthritis', 'Active', NOW() - INTERVAL '2 years 12 months');
INSERT INTO patient_chronic_diseases (patient_id, disease_name, status, diagnosed_date) VALUES (1056, 'Bronchial Asthma', 'Controlled', NOW() - INTERVAL '4 years 9 months');
INSERT INTO prescriptions (id, patient_id, date, doctor_name, doctor_specialization, hospital_name, diagnosis, clinical_notes, follow_up_date) VALUES ('PRES-1057-1', 1057, NOW() - INTERVAL '18 days', 'Dr. Poly Akter', 'Pulmonology', 'Ibn Sina Medical College', 'Acute Bronchitis & suspected Asthma', 'Cough with sputum, shortness of breath, and chest tightness for 5 days. Wheezing heard on auscultation. Advised avoiding cold drinks, dust, and using inhaler correctly.', 'In 10 days for review of symptoms.');
INSERT INTO prescription_medicines (prescription_id, name, dosage, instruction, duration) VALUES ('PRES-1057-1', 'Tab. Azithromycin 500mg', '1+0+0', '1 hour before food', '5 Days');
INSERT INTO prescription_medicines (prescription_id, name, dosage, instruction, duration) VALUES ('PRES-1057-1', 'Tab. Montelukast 10mg', '0+0+1', 'At night', '14 Days');
INSERT INTO prescription_medicines (prescription_id, name, dosage, instruction, duration) VALUES ('PRES-1057-1', 'Inhaler Salbutamol 100mcg', '2 Puffs', 'As needed (when short of breath)', 'As needed');
INSERT INTO lab_reports (id, patient_id, test_name, category, date, hospital_name, doctor_name, status, ai_interpretation) VALUES ('LAB-1057-1', 1057, 'Complete Blood Count (CBC)', 'Hematology', NOW() - INTERVAL '18 days', 'Ibn Sina Medical College', 'Dr. Poly Akter', 'Completed', 'Mild leukocytosis observed, consistent with active respiratory tract infection. Eosinophil counts are slightly elevated, which could point to an allergic component (Asthma).');
INSERT INTO lab_test_results (lab_report_id, parameter, value, unit, reference_range, status) VALUES ('LAB-1057-1', 'Total WBC Count', '11.2', 'x10^9/L', '4.0 - 11.0', 'High');
INSERT INTO lab_test_results (lab_report_id, parameter, value, unit, reference_range, status) VALUES ('LAB-1057-1', 'Hemoglobin (Hb)', '14.5', 'g/dL', '13.5 - 17.5', 'Normal');
INSERT INTO lab_test_results (lab_report_id, parameter, value, unit, reference_range, status) VALUES ('LAB-1057-1', 'Eosinophils', '7', '%', '1 - 6', 'High');
INSERT INTO imaging_reports (id, patient_id, type, body_part, date, hospital_name, doctor_name, findings, impression) VALUES ('IMG-1057-1', 1057, 'X-Ray', 'Chest (P/A View)', NOW() - INTERVAL '18 days', 'Ibn Sina Medical College', 'Dr. Poly Akter', 'Lungs are hyperinflated. Increased bronchovascular markings seen bilaterally. Both costophrenic angles are clear. Heart size and shape are normal. Bony thorax and dome of diaphragms are intact.', 'Findings are suggestive of Acute Bronchitic changes. No consolidation or pleural effusion.');
INSERT INTO patient_allergies (patient_id, allergen, severity, reaction) VALUES (1057, 'Dust Mites', 'Moderate', 'Sneezing and coughing');
INSERT INTO patient_allergies (patient_id, allergen, severity, reaction) VALUES (1057, 'Pollen', 'Low', 'Runny nose');
INSERT INTO patient_chronic_diseases (patient_id, disease_name, status, diagnosed_date) VALUES (1057, 'Bronchial Asthma', 'Controlled', NOW() - INTERVAL '9 years 9 months');
INSERT INTO prescriptions (id, patient_id, date, doctor_name, doctor_specialization, hospital_name, diagnosis, clinical_notes, follow_up_date) VALUES ('PRES-1058-1', 1058, NOW() - INTERVAL '17 days', 'Dr. Kohinoor Islam', 'General Surgery', 'Anwer Khan Modern Medical College Hospital', 'Bilateral Osteoarthritis of Knee Joints', 'Pain, stiffness, and cracking sounds in both knees for the last 6 months, worse in the mornings and after sitting. Advised hot compression, avoidance of sitting on floor/squatting, and moderate knee exercises.', 'In 1 Month.');
INSERT INTO prescription_medicines (prescription_id, name, dosage, instruction, duration) VALUES ('PRES-1058-1', 'Tab. Naproxen 500mg', '1+0+1', 'After meals (only when pain is high)', '7 Days');
INSERT INTO prescription_medicines (prescription_id, name, dosage, instruction, duration) VALUES ('PRES-1058-1', 'Cap. Glucosamine + Chondroitin', '1+0+1', 'After meals', '2 Months');
INSERT INTO prescription_medicines (prescription_id, name, dosage, instruction, duration) VALUES ('PRES-1058-1', 'Tab. Omeprazole 20mg', '1+0+1', 'Before breakfast & dinner', '1 Month');
INSERT INTO lab_reports (id, patient_id, test_name, category, date, hospital_name, doctor_name, status, ai_interpretation) VALUES ('LAB-1058-1', 1058, 'Arthritis & Rheumatology Profile', 'Serology', NOW() - INTERVAL '17 days', 'Anwer Khan Modern Medical College Hospital', 'Dr. Kohinoor Islam', 'Completed', 'Uric acid level is slightly elevated, but Rheumatoid Factor is negative, suggesting OA rather than Gout or Rheumatoid Arthritis.');
INSERT INTO lab_test_results (lab_report_id, parameter, value, unit, reference_range, status) VALUES ('LAB-1058-1', 'Serum Uric Acid', '7.5', 'mg/dL', '3.5 - 7.2', 'High');
INSERT INTO lab_test_results (lab_report_id, parameter, value, unit, reference_range, status) VALUES ('LAB-1058-1', 'Rheumatoid Factor (RF)', '8', 'IU/mL', '< 14', 'Normal');
INSERT INTO lab_test_results (lab_report_id, parameter, value, unit, reference_range, status) VALUES ('LAB-1058-1', 'C-Reactive Protein (CRP)', '4.2', 'mg/L', '< 5.0', 'Normal');
INSERT INTO imaging_reports (id, patient_id, type, body_part, date, hospital_name, doctor_name, findings, impression) VALUES ('IMG-1058-1', 1058, 'X-Ray', 'Bilateral Knee Joints (AP & Lateral)', NOW() - INTERVAL '17 days', 'Anwer Khan Modern Medical College Hospital', 'Dr. Kohinoor Islam', 'Narrowing of the medial joint spaces in both knees. Subchondral sclerosis and osteophyte formation are noted along the margins of both joint surfaces. No joint effusion or fracture.', 'Radiological features of Bilateral Osteoarthritis of Knees (Grade-II).');
INSERT INTO patient_chronic_diseases (patient_id, disease_name, status, diagnosed_date) VALUES (1058, 'Osteoarthritis', 'Active', NOW() - INTERVAL '5 years 10 months');
INSERT INTO prescriptions (id, patient_id, date, doctor_name, doctor_specialization, hospital_name, diagnosis, clinical_notes, follow_up_date) VALUES ('PRES-1059-1', 1059, NOW() - INTERVAL '30 days', 'Dr. Rashed Begum', 'General Medicine', 'Dhaka Shishu Hospital', 'Bilateral Osteoarthritis of Knee Joints', 'Pain, stiffness, and cracking sounds in both knees for the last 6 months, worse in the mornings and after sitting. Advised hot compression, avoidance of sitting on floor/squatting, and moderate knee exercises.', 'In 1 Month.');
INSERT INTO prescription_medicines (prescription_id, name, dosage, instruction, duration) VALUES ('PRES-1059-1', 'Tab. Naproxen 500mg', '1+0+1', 'After meals (only when pain is high)', '7 Days');
INSERT INTO prescription_medicines (prescription_id, name, dosage, instruction, duration) VALUES ('PRES-1059-1', 'Cap. Glucosamine + Chondroitin', '1+0+1', 'After meals', '2 Months');
INSERT INTO prescription_medicines (prescription_id, name, dosage, instruction, duration) VALUES ('PRES-1059-1', 'Tab. Omeprazole 20mg', '1+0+1', 'Before breakfast & dinner', '1 Month');
INSERT INTO lab_reports (id, patient_id, test_name, category, date, hospital_name, doctor_name, status, ai_interpretation) VALUES ('LAB-1059-1', 1059, 'Arthritis & Rheumatology Profile', 'Serology', NOW() - INTERVAL '30 days', 'Dhaka Shishu Hospital', 'Dr. Rashed Begum', 'Completed', 'Uric acid level is slightly elevated, but Rheumatoid Factor is negative, suggesting OA rather than Gout or Rheumatoid Arthritis.');
INSERT INTO lab_test_results (lab_report_id, parameter, value, unit, reference_range, status) VALUES ('LAB-1059-1', 'Serum Uric Acid', '7.5', 'mg/dL', '3.5 - 7.2', 'High');
INSERT INTO lab_test_results (lab_report_id, parameter, value, unit, reference_range, status) VALUES ('LAB-1059-1', 'Rheumatoid Factor (RF)', '8', 'IU/mL', '< 14', 'Normal');
INSERT INTO lab_test_results (lab_report_id, parameter, value, unit, reference_range, status) VALUES ('LAB-1059-1', 'C-Reactive Protein (CRP)', '4.2', 'mg/L', '< 5.0', 'Normal');
INSERT INTO imaging_reports (id, patient_id, type, body_part, date, hospital_name, doctor_name, findings, impression) VALUES ('IMG-1059-1', 1059, 'X-Ray', 'Bilateral Knee Joints (AP & Lateral)', NOW() - INTERVAL '30 days', 'Dhaka Shishu Hospital', 'Dr. Rashed Begum', 'Narrowing of the medial joint spaces in both knees. Subchondral sclerosis and osteophyte formation are noted along the margins of both joint surfaces. No joint effusion or fracture.', 'Radiological features of Bilateral Osteoarthritis of Knees (Grade-II).');
INSERT INTO prescriptions (id, patient_id, date, doctor_name, doctor_specialization, hospital_name, diagnosis, clinical_notes, follow_up_date) VALUES ('PRES-1059-2', 1059, NOW() - INTERVAL '20 days', 'Dr. Sadia Begum', 'Urology', 'National Medical Center', 'Gastroesophageal Reflux Disease (GERD)', 'Complains of burning sensation in the chest (heartburn), sour taste in the mouth, and upper abdominal pain after meals. Recommended avoiding spicy foods, sleeping with head elevated, and not lying down immediately after eating.', 'In 2 weeks.');
INSERT INTO prescription_medicines (prescription_id, name, dosage, instruction, duration) VALUES ('PRES-1059-2', 'Cap. Esomeprazole 20mg', '1+0+1', '30 minutes before breakfast & dinner', '1 Month');
INSERT INTO prescription_medicines (prescription_id, name, dosage, instruction, duration) VALUES ('PRES-1059-2', 'Tab. Domperidone 10mg', '1+1+1', '15 minutes before meals', '10 Days');
INSERT INTO prescription_medicines (prescription_id, name, dosage, instruction, duration) VALUES ('PRES-1059-2', 'Syr. Antacid', '2 spoonful', '1 hour after meals', '7 Days');
INSERT INTO lab_reports (id, patient_id, test_name, category, date, hospital_name, doctor_name, status, ai_interpretation) VALUES ('LAB-1059-2', 1059, 'H. Pylori Screening Panel', 'Serology', NOW() - INTERVAL '20 days', 'National Medical Center', 'Dr. Sadia Begum', 'Completed', 'H. Pylori antigen test is negative. Upper GI symptoms are likely due to lifestyle/acid reflux rather than active bacterial infection.');
INSERT INTO lab_test_results (lab_report_id, parameter, value, unit, reference_range, status) VALUES ('LAB-1059-2', 'H. Pylori Ag (Stool)', 'Negative', 'N/A', 'Negative', 'Normal');
INSERT INTO imaging_reports (id, patient_id, type, body_part, date, hospital_name, doctor_name, findings, impression) VALUES ('IMG-1059-2', 1059, 'Ultrasonography', 'Hepatobiliary System (HBS)', NOW() - INTERVAL '20 days', 'National Medical Center', 'Dr. Sadia Begum', 'Gallbladder is distended with normal wall thickness. No gallstones or sludge seen. Common bile duct and intrahepatic biliary channels are normal. Pancreas and spleen are normal.', 'Normal HBS scan. No gallstones detected.');
INSERT INTO patient_chronic_diseases (patient_id, disease_name, status, diagnosed_date) VALUES (1059, 'Osteoarthritis', 'Active', NOW() - INTERVAL '6 years 9 months');
INSERT INTO patient_chronic_diseases (patient_id, disease_name, status, diagnosed_date) VALUES (1059, 'Allergic Rhinitis', 'Controlled', NOW() - INTERVAL '5 years 1 months');
INSERT INTO patient_chronic_diseases (patient_id, disease_name, status, diagnosed_date) VALUES (1059, 'Gastroesophageal Reflux Disease (GERD)', 'Active', NOW() - INTERVAL '2 years 4 months');
INSERT INTO prescriptions (id, patient_id, date, doctor_name, doctor_specialization, hospital_name, diagnosis, clinical_notes, follow_up_date) VALUES ('PRES-1060-1', 1060, NOW() - INTERVAL '24 days', 'Dr. Sana Ahmed', 'ENT', 'Square Hospitals Ltd.', 'Gastroesophageal Reflux Disease (GERD)', 'Complains of burning sensation in the chest (heartburn), sour taste in the mouth, and upper abdominal pain after meals. Recommended avoiding spicy foods, sleeping with head elevated, and not lying down immediately after eating.', 'In 2 weeks.');
INSERT INTO prescription_medicines (prescription_id, name, dosage, instruction, duration) VALUES ('PRES-1060-1', 'Cap. Esomeprazole 20mg', '1+0+1', '30 minutes before breakfast & dinner', '1 Month');
INSERT INTO prescription_medicines (prescription_id, name, dosage, instruction, duration) VALUES ('PRES-1060-1', 'Tab. Domperidone 10mg', '1+1+1', '15 minutes before meals', '10 Days');
INSERT INTO prescription_medicines (prescription_id, name, dosage, instruction, duration) VALUES ('PRES-1060-1', 'Syr. Antacid', '2 spoonful', '1 hour after meals', '7 Days');
INSERT INTO lab_reports (id, patient_id, test_name, category, date, hospital_name, doctor_name, status, ai_interpretation) VALUES ('LAB-1060-1', 1060, 'H. Pylori Screening Panel', 'Serology', NOW() - INTERVAL '24 days', 'Square Hospitals Ltd.', 'Dr. Sana Ahmed', 'Completed', 'H. Pylori antigen test is negative. Upper GI symptoms are likely due to lifestyle/acid reflux rather than active bacterial infection.');
INSERT INTO lab_test_results (lab_report_id, parameter, value, unit, reference_range, status) VALUES ('LAB-1060-1', 'H. Pylori Ag (Stool)', 'Negative', 'N/A', 'Negative', 'Normal');
INSERT INTO imaging_reports (id, patient_id, type, body_part, date, hospital_name, doctor_name, findings, impression) VALUES ('IMG-1060-1', 1060, 'Ultrasonography', 'Hepatobiliary System (HBS)', NOW() - INTERVAL '24 days', 'Square Hospitals Ltd.', 'Dr. Sana Ahmed', 'Gallbladder is distended with normal wall thickness. No gallstones or sludge seen. Common bile duct and intrahepatic biliary channels are normal. Pancreas and spleen are normal.', 'Normal HBS scan. No gallstones detected.');
INSERT INTO patient_chronic_diseases (patient_id, disease_name, status, diagnosed_date) VALUES (1060, 'Gastroesophageal Reflux Disease (GERD)', 'Active', NOW() - INTERVAL '1 years 4 months');
INSERT INTO prescriptions (id, patient_id, date, doctor_name, doctor_specialization, hospital_name, diagnosis, clinical_notes, follow_up_date) VALUES ('PRES-1061-1', 1061, NOW() - INTERVAL '28 days', 'Dr. Mahbub Islam', 'Gastroenterology', 'Dhaka Medical College Hospital', 'Type 2 Diabetes Mellitus & Essential Hypertension', 'Patient presents with generalized weakness and occasional dizziness. Blood pressure and fasting blood glucose are elevated. Recommended strict dietary control, low salt, regular walking, and compliance with medications.', 'In 3 months with fasting blood sugar and lipid profile reports.');
INSERT INTO prescription_medicines (prescription_id, name, dosage, instruction, duration) VALUES ('PRES-1061-1', 'Tab. Metformin HCl 500mg', '1+0+1', 'After meals', '3 Months');
INSERT INTO prescription_medicines (prescription_id, name, dosage, instruction, duration) VALUES ('PRES-1061-1', 'Tab. Amlodipine 5mg', '0+0+1', 'At night before sleeping', '1 Month');
INSERT INTO prescription_medicines (prescription_id, name, dosage, instruction, duration) VALUES ('PRES-1061-1', 'Tab. Atorvastatin 10mg', '0+0+1', 'At night after dinner', '2 Months');
INSERT INTO lab_reports (id, patient_id, test_name, category, date, hospital_name, doctor_name, status, ai_interpretation) VALUES ('LAB-1061-1', 1061, 'Diabetes and Kidney Function Panel', 'Biochemistry', NOW() - INTERVAL '28 days', 'Dhaka Medical College Hospital', 'Dr. Mahbub Islam', 'Completed', 'Fasting Blood Glucose is high, indicating suboptimal glycemic control. Renal function (Creatinine) is normal. HbA1c should be monitored next visit.');
INSERT INTO lab_test_results (lab_report_id, parameter, value, unit, reference_range, status) VALUES ('LAB-1061-1', 'Fasting Blood Sugar (FBS)', '142', 'mg/dL', '70 - 100', 'High');
INSERT INTO lab_test_results (lab_report_id, parameter, value, unit, reference_range, status) VALUES ('LAB-1061-1', 'Serum Creatinine', '0.9', 'mg/dL', '0.6 - 1.2', 'Normal');
INSERT INTO lab_test_results (lab_report_id, parameter, value, unit, reference_range, status) VALUES ('LAB-1061-1', 'Blood Urea Nitrogen (BUN)', '14', 'mg/dL', '7 - 20', 'Normal');
INSERT INTO imaging_reports (id, patient_id, type, body_part, date, hospital_name, doctor_name, findings, impression) VALUES ('IMG-1061-1', 1061, 'Ultrasonography', 'Whole Abdomen', NOW() - INTERVAL '28 days', 'Dhaka Medical College Hospital', 'Dr. Mahbub Islam', 'Liver shows normal size but mildly increased parenchymal echotexture, suggestive of Grade-I Fatty Liver. Gallbladder, spleen, kidneys, and urinary bladder are normal in size and shape. No calculi or focal masses seen.', 'Mild Hepatomegaly with Grade-I Fatty Change (Fatty Liver).');
INSERT INTO prescriptions (id, patient_id, date, doctor_name, doctor_specialization, hospital_name, diagnosis, clinical_notes, follow_up_date) VALUES ('PRES-1061-2', 1061, NOW() - INTERVAL '5 days', 'Dr. Mahbub Akter', 'Gastroenterology', 'Square Hospitals Ltd.', 'Bilateral Osteoarthritis of Knee Joints', 'Pain, stiffness, and cracking sounds in both knees for the last 6 months, worse in the mornings and after sitting. Advised hot compression, avoidance of sitting on floor/squatting, and moderate knee exercises.', 'In 1 Month.');
INSERT INTO prescription_medicines (prescription_id, name, dosage, instruction, duration) VALUES ('PRES-1061-2', 'Tab. Naproxen 500mg', '1+0+1', 'After meals (only when pain is high)', '7 Days');
INSERT INTO prescription_medicines (prescription_id, name, dosage, instruction, duration) VALUES ('PRES-1061-2', 'Cap. Glucosamine + Chondroitin', '1+0+1', 'After meals', '2 Months');
INSERT INTO prescription_medicines (prescription_id, name, dosage, instruction, duration) VALUES ('PRES-1061-2', 'Tab. Omeprazole 20mg', '1+0+1', 'Before breakfast & dinner', '1 Month');
INSERT INTO lab_reports (id, patient_id, test_name, category, date, hospital_name, doctor_name, status, ai_interpretation) VALUES ('LAB-1061-2', 1061, 'Arthritis & Rheumatology Profile', 'Serology', NOW() - INTERVAL '5 days', 'Square Hospitals Ltd.', 'Dr. Mahbub Akter', 'Completed', 'Uric acid level is slightly elevated, but Rheumatoid Factor is negative, suggesting OA rather than Gout or Rheumatoid Arthritis.');
INSERT INTO lab_test_results (lab_report_id, parameter, value, unit, reference_range, status) VALUES ('LAB-1061-2', 'Serum Uric Acid', '7.5', 'mg/dL', '3.5 - 7.2', 'High');
INSERT INTO lab_test_results (lab_report_id, parameter, value, unit, reference_range, status) VALUES ('LAB-1061-2', 'Rheumatoid Factor (RF)', '8', 'IU/mL', '< 14', 'Normal');
INSERT INTO lab_test_results (lab_report_id, parameter, value, unit, reference_range, status) VALUES ('LAB-1061-2', 'C-Reactive Protein (CRP)', '4.2', 'mg/L', '< 5.0', 'Normal');
INSERT INTO imaging_reports (id, patient_id, type, body_part, date, hospital_name, doctor_name, findings, impression) VALUES ('IMG-1061-2', 1061, 'X-Ray', 'Bilateral Knee Joints (AP & Lateral)', NOW() - INTERVAL '5 days', 'Square Hospitals Ltd.', 'Dr. Mahbub Akter', 'Narrowing of the medial joint spaces in both knees. Subchondral sclerosis and osteophyte formation are noted along the margins of both joint surfaces. No joint effusion or fracture.', 'Radiological features of Bilateral Osteoarthritis of Knees (Grade-II).');
INSERT INTO patient_chronic_diseases (patient_id, disease_name, status, diagnosed_date) VALUES (1061, 'Osteoarthritis', 'Active', NOW() - INTERVAL '5 years 11 months');
INSERT INTO patient_chronic_diseases (patient_id, disease_name, status, diagnosed_date) VALUES (1061, 'Type 2 Diabetes Mellitus', 'Active', NOW() - INTERVAL '8 years 2 months');
INSERT INTO patient_chronic_diseases (patient_id, disease_name, status, diagnosed_date) VALUES (1061, 'Essential Hypertension', 'Active', NOW() - INTERVAL '4 years 5 months');
INSERT INTO prescriptions (id, patient_id, date, doctor_name, doctor_specialization, hospital_name, diagnosis, clinical_notes, follow_up_date) VALUES ('PRES-1062-1', 1062, NOW() - INTERVAL '19 days', 'Dr. Sani Begum', 'Dermatology', 'Chittagong Medical College', 'Gastroesophageal Reflux Disease (GERD)', 'Complains of burning sensation in the chest (heartburn), sour taste in the mouth, and upper abdominal pain after meals. Recommended avoiding spicy foods, sleeping with head elevated, and not lying down immediately after eating.', 'In 2 weeks.');
INSERT INTO prescription_medicines (prescription_id, name, dosage, instruction, duration) VALUES ('PRES-1062-1', 'Cap. Esomeprazole 20mg', '1+0+1', '30 minutes before breakfast & dinner', '1 Month');
INSERT INTO prescription_medicines (prescription_id, name, dosage, instruction, duration) VALUES ('PRES-1062-1', 'Tab. Domperidone 10mg', '1+1+1', '15 minutes before meals', '10 Days');
INSERT INTO prescription_medicines (prescription_id, name, dosage, instruction, duration) VALUES ('PRES-1062-1', 'Syr. Antacid', '2 spoonful', '1 hour after meals', '7 Days');
INSERT INTO lab_reports (id, patient_id, test_name, category, date, hospital_name, doctor_name, status, ai_interpretation) VALUES ('LAB-1062-1', 1062, 'H. Pylori Screening Panel', 'Serology', NOW() - INTERVAL '19 days', 'Chittagong Medical College', 'Dr. Sani Begum', 'Completed', 'H. Pylori antigen test is negative. Upper GI symptoms are likely due to lifestyle/acid reflux rather than active bacterial infection.');
INSERT INTO lab_test_results (lab_report_id, parameter, value, unit, reference_range, status) VALUES ('LAB-1062-1', 'H. Pylori Ag (Stool)', 'Negative', 'N/A', 'Negative', 'Normal');
INSERT INTO imaging_reports (id, patient_id, type, body_part, date, hospital_name, doctor_name, findings, impression) VALUES ('IMG-1062-1', 1062, 'Ultrasonography', 'Hepatobiliary System (HBS)', NOW() - INTERVAL '19 days', 'Chittagong Medical College', 'Dr. Sani Begum', 'Gallbladder is distended with normal wall thickness. No gallstones or sludge seen. Common bile duct and intrahepatic biliary channels are normal. Pancreas and spleen are normal.', 'Normal HBS scan. No gallstones detected.');
INSERT INTO patient_allergies (patient_id, allergen, severity, reaction) VALUES (1062, 'Dairy Products', 'Moderate', 'Abdominal cramps and diarrhea');
INSERT INTO patient_chronic_diseases (patient_id, disease_name, status, diagnosed_date) VALUES (1062, 'Gastroesophageal Reflux Disease (GERD)', 'Active', NOW() - INTERVAL '5 years 10 months');
INSERT INTO prescriptions (id, patient_id, date, doctor_name, doctor_specialization, hospital_name, diagnosis, clinical_notes, follow_up_date) VALUES ('PRES-1063-1', 1063, NOW() - INTERVAL '30 days', 'Dr. Sani Chowdhury', 'Dermatology', 'Dhaka Medical College Hospital', 'Gastroesophageal Reflux Disease (GERD)', 'Complains of burning sensation in the chest (heartburn), sour taste in the mouth, and upper abdominal pain after meals. Recommended avoiding spicy foods, sleeping with head elevated, and not lying down immediately after eating.', 'In 2 weeks.');
INSERT INTO prescription_medicines (prescription_id, name, dosage, instruction, duration) VALUES ('PRES-1063-1', 'Cap. Esomeprazole 20mg', '1+0+1', '30 minutes before breakfast & dinner', '1 Month');
INSERT INTO prescription_medicines (prescription_id, name, dosage, instruction, duration) VALUES ('PRES-1063-1', 'Tab. Domperidone 10mg', '1+1+1', '15 minutes before meals', '10 Days');
INSERT INTO prescription_medicines (prescription_id, name, dosage, instruction, duration) VALUES ('PRES-1063-1', 'Syr. Antacid', '2 spoonful', '1 hour after meals', '7 Days');
INSERT INTO lab_reports (id, patient_id, test_name, category, date, hospital_name, doctor_name, status, ai_interpretation) VALUES ('LAB-1063-1', 1063, 'H. Pylori Screening Panel', 'Serology', NOW() - INTERVAL '30 days', 'Dhaka Medical College Hospital', 'Dr. Sani Chowdhury', 'Completed', 'H. Pylori antigen test is negative. Upper GI symptoms are likely due to lifestyle/acid reflux rather than active bacterial infection.');
INSERT INTO lab_test_results (lab_report_id, parameter, value, unit, reference_range, status) VALUES ('LAB-1063-1', 'H. Pylori Ag (Stool)', 'Negative', 'N/A', 'Negative', 'Normal');
INSERT INTO imaging_reports (id, patient_id, type, body_part, date, hospital_name, doctor_name, findings, impression) VALUES ('IMG-1063-1', 1063, 'Ultrasonography', 'Hepatobiliary System (HBS)', NOW() - INTERVAL '30 days', 'Dhaka Medical College Hospital', 'Dr. Sani Chowdhury', 'Gallbladder is distended with normal wall thickness. No gallstones or sludge seen. Common bile duct and intrahepatic biliary channels are normal. Pancreas and spleen are normal.', 'Normal HBS scan. No gallstones detected.');
INSERT INTO prescriptions (id, patient_id, date, doctor_name, doctor_specialization, hospital_name, diagnosis, clinical_notes, follow_up_date) VALUES ('PRES-1063-2', 1063, NOW() - INTERVAL '19 days', 'Dr. Sadia Siddique', 'Endocrinology & Diabetology', 'Delta Hospital', 'Bilateral Osteoarthritis of Knee Joints', 'Pain, stiffness, and cracking sounds in both knees for the last 6 months, worse in the mornings and after sitting. Advised hot compression, avoidance of sitting on floor/squatting, and moderate knee exercises.', 'In 1 Month.');
INSERT INTO prescription_medicines (prescription_id, name, dosage, instruction, duration) VALUES ('PRES-1063-2', 'Tab. Naproxen 500mg', '1+0+1', 'After meals (only when pain is high)', '7 Days');
INSERT INTO prescription_medicines (prescription_id, name, dosage, instruction, duration) VALUES ('PRES-1063-2', 'Cap. Glucosamine + Chondroitin', '1+0+1', 'After meals', '2 Months');
INSERT INTO prescription_medicines (prescription_id, name, dosage, instruction, duration) VALUES ('PRES-1063-2', 'Tab. Omeprazole 20mg', '1+0+1', 'Before breakfast & dinner', '1 Month');
INSERT INTO lab_reports (id, patient_id, test_name, category, date, hospital_name, doctor_name, status, ai_interpretation) VALUES ('LAB-1063-2', 1063, 'Arthritis & Rheumatology Profile', 'Serology', NOW() - INTERVAL '19 days', 'Delta Hospital', 'Dr. Sadia Siddique', 'Completed', 'Uric acid level is slightly elevated, but Rheumatoid Factor is negative, suggesting OA rather than Gout or Rheumatoid Arthritis.');
INSERT INTO lab_test_results (lab_report_id, parameter, value, unit, reference_range, status) VALUES ('LAB-1063-2', 'Serum Uric Acid', '7.5', 'mg/dL', '3.5 - 7.2', 'High');
INSERT INTO lab_test_results (lab_report_id, parameter, value, unit, reference_range, status) VALUES ('LAB-1063-2', 'Rheumatoid Factor (RF)', '8', 'IU/mL', '< 14', 'Normal');
INSERT INTO lab_test_results (lab_report_id, parameter, value, unit, reference_range, status) VALUES ('LAB-1063-2', 'C-Reactive Protein (CRP)', '4.2', 'mg/L', '< 5.0', 'Normal');
INSERT INTO imaging_reports (id, patient_id, type, body_part, date, hospital_name, doctor_name, findings, impression) VALUES ('IMG-1063-2', 1063, 'X-Ray', 'Bilateral Knee Joints (AP & Lateral)', NOW() - INTERVAL '19 days', 'Delta Hospital', 'Dr. Sadia Siddique', 'Narrowing of the medial joint spaces in both knees. Subchondral sclerosis and osteophyte formation are noted along the margins of both joint surfaces. No joint effusion or fracture.', 'Radiological features of Bilateral Osteoarthritis of Knees (Grade-II).');
INSERT INTO patient_chronic_diseases (patient_id, disease_name, status, diagnosed_date) VALUES (1063, 'Osteoarthritis', 'Active', NOW() - INTERVAL '4 years 2 months');
INSERT INTO patient_chronic_diseases (patient_id, disease_name, status, diagnosed_date) VALUES (1063, 'Gastroesophageal Reflux Disease (GERD)', 'Active', NOW() - INTERVAL '10 years 10 months');
INSERT INTO patient_chronic_diseases (patient_id, disease_name, status, diagnosed_date) VALUES (1063, 'Migraine', 'Active', NOW() - INTERVAL '2 years 9 months');
INSERT INTO prescriptions (id, patient_id, date, doctor_name, doctor_specialization, hospital_name, diagnosis, clinical_notes, follow_up_date) VALUES ('PRES-1064-1', 1064, NOW() - INTERVAL '26 days', 'Dr. Simin Siddique', 'Urology', 'Kurmitola General Hospital', 'Acute Bronchitis & suspected Asthma', 'Cough with sputum, shortness of breath, and chest tightness for 5 days. Wheezing heard on auscultation. Advised avoiding cold drinks, dust, and using inhaler correctly.', 'In 10 days for review of symptoms.');
INSERT INTO prescription_medicines (prescription_id, name, dosage, instruction, duration) VALUES ('PRES-1064-1', 'Tab. Azithromycin 500mg', '1+0+0', '1 hour before food', '5 Days');
INSERT INTO prescription_medicines (prescription_id, name, dosage, instruction, duration) VALUES ('PRES-1064-1', 'Tab. Montelukast 10mg', '0+0+1', 'At night', '14 Days');
INSERT INTO prescription_medicines (prescription_id, name, dosage, instruction, duration) VALUES ('PRES-1064-1', 'Inhaler Salbutamol 100mcg', '2 Puffs', 'As needed (when short of breath)', 'As needed');
INSERT INTO lab_reports (id, patient_id, test_name, category, date, hospital_name, doctor_name, status, ai_interpretation) VALUES ('LAB-1064-1', 1064, 'Complete Blood Count (CBC)', 'Hematology', NOW() - INTERVAL '26 days', 'Kurmitola General Hospital', 'Dr. Simin Siddique', 'Completed', 'Mild leukocytosis observed, consistent with active respiratory tract infection. Eosinophil counts are slightly elevated, which could point to an allergic component (Asthma).');
INSERT INTO lab_test_results (lab_report_id, parameter, value, unit, reference_range, status) VALUES ('LAB-1064-1', 'Total WBC Count', '11.2', 'x10^9/L', '4.0 - 11.0', 'High');
INSERT INTO lab_test_results (lab_report_id, parameter, value, unit, reference_range, status) VALUES ('LAB-1064-1', 'Hemoglobin (Hb)', '14.5', 'g/dL', '13.5 - 17.5', 'Normal');
INSERT INTO lab_test_results (lab_report_id, parameter, value, unit, reference_range, status) VALUES ('LAB-1064-1', 'Eosinophils', '7', '%', '1 - 6', 'High');
INSERT INTO imaging_reports (id, patient_id, type, body_part, date, hospital_name, doctor_name, findings, impression) VALUES ('IMG-1064-1', 1064, 'X-Ray', 'Chest (P/A View)', NOW() - INTERVAL '26 days', 'Kurmitola General Hospital', 'Dr. Simin Siddique', 'Lungs are hyperinflated. Increased bronchovascular markings seen bilaterally. Both costophrenic angles are clear. Heart size and shape are normal. Bony thorax and dome of diaphragms are intact.', 'Findings are suggestive of Acute Bronchitic changes. No consolidation or pleural effusion.');
INSERT INTO patient_allergies (patient_id, allergen, severity, reaction) VALUES (1064, 'Dust Mites', 'Moderate', 'Sneezing and coughing');
INSERT INTO patient_allergies (patient_id, allergen, severity, reaction) VALUES (1064, 'Pollen', 'Low', 'Runny nose');
INSERT INTO patient_allergies (patient_id, allergen, severity, reaction) VALUES (1064, 'Peanuts', 'High', 'Anaphylaxis and facial swelling');
INSERT INTO patient_chronic_diseases (patient_id, disease_name, status, diagnosed_date) VALUES (1064, 'Chronic Low Back Pain', 'Active', NOW() - INTERVAL '4 years 11 months');
INSERT INTO patient_chronic_diseases (patient_id, disease_name, status, diagnosed_date) VALUES (1064, 'Bronchial Asthma', 'Controlled', NOW() - INTERVAL '1 years 7 months');
INSERT INTO prescriptions (id, patient_id, date, doctor_name, doctor_specialization, hospital_name, diagnosis, clinical_notes, follow_up_date) VALUES ('PRES-1065-1', 1065, NOW() - INTERVAL '7 days', 'Dr. Sadia Begum', 'Urology', 'National Medical Center', 'Bilateral Osteoarthritis of Knee Joints', 'Pain, stiffness, and cracking sounds in both knees for the last 6 months, worse in the mornings and after sitting. Advised hot compression, avoidance of sitting on floor/squatting, and moderate knee exercises.', 'In 1 Month.');
INSERT INTO prescription_medicines (prescription_id, name, dosage, instruction, duration) VALUES ('PRES-1065-1', 'Tab. Naproxen 500mg', '1+0+1', 'After meals (only when pain is high)', '7 Days');
INSERT INTO prescription_medicines (prescription_id, name, dosage, instruction, duration) VALUES ('PRES-1065-1', 'Cap. Glucosamine + Chondroitin', '1+0+1', 'After meals', '2 Months');
INSERT INTO prescription_medicines (prescription_id, name, dosage, instruction, duration) VALUES ('PRES-1065-1', 'Tab. Omeprazole 20mg', '1+0+1', 'Before breakfast & dinner', '1 Month');
INSERT INTO lab_reports (id, patient_id, test_name, category, date, hospital_name, doctor_name, status, ai_interpretation) VALUES ('LAB-1065-1', 1065, 'Arthritis & Rheumatology Profile', 'Serology', NOW() - INTERVAL '7 days', 'National Medical Center', 'Dr. Sadia Begum', 'Completed', 'Uric acid level is slightly elevated, but Rheumatoid Factor is negative, suggesting OA rather than Gout or Rheumatoid Arthritis.');
INSERT INTO lab_test_results (lab_report_id, parameter, value, unit, reference_range, status) VALUES ('LAB-1065-1', 'Serum Uric Acid', '7.5', 'mg/dL', '3.5 - 7.2', 'High');
INSERT INTO lab_test_results (lab_report_id, parameter, value, unit, reference_range, status) VALUES ('LAB-1065-1', 'Rheumatoid Factor (RF)', '8', 'IU/mL', '< 14', 'Normal');
INSERT INTO lab_test_results (lab_report_id, parameter, value, unit, reference_range, status) VALUES ('LAB-1065-1', 'C-Reactive Protein (CRP)', '4.2', 'mg/L', '< 5.0', 'Normal');
INSERT INTO imaging_reports (id, patient_id, type, body_part, date, hospital_name, doctor_name, findings, impression) VALUES ('IMG-1065-1', 1065, 'X-Ray', 'Bilateral Knee Joints (AP & Lateral)', NOW() - INTERVAL '7 days', 'National Medical Center', 'Dr. Sadia Begum', 'Narrowing of the medial joint spaces in both knees. Subchondral sclerosis and osteophyte formation are noted along the margins of both joint surfaces. No joint effusion or fracture.', 'Radiological features of Bilateral Osteoarthritis of Knees (Grade-II).');
INSERT INTO patient_allergies (patient_id, allergen, severity, reaction) VALUES (1065, 'Dairy Products', 'Moderate', 'Abdominal cramps and diarrhea');
INSERT INTO patient_chronic_diseases (patient_id, disease_name, status, diagnosed_date) VALUES (1065, 'Osteoarthritis', 'Active', NOW() - INTERVAL '2 years 7 months');
INSERT INTO patient_chronic_diseases (patient_id, disease_name, status, diagnosed_date) VALUES (1065, 'Hyperlipidemia', 'Active', NOW() - INTERVAL '4 years 5 months');
INSERT INTO prescriptions (id, patient_id, date, doctor_name, doctor_specialization, hospital_name, diagnosis, clinical_notes, follow_up_date) VALUES ('PRES-1066-1', 1066, NOW() - INTERVAL '1 days', 'Dr. Sarah Siddique', 'Orthopedics', 'North West Medical College & Hospital', 'Acute Bronchitis & suspected Asthma', 'Cough with sputum, shortness of breath, and chest tightness for 5 days. Wheezing heard on auscultation. Advised avoiding cold drinks, dust, and using inhaler correctly.', 'In 10 days for review of symptoms.');
INSERT INTO prescription_medicines (prescription_id, name, dosage, instruction, duration) VALUES ('PRES-1066-1', 'Tab. Azithromycin 500mg', '1+0+0', '1 hour before food', '5 Days');
INSERT INTO prescription_medicines (prescription_id, name, dosage, instruction, duration) VALUES ('PRES-1066-1', 'Tab. Montelukast 10mg', '0+0+1', 'At night', '14 Days');
INSERT INTO prescription_medicines (prescription_id, name, dosage, instruction, duration) VALUES ('PRES-1066-1', 'Inhaler Salbutamol 100mcg', '2 Puffs', 'As needed (when short of breath)', 'As needed');
INSERT INTO lab_reports (id, patient_id, test_name, category, date, hospital_name, doctor_name, status, ai_interpretation) VALUES ('LAB-1066-1', 1066, 'Complete Blood Count (CBC)', 'Hematology', NOW() - INTERVAL '1 days', 'North West Medical College & Hospital', 'Dr. Sarah Siddique', 'Completed', 'Mild leukocytosis observed, consistent with active respiratory tract infection. Eosinophil counts are slightly elevated, which could point to an allergic component (Asthma).');
INSERT INTO lab_test_results (lab_report_id, parameter, value, unit, reference_range, status) VALUES ('LAB-1066-1', 'Total WBC Count', '11.2', 'x10^9/L', '4.0 - 11.0', 'High');
INSERT INTO lab_test_results (lab_report_id, parameter, value, unit, reference_range, status) VALUES ('LAB-1066-1', 'Hemoglobin (Hb)', '14.5', 'g/dL', '13.5 - 17.5', 'Normal');
INSERT INTO lab_test_results (lab_report_id, parameter, value, unit, reference_range, status) VALUES ('LAB-1066-1', 'Eosinophils', '7', '%', '1 - 6', 'High');
INSERT INTO imaging_reports (id, patient_id, type, body_part, date, hospital_name, doctor_name, findings, impression) VALUES ('IMG-1066-1', 1066, 'X-Ray', 'Chest (P/A View)', NOW() - INTERVAL '1 days', 'North West Medical College & Hospital', 'Dr. Sarah Siddique', 'Lungs are hyperinflated. Increased bronchovascular markings seen bilaterally. Both costophrenic angles are clear. Heart size and shape are normal. Bony thorax and dome of diaphragms are intact.', 'Findings are suggestive of Acute Bronchitic changes. No consolidation or pleural effusion.');
INSERT INTO prescriptions (id, patient_id, date, doctor_name, doctor_specialization, hospital_name, diagnosis, clinical_notes, follow_up_date) VALUES ('PRES-1066-2', 1066, NOW() - INTERVAL '25 days', 'Dr. Sohel Rahman', 'Gastroenterology', 'National Cancer Research Institute & Hospital', 'Type 2 Diabetes Mellitus & Essential Hypertension', 'Patient presents with generalized weakness and occasional dizziness. Blood pressure and fasting blood glucose are elevated. Recommended strict dietary control, low salt, regular walking, and compliance with medications.', 'In 3 months with fasting blood sugar and lipid profile reports.');
INSERT INTO prescription_medicines (prescription_id, name, dosage, instruction, duration) VALUES ('PRES-1066-2', 'Tab. Metformin HCl 500mg', '1+0+1', 'After meals', '3 Months');
INSERT INTO prescription_medicines (prescription_id, name, dosage, instruction, duration) VALUES ('PRES-1066-2', 'Tab. Amlodipine 5mg', '0+0+1', 'At night before sleeping', '1 Month');
INSERT INTO prescription_medicines (prescription_id, name, dosage, instruction, duration) VALUES ('PRES-1066-2', 'Tab. Atorvastatin 10mg', '0+0+1', 'At night after dinner', '2 Months');
INSERT INTO lab_reports (id, patient_id, test_name, category, date, hospital_name, doctor_name, status, ai_interpretation) VALUES ('LAB-1066-2', 1066, 'Diabetes and Kidney Function Panel', 'Biochemistry', NOW() - INTERVAL '25 days', 'National Cancer Research Institute & Hospital', 'Dr. Sohel Rahman', 'Completed', 'Fasting Blood Glucose is high, indicating suboptimal glycemic control. Renal function (Creatinine) is normal. HbA1c should be monitored next visit.');
INSERT INTO lab_test_results (lab_report_id, parameter, value, unit, reference_range, status) VALUES ('LAB-1066-2', 'Fasting Blood Sugar (FBS)', '142', 'mg/dL', '70 - 100', 'High');
INSERT INTO lab_test_results (lab_report_id, parameter, value, unit, reference_range, status) VALUES ('LAB-1066-2', 'Serum Creatinine', '0.9', 'mg/dL', '0.6 - 1.2', 'Normal');
INSERT INTO lab_test_results (lab_report_id, parameter, value, unit, reference_range, status) VALUES ('LAB-1066-2', 'Blood Urea Nitrogen (BUN)', '14', 'mg/dL', '7 - 20', 'Normal');
INSERT INTO imaging_reports (id, patient_id, type, body_part, date, hospital_name, doctor_name, findings, impression) VALUES ('IMG-1066-2', 1066, 'Ultrasonography', 'Whole Abdomen', NOW() - INTERVAL '25 days', 'National Cancer Research Institute & Hospital', 'Dr. Sohel Rahman', 'Liver shows normal size but mildly increased parenchymal echotexture, suggestive of Grade-I Fatty Liver. Gallbladder, spleen, kidneys, and urinary bladder are normal in size and shape. No calculi or focal masses seen.', 'Mild Hepatomegaly with Grade-I Fatty Change (Fatty Liver).');
INSERT INTO patient_allergies (patient_id, allergen, severity, reaction) VALUES (1066, 'Dairy Products', 'Moderate', 'Abdominal cramps and diarrhea');
INSERT INTO patient_allergies (patient_id, allergen, severity, reaction) VALUES (1066, 'Dust Mites', 'Moderate', 'Sneezing and coughing');
INSERT INTO patient_allergies (patient_id, allergen, severity, reaction) VALUES (1066, 'Pollen', 'Low', 'Runny nose');
INSERT INTO patient_chronic_diseases (patient_id, disease_name, status, diagnosed_date) VALUES (1066, 'Type 2 Diabetes Mellitus', 'Active', NOW() - INTERVAL '8 years 10 months');
INSERT INTO patient_chronic_diseases (patient_id, disease_name, status, diagnosed_date) VALUES (1066, 'Essential Hypertension', 'Active', NOW() - INTERVAL '4 years 8 months');
INSERT INTO patient_chronic_diseases (patient_id, disease_name, status, diagnosed_date) VALUES (1066, 'Bronchial Asthma', 'Controlled', NOW() - INTERVAL '1 years 12 months');
INSERT INTO prescriptions (id, patient_id, date, doctor_name, doctor_specialization, hospital_name, diagnosis, clinical_notes, follow_up_date) VALUES ('PRES-1067-1', 1067, NOW() - INTERVAL '23 days', 'Dr. Monir Ali', 'Gastroenterology', 'Ibn Sina Medical College', 'Gastroesophageal Reflux Disease (GERD)', 'Complains of burning sensation in the chest (heartburn), sour taste in the mouth, and upper abdominal pain after meals. Recommended avoiding spicy foods, sleeping with head elevated, and not lying down immediately after eating.', 'In 2 weeks.');
INSERT INTO prescription_medicines (prescription_id, name, dosage, instruction, duration) VALUES ('PRES-1067-1', 'Cap. Esomeprazole 20mg', '1+0+1', '30 minutes before breakfast & dinner', '1 Month');
INSERT INTO prescription_medicines (prescription_id, name, dosage, instruction, duration) VALUES ('PRES-1067-1', 'Tab. Domperidone 10mg', '1+1+1', '15 minutes before meals', '10 Days');
INSERT INTO prescription_medicines (prescription_id, name, dosage, instruction, duration) VALUES ('PRES-1067-1', 'Syr. Antacid', '2 spoonful', '1 hour after meals', '7 Days');
INSERT INTO lab_reports (id, patient_id, test_name, category, date, hospital_name, doctor_name, status, ai_interpretation) VALUES ('LAB-1067-1', 1067, 'H. Pylori Screening Panel', 'Serology', NOW() - INTERVAL '23 days', 'Ibn Sina Medical College', 'Dr. Monir Ali', 'Completed', 'H. Pylori antigen test is negative. Upper GI symptoms are likely due to lifestyle/acid reflux rather than active bacterial infection.');
INSERT INTO lab_test_results (lab_report_id, parameter, value, unit, reference_range, status) VALUES ('LAB-1067-1', 'H. Pylori Ag (Stool)', 'Negative', 'N/A', 'Negative', 'Normal');
INSERT INTO imaging_reports (id, patient_id, type, body_part, date, hospital_name, doctor_name, findings, impression) VALUES ('IMG-1067-1', 1067, 'Ultrasonography', 'Hepatobiliary System (HBS)', NOW() - INTERVAL '23 days', 'Ibn Sina Medical College', 'Dr. Monir Ali', 'Gallbladder is distended with normal wall thickness. No gallstones or sludge seen. Common bile duct and intrahepatic biliary channels are normal. Pancreas and spleen are normal.', 'Normal HBS scan. No gallstones detected.');
INSERT INTO prescriptions (id, patient_id, date, doctor_name, doctor_specialization, hospital_name, diagnosis, clinical_notes, follow_up_date) VALUES ('PRES-1067-2', 1067, NOW() - INTERVAL '7 days', 'Dr. Lubna Akter', 'Pulmonology', 'United Hospital', 'Acute Bronchitis & suspected Asthma', 'Cough with sputum, shortness of breath, and chest tightness for 5 days. Wheezing heard on auscultation. Advised avoiding cold drinks, dust, and using inhaler correctly.', 'In 10 days for review of symptoms.');
INSERT INTO prescription_medicines (prescription_id, name, dosage, instruction, duration) VALUES ('PRES-1067-2', 'Tab. Azithromycin 500mg', '1+0+0', '1 hour before food', '5 Days');
INSERT INTO prescription_medicines (prescription_id, name, dosage, instruction, duration) VALUES ('PRES-1067-2', 'Tab. Montelukast 10mg', '0+0+1', 'At night', '14 Days');
INSERT INTO prescription_medicines (prescription_id, name, dosage, instruction, duration) VALUES ('PRES-1067-2', 'Inhaler Salbutamol 100mcg', '2 Puffs', 'As needed (when short of breath)', 'As needed');
INSERT INTO lab_reports (id, patient_id, test_name, category, date, hospital_name, doctor_name, status, ai_interpretation) VALUES ('LAB-1067-2', 1067, 'Complete Blood Count (CBC)', 'Hematology', NOW() - INTERVAL '7 days', 'United Hospital', 'Dr. Lubna Akter', 'Completed', 'Mild leukocytosis observed, consistent with active respiratory tract infection. Eosinophil counts are slightly elevated, which could point to an allergic component (Asthma).');
INSERT INTO lab_test_results (lab_report_id, parameter, value, unit, reference_range, status) VALUES ('LAB-1067-2', 'Total WBC Count', '11.2', 'x10^9/L', '4.0 - 11.0', 'High');
INSERT INTO lab_test_results (lab_report_id, parameter, value, unit, reference_range, status) VALUES ('LAB-1067-2', 'Hemoglobin (Hb)', '14.5', 'g/dL', '13.5 - 17.5', 'Normal');
INSERT INTO lab_test_results (lab_report_id, parameter, value, unit, reference_range, status) VALUES ('LAB-1067-2', 'Eosinophils', '7', '%', '1 - 6', 'High');
INSERT INTO imaging_reports (id, patient_id, type, body_part, date, hospital_name, doctor_name, findings, impression) VALUES ('IMG-1067-2', 1067, 'X-Ray', 'Chest (P/A View)', NOW() - INTERVAL '7 days', 'United Hospital', 'Dr. Lubna Akter', 'Lungs are hyperinflated. Increased bronchovascular markings seen bilaterally. Both costophrenic angles are clear. Heart size and shape are normal. Bony thorax and dome of diaphragms are intact.', 'Findings are suggestive of Acute Bronchitic changes. No consolidation or pleural effusion.');
INSERT INTO patient_allergies (patient_id, allergen, severity, reaction) VALUES (1067, 'Dust Mites', 'Moderate', 'Sneezing and coughing');
INSERT INTO patient_allergies (patient_id, allergen, severity, reaction) VALUES (1067, 'Pollen', 'Low', 'Runny nose');
INSERT INTO patient_allergies (patient_id, allergen, severity, reaction) VALUES (1067, 'Aspirin', 'High', 'Bronchospasm and asthma flare-up');
INSERT INTO patient_chronic_diseases (patient_id, disease_name, status, diagnosed_date) VALUES (1067, 'Gastroesophageal Reflux Disease (GERD)', 'Active', NOW() - INTERVAL '9 years 10 months');
INSERT INTO patient_chronic_diseases (patient_id, disease_name, status, diagnosed_date) VALUES (1067, 'Bronchial Asthma', 'Controlled', NOW() - INTERVAL '6 years 12 months');
INSERT INTO prescriptions (id, patient_id, date, doctor_name, doctor_specialization, hospital_name, diagnosis, clinical_notes, follow_up_date) VALUES ('PRES-1068-1', 1068, NOW() - INTERVAL '21 days', 'Dr. Sohel Rahman', 'Gastroenterology', 'National Cancer Research Institute & Hospital', 'Gastroesophageal Reflux Disease (GERD)', 'Complains of burning sensation in the chest (heartburn), sour taste in the mouth, and upper abdominal pain after meals. Recommended avoiding spicy foods, sleeping with head elevated, and not lying down immediately after eating.', 'In 2 weeks.');
INSERT INTO prescription_medicines (prescription_id, name, dosage, instruction, duration) VALUES ('PRES-1068-1', 'Cap. Esomeprazole 20mg', '1+0+1', '30 minutes before breakfast & dinner', '1 Month');
INSERT INTO prescription_medicines (prescription_id, name, dosage, instruction, duration) VALUES ('PRES-1068-1', 'Tab. Domperidone 10mg', '1+1+1', '15 minutes before meals', '10 Days');
INSERT INTO prescription_medicines (prescription_id, name, dosage, instruction, duration) VALUES ('PRES-1068-1', 'Syr. Antacid', '2 spoonful', '1 hour after meals', '7 Days');
INSERT INTO lab_reports (id, patient_id, test_name, category, date, hospital_name, doctor_name, status, ai_interpretation) VALUES ('LAB-1068-1', 1068, 'H. Pylori Screening Panel', 'Serology', NOW() - INTERVAL '21 days', 'National Cancer Research Institute & Hospital', 'Dr. Sohel Rahman', 'Completed', 'H. Pylori antigen test is negative. Upper GI symptoms are likely due to lifestyle/acid reflux rather than active bacterial infection.');
INSERT INTO lab_test_results (lab_report_id, parameter, value, unit, reference_range, status) VALUES ('LAB-1068-1', 'H. Pylori Ag (Stool)', 'Negative', 'N/A', 'Negative', 'Normal');
INSERT INTO imaging_reports (id, patient_id, type, body_part, date, hospital_name, doctor_name, findings, impression) VALUES ('IMG-1068-1', 1068, 'Ultrasonography', 'Hepatobiliary System (HBS)', NOW() - INTERVAL '21 days', 'National Cancer Research Institute & Hospital', 'Dr. Sohel Rahman', 'Gallbladder is distended with normal wall thickness. No gallstones or sludge seen. Common bile duct and intrahepatic biliary channels are normal. Pancreas and spleen are normal.', 'Normal HBS scan. No gallstones detected.');
INSERT INTO prescriptions (id, patient_id, date, doctor_name, doctor_specialization, hospital_name, diagnosis, clinical_notes, follow_up_date) VALUES ('PRES-1068-2', 1068, NOW() - INTERVAL '22 days', 'Dr. Selim Hasan', 'General Medicine', 'Anwer Khan Modern Medical College Hospital', 'Type 2 Diabetes Mellitus & Essential Hypertension', 'Patient presents with generalized weakness and occasional dizziness. Blood pressure and fasting blood glucose are elevated. Recommended strict dietary control, low salt, regular walking, and compliance with medications.', 'In 3 months with fasting blood sugar and lipid profile reports.');
INSERT INTO prescription_medicines (prescription_id, name, dosage, instruction, duration) VALUES ('PRES-1068-2', 'Tab. Metformin HCl 500mg', '1+0+1', 'After meals', '3 Months');
INSERT INTO prescription_medicines (prescription_id, name, dosage, instruction, duration) VALUES ('PRES-1068-2', 'Tab. Amlodipine 5mg', '0+0+1', 'At night before sleeping', '1 Month');
INSERT INTO prescription_medicines (prescription_id, name, dosage, instruction, duration) VALUES ('PRES-1068-2', 'Tab. Atorvastatin 10mg', '0+0+1', 'At night after dinner', '2 Months');
INSERT INTO lab_reports (id, patient_id, test_name, category, date, hospital_name, doctor_name, status, ai_interpretation) VALUES ('LAB-1068-2', 1068, 'Diabetes and Kidney Function Panel', 'Biochemistry', NOW() - INTERVAL '22 days', 'Anwer Khan Modern Medical College Hospital', 'Dr. Selim Hasan', 'Completed', 'Fasting Blood Glucose is high, indicating suboptimal glycemic control. Renal function (Creatinine) is normal. HbA1c should be monitored next visit.');
INSERT INTO lab_test_results (lab_report_id, parameter, value, unit, reference_range, status) VALUES ('LAB-1068-2', 'Fasting Blood Sugar (FBS)', '142', 'mg/dL', '70 - 100', 'High');
INSERT INTO lab_test_results (lab_report_id, parameter, value, unit, reference_range, status) VALUES ('LAB-1068-2', 'Serum Creatinine', '0.9', 'mg/dL', '0.6 - 1.2', 'Normal');
INSERT INTO lab_test_results (lab_report_id, parameter, value, unit, reference_range, status) VALUES ('LAB-1068-2', 'Blood Urea Nitrogen (BUN)', '14', 'mg/dL', '7 - 20', 'Normal');
INSERT INTO imaging_reports (id, patient_id, type, body_part, date, hospital_name, doctor_name, findings, impression) VALUES ('IMG-1068-2', 1068, 'Ultrasonography', 'Whole Abdomen', NOW() - INTERVAL '22 days', 'Anwer Khan Modern Medical College Hospital', 'Dr. Selim Hasan', 'Liver shows normal size but mildly increased parenchymal echotexture, suggestive of Grade-I Fatty Liver. Gallbladder, spleen, kidneys, and urinary bladder are normal in size and shape. No calculi or focal masses seen.', 'Mild Hepatomegaly with Grade-I Fatty Change (Fatty Liver).');
INSERT INTO patient_allergies (patient_id, allergen, severity, reaction) VALUES (1068, 'Shellfish', 'High', 'Severe hives and dyspnea');
INSERT INTO patient_chronic_diseases (patient_id, disease_name, status, diagnosed_date) VALUES (1068, 'Gastroesophageal Reflux Disease (GERD)', 'Active', NOW() - INTERVAL '8 years 11 months');
INSERT INTO patient_chronic_diseases (patient_id, disease_name, status, diagnosed_date) VALUES (1068, 'Type 2 Diabetes Mellitus', 'Active', NOW() - INTERVAL '9 years 4 months');
INSERT INTO patient_chronic_diseases (patient_id, disease_name, status, diagnosed_date) VALUES (1068, 'Essential Hypertension', 'Active', NOW() - INTERVAL '7 years 1 months');
INSERT INTO prescriptions (id, patient_id, date, doctor_name, doctor_specialization, hospital_name, diagnosis, clinical_notes, follow_up_date) VALUES ('PRES-1069-1', 1069, NOW() - INTERVAL '19 days', 'Dr. Sabrina Akter', 'Pediatrics', 'National Medical Center', 'Bilateral Osteoarthritis of Knee Joints', 'Pain, stiffness, and cracking sounds in both knees for the last 6 months, worse in the mornings and after sitting. Advised hot compression, avoidance of sitting on floor/squatting, and moderate knee exercises.', 'In 1 Month.');
INSERT INTO prescription_medicines (prescription_id, name, dosage, instruction, duration) VALUES ('PRES-1069-1', 'Tab. Naproxen 500mg', '1+0+1', 'After meals (only when pain is high)', '7 Days');
INSERT INTO prescription_medicines (prescription_id, name, dosage, instruction, duration) VALUES ('PRES-1069-1', 'Cap. Glucosamine + Chondroitin', '1+0+1', 'After meals', '2 Months');
INSERT INTO prescription_medicines (prescription_id, name, dosage, instruction, duration) VALUES ('PRES-1069-1', 'Tab. Omeprazole 20mg', '1+0+1', 'Before breakfast & dinner', '1 Month');
INSERT INTO lab_reports (id, patient_id, test_name, category, date, hospital_name, doctor_name, status, ai_interpretation) VALUES ('LAB-1069-1', 1069, 'Arthritis & Rheumatology Profile', 'Serology', NOW() - INTERVAL '19 days', 'National Medical Center', 'Dr. Sabrina Akter', 'Completed', 'Uric acid level is slightly elevated, but Rheumatoid Factor is negative, suggesting OA rather than Gout or Rheumatoid Arthritis.');
INSERT INTO lab_test_results (lab_report_id, parameter, value, unit, reference_range, status) VALUES ('LAB-1069-1', 'Serum Uric Acid', '7.5', 'mg/dL', '3.5 - 7.2', 'High');
INSERT INTO lab_test_results (lab_report_id, parameter, value, unit, reference_range, status) VALUES ('LAB-1069-1', 'Rheumatoid Factor (RF)', '8', 'IU/mL', '< 14', 'Normal');
INSERT INTO lab_test_results (lab_report_id, parameter, value, unit, reference_range, status) VALUES ('LAB-1069-1', 'C-Reactive Protein (CRP)', '4.2', 'mg/L', '< 5.0', 'Normal');
INSERT INTO imaging_reports (id, patient_id, type, body_part, date, hospital_name, doctor_name, findings, impression) VALUES ('IMG-1069-1', 1069, 'X-Ray', 'Bilateral Knee Joints (AP & Lateral)', NOW() - INTERVAL '19 days', 'National Medical Center', 'Dr. Sabrina Akter', 'Narrowing of the medial joint spaces in both knees. Subchondral sclerosis and osteophyte formation are noted along the margins of both joint surfaces. No joint effusion or fracture.', 'Radiological features of Bilateral Osteoarthritis of Knees (Grade-II).');
INSERT INTO patient_chronic_diseases (patient_id, disease_name, status, diagnosed_date) VALUES (1069, 'Osteoarthritis', 'Active', NOW() - INTERVAL '1 years 4 months');
INSERT INTO prescriptions (id, patient_id, date, doctor_name, doctor_specialization, hospital_name, diagnosis, clinical_notes, follow_up_date) VALUES ('PRES-1070-1', 1070, NOW() - INTERVAL '15 days', 'Dr. Mahbub Ali', 'Endocrinology & Diabetology', 'Dhaka Medical College Hospital', 'Acute Bronchitis & suspected Asthma', 'Cough with sputum, shortness of breath, and chest tightness for 5 days. Wheezing heard on auscultation. Advised avoiding cold drinks, dust, and using inhaler correctly.', 'In 10 days for review of symptoms.');
INSERT INTO prescription_medicines (prescription_id, name, dosage, instruction, duration) VALUES ('PRES-1070-1', 'Tab. Azithromycin 500mg', '1+0+0', '1 hour before food', '5 Days');
INSERT INTO prescription_medicines (prescription_id, name, dosage, instruction, duration) VALUES ('PRES-1070-1', 'Tab. Montelukast 10mg', '0+0+1', 'At night', '14 Days');
INSERT INTO prescription_medicines (prescription_id, name, dosage, instruction, duration) VALUES ('PRES-1070-1', 'Inhaler Salbutamol 100mcg', '2 Puffs', 'As needed (when short of breath)', 'As needed');
INSERT INTO lab_reports (id, patient_id, test_name, category, date, hospital_name, doctor_name, status, ai_interpretation) VALUES ('LAB-1070-1', 1070, 'Complete Blood Count (CBC)', 'Hematology', NOW() - INTERVAL '15 days', 'Dhaka Medical College Hospital', 'Dr. Mahbub Ali', 'Completed', 'Mild leukocytosis observed, consistent with active respiratory tract infection. Eosinophil counts are slightly elevated, which could point to an allergic component (Asthma).');
INSERT INTO lab_test_results (lab_report_id, parameter, value, unit, reference_range, status) VALUES ('LAB-1070-1', 'Total WBC Count', '11.2', 'x10^9/L', '4.0 - 11.0', 'High');
INSERT INTO lab_test_results (lab_report_id, parameter, value, unit, reference_range, status) VALUES ('LAB-1070-1', 'Hemoglobin (Hb)', '14.5', 'g/dL', '13.5 - 17.5', 'Normal');
INSERT INTO lab_test_results (lab_report_id, parameter, value, unit, reference_range, status) VALUES ('LAB-1070-1', 'Eosinophils', '7', '%', '1 - 6', 'High');
INSERT INTO imaging_reports (id, patient_id, type, body_part, date, hospital_name, doctor_name, findings, impression) VALUES ('IMG-1070-1', 1070, 'X-Ray', 'Chest (P/A View)', NOW() - INTERVAL '15 days', 'Dhaka Medical College Hospital', 'Dr. Mahbub Ali', 'Lungs are hyperinflated. Increased bronchovascular markings seen bilaterally. Both costophrenic angles are clear. Heart size and shape are normal. Bony thorax and dome of diaphragms are intact.', 'Findings are suggestive of Acute Bronchitic changes. No consolidation or pleural effusion.');
INSERT INTO prescriptions (id, patient_id, date, doctor_name, doctor_specialization, hospital_name, diagnosis, clinical_notes, follow_up_date) VALUES ('PRES-1070-2', 1070, NOW() - INTERVAL '14 days', 'Dr. Kohinoor Islam', 'General Surgery', 'Anwer Khan Modern Medical College Hospital', 'Bilateral Osteoarthritis of Knee Joints', 'Pain, stiffness, and cracking sounds in both knees for the last 6 months, worse in the mornings and after sitting. Advised hot compression, avoidance of sitting on floor/squatting, and moderate knee exercises.', 'In 1 Month.');
INSERT INTO prescription_medicines (prescription_id, name, dosage, instruction, duration) VALUES ('PRES-1070-2', 'Tab. Naproxen 500mg', '1+0+1', 'After meals (only when pain is high)', '7 Days');
INSERT INTO prescription_medicines (prescription_id, name, dosage, instruction, duration) VALUES ('PRES-1070-2', 'Cap. Glucosamine + Chondroitin', '1+0+1', 'After meals', '2 Months');
INSERT INTO prescription_medicines (prescription_id, name, dosage, instruction, duration) VALUES ('PRES-1070-2', 'Tab. Omeprazole 20mg', '1+0+1', 'Before breakfast & dinner', '1 Month');
INSERT INTO lab_reports (id, patient_id, test_name, category, date, hospital_name, doctor_name, status, ai_interpretation) VALUES ('LAB-1070-2', 1070, 'Arthritis & Rheumatology Profile', 'Serology', NOW() - INTERVAL '14 days', 'Anwer Khan Modern Medical College Hospital', 'Dr. Kohinoor Islam', 'Completed', 'Uric acid level is slightly elevated, but Rheumatoid Factor is negative, suggesting OA rather than Gout or Rheumatoid Arthritis.');
INSERT INTO lab_test_results (lab_report_id, parameter, value, unit, reference_range, status) VALUES ('LAB-1070-2', 'Serum Uric Acid', '7.5', 'mg/dL', '3.5 - 7.2', 'High');
INSERT INTO lab_test_results (lab_report_id, parameter, value, unit, reference_range, status) VALUES ('LAB-1070-2', 'Rheumatoid Factor (RF)', '8', 'IU/mL', '< 14', 'Normal');
INSERT INTO lab_test_results (lab_report_id, parameter, value, unit, reference_range, status) VALUES ('LAB-1070-2', 'C-Reactive Protein (CRP)', '4.2', 'mg/L', '< 5.0', 'Normal');
INSERT INTO imaging_reports (id, patient_id, type, body_part, date, hospital_name, doctor_name, findings, impression) VALUES ('IMG-1070-2', 1070, 'X-Ray', 'Bilateral Knee Joints (AP & Lateral)', NOW() - INTERVAL '14 days', 'Anwer Khan Modern Medical College Hospital', 'Dr. Kohinoor Islam', 'Narrowing of the medial joint spaces in both knees. Subchondral sclerosis and osteophyte formation are noted along the margins of both joint surfaces. No joint effusion or fracture.', 'Radiological features of Bilateral Osteoarthritis of Knees (Grade-II).');
INSERT INTO patient_allergies (patient_id, allergen, severity, reaction) VALUES (1070, 'Dust Mites', 'Moderate', 'Sneezing and coughing');
INSERT INTO patient_allergies (patient_id, allergen, severity, reaction) VALUES (1070, 'Pollen', 'Low', 'Runny nose');
INSERT INTO patient_chronic_diseases (patient_id, disease_name, status, diagnosed_date) VALUES (1070, 'Osteoarthritis', 'Active', NOW() - INTERVAL '4 years 9 months');
INSERT INTO patient_chronic_diseases (patient_id, disease_name, status, diagnosed_date) VALUES (1070, 'Hypothyroidism', 'Active', NOW() - INTERVAL '7 years 9 months');
INSERT INTO patient_chronic_diseases (patient_id, disease_name, status, diagnosed_date) VALUES (1070, 'Bronchial Asthma', 'Controlled', NOW() - INTERVAL '10 years 12 months');
INSERT INTO prescriptions (id, patient_id, date, doctor_name, doctor_specialization, hospital_name, diagnosis, clinical_notes, follow_up_date) VALUES ('PRES-1071-1', 1071, NOW() - INTERVAL '22 days', 'Dr. Simin Siddique', 'Urology', 'Kurmitola General Hospital', 'Type 2 Diabetes Mellitus & Essential Hypertension', 'Patient presents with generalized weakness and occasional dizziness. Blood pressure and fasting blood glucose are elevated. Recommended strict dietary control, low salt, regular walking, and compliance with medications.', 'In 3 months with fasting blood sugar and lipid profile reports.');
INSERT INTO prescription_medicines (prescription_id, name, dosage, instruction, duration) VALUES ('PRES-1071-1', 'Tab. Metformin HCl 500mg', '1+0+1', 'After meals', '3 Months');
INSERT INTO prescription_medicines (prescription_id, name, dosage, instruction, duration) VALUES ('PRES-1071-1', 'Tab. Amlodipine 5mg', '0+0+1', 'At night before sleeping', '1 Month');
INSERT INTO prescription_medicines (prescription_id, name, dosage, instruction, duration) VALUES ('PRES-1071-1', 'Tab. Atorvastatin 10mg', '0+0+1', 'At night after dinner', '2 Months');
INSERT INTO lab_reports (id, patient_id, test_name, category, date, hospital_name, doctor_name, status, ai_interpretation) VALUES ('LAB-1071-1', 1071, 'Diabetes and Kidney Function Panel', 'Biochemistry', NOW() - INTERVAL '22 days', 'Kurmitola General Hospital', 'Dr. Simin Siddique', 'Completed', 'Fasting Blood Glucose is high, indicating suboptimal glycemic control. Renal function (Creatinine) is normal. HbA1c should be monitored next visit.');
INSERT INTO lab_test_results (lab_report_id, parameter, value, unit, reference_range, status) VALUES ('LAB-1071-1', 'Fasting Blood Sugar (FBS)', '142', 'mg/dL', '70 - 100', 'High');
INSERT INTO lab_test_results (lab_report_id, parameter, value, unit, reference_range, status) VALUES ('LAB-1071-1', 'Serum Creatinine', '0.9', 'mg/dL', '0.6 - 1.2', 'Normal');
INSERT INTO lab_test_results (lab_report_id, parameter, value, unit, reference_range, status) VALUES ('LAB-1071-1', 'Blood Urea Nitrogen (BUN)', '14', 'mg/dL', '7 - 20', 'Normal');
INSERT INTO imaging_reports (id, patient_id, type, body_part, date, hospital_name, doctor_name, findings, impression) VALUES ('IMG-1071-1', 1071, 'Ultrasonography', 'Whole Abdomen', NOW() - INTERVAL '22 days', 'Kurmitola General Hospital', 'Dr. Simin Siddique', 'Liver shows normal size but mildly increased parenchymal echotexture, suggestive of Grade-I Fatty Liver. Gallbladder, spleen, kidneys, and urinary bladder are normal in size and shape. No calculi or focal masses seen.', 'Mild Hepatomegaly with Grade-I Fatty Change (Fatty Liver).');
INSERT INTO prescriptions (id, patient_id, date, doctor_name, doctor_specialization, hospital_name, diagnosis, clinical_notes, follow_up_date) VALUES ('PRES-1071-2', 1071, NOW() - INTERVAL '26 days', 'Dr. Sultana Siddique', 'ENT', 'Dhaka Shishu Hospital', 'Acute Bronchitis & suspected Asthma', 'Cough with sputum, shortness of breath, and chest tightness for 5 days. Wheezing heard on auscultation. Advised avoiding cold drinks, dust, and using inhaler correctly.', 'In 10 days for review of symptoms.');
INSERT INTO prescription_medicines (prescription_id, name, dosage, instruction, duration) VALUES ('PRES-1071-2', 'Tab. Azithromycin 500mg', '1+0+0', '1 hour before food', '5 Days');
INSERT INTO prescription_medicines (prescription_id, name, dosage, instruction, duration) VALUES ('PRES-1071-2', 'Tab. Montelukast 10mg', '0+0+1', 'At night', '14 Days');
INSERT INTO prescription_medicines (prescription_id, name, dosage, instruction, duration) VALUES ('PRES-1071-2', 'Inhaler Salbutamol 100mcg', '2 Puffs', 'As needed (when short of breath)', 'As needed');
INSERT INTO lab_reports (id, patient_id, test_name, category, date, hospital_name, doctor_name, status, ai_interpretation) VALUES ('LAB-1071-2', 1071, 'Complete Blood Count (CBC)', 'Hematology', NOW() - INTERVAL '26 days', 'Dhaka Shishu Hospital', 'Dr. Sultana Siddique', 'Completed', 'Mild leukocytosis observed, consistent with active respiratory tract infection. Eosinophil counts are slightly elevated, which could point to an allergic component (Asthma).');
INSERT INTO lab_test_results (lab_report_id, parameter, value, unit, reference_range, status) VALUES ('LAB-1071-2', 'Total WBC Count', '11.2', 'x10^9/L', '4.0 - 11.0', 'High');
INSERT INTO lab_test_results (lab_report_id, parameter, value, unit, reference_range, status) VALUES ('LAB-1071-2', 'Hemoglobin (Hb)', '14.5', 'g/dL', '13.5 - 17.5', 'Normal');
INSERT INTO lab_test_results (lab_report_id, parameter, value, unit, reference_range, status) VALUES ('LAB-1071-2', 'Eosinophils', '7', '%', '1 - 6', 'High');
INSERT INTO imaging_reports (id, patient_id, type, body_part, date, hospital_name, doctor_name, findings, impression) VALUES ('IMG-1071-2', 1071, 'X-Ray', 'Chest (P/A View)', NOW() - INTERVAL '26 days', 'Dhaka Shishu Hospital', 'Dr. Sultana Siddique', 'Lungs are hyperinflated. Increased bronchovascular markings seen bilaterally. Both costophrenic angles are clear. Heart size and shape are normal. Bony thorax and dome of diaphragms are intact.', 'Findings are suggestive of Acute Bronchitic changes. No consolidation or pleural effusion.');
INSERT INTO patient_allergies (patient_id, allergen, severity, reaction) VALUES (1071, 'Dust Mites', 'Moderate', 'Sneezing and coughing');
INSERT INTO patient_allergies (patient_id, allergen, severity, reaction) VALUES (1071, 'Pollen', 'Low', 'Runny nose');
INSERT INTO patient_chronic_diseases (patient_id, disease_name, status, diagnosed_date) VALUES (1071, 'Migraine', 'Active', NOW() - INTERVAL '9 years 8 months');
INSERT INTO patient_chronic_diseases (patient_id, disease_name, status, diagnosed_date) VALUES (1071, 'Type 2 Diabetes Mellitus', 'Active', NOW() - INTERVAL '8 years 6 months');
INSERT INTO patient_chronic_diseases (patient_id, disease_name, status, diagnosed_date) VALUES (1071, 'Essential Hypertension', 'Active', NOW() - INTERVAL '8 years 2 months');
INSERT INTO patient_chronic_diseases (patient_id, disease_name, status, diagnosed_date) VALUES (1071, 'Bronchial Asthma', 'Controlled', NOW() - INTERVAL '1 years 2 months');
INSERT INTO prescriptions (id, patient_id, date, doctor_name, doctor_specialization, hospital_name, diagnosis, clinical_notes, follow_up_date) VALUES ('PRES-1072-1', 1072, NOW() - INTERVAL '11 days', 'Dr. Kohinoor Islam', 'General Surgery', 'Anwer Khan Modern Medical College Hospital', 'Gastroesophageal Reflux Disease (GERD)', 'Complains of burning sensation in the chest (heartburn), sour taste in the mouth, and upper abdominal pain after meals. Recommended avoiding spicy foods, sleeping with head elevated, and not lying down immediately after eating.', 'In 2 weeks.');
INSERT INTO prescription_medicines (prescription_id, name, dosage, instruction, duration) VALUES ('PRES-1072-1', 'Cap. Esomeprazole 20mg', '1+0+1', '30 minutes before breakfast & dinner', '1 Month');
INSERT INTO prescription_medicines (prescription_id, name, dosage, instruction, duration) VALUES ('PRES-1072-1', 'Tab. Domperidone 10mg', '1+1+1', '15 minutes before meals', '10 Days');
INSERT INTO prescription_medicines (prescription_id, name, dosage, instruction, duration) VALUES ('PRES-1072-1', 'Syr. Antacid', '2 spoonful', '1 hour after meals', '7 Days');
INSERT INTO lab_reports (id, patient_id, test_name, category, date, hospital_name, doctor_name, status, ai_interpretation) VALUES ('LAB-1072-1', 1072, 'H. Pylori Screening Panel', 'Serology', NOW() - INTERVAL '11 days', 'Anwer Khan Modern Medical College Hospital', 'Dr. Kohinoor Islam', 'Completed', 'H. Pylori antigen test is negative. Upper GI symptoms are likely due to lifestyle/acid reflux rather than active bacterial infection.');
INSERT INTO lab_test_results (lab_report_id, parameter, value, unit, reference_range, status) VALUES ('LAB-1072-1', 'H. Pylori Ag (Stool)', 'Negative', 'N/A', 'Negative', 'Normal');
INSERT INTO imaging_reports (id, patient_id, type, body_part, date, hospital_name, doctor_name, findings, impression) VALUES ('IMG-1072-1', 1072, 'Ultrasonography', 'Hepatobiliary System (HBS)', NOW() - INTERVAL '11 days', 'Anwer Khan Modern Medical College Hospital', 'Dr. Kohinoor Islam', 'Gallbladder is distended with normal wall thickness. No gallstones or sludge seen. Common bile duct and intrahepatic biliary channels are normal. Pancreas and spleen are normal.', 'Normal HBS scan. No gallstones detected.');
INSERT INTO prescriptions (id, patient_id, date, doctor_name, doctor_specialization, hospital_name, diagnosis, clinical_notes, follow_up_date) VALUES ('PRES-1072-2', 1072, NOW() - INTERVAL '17 days', 'Dr. Rafiq Hasan', 'Orthopedics', 'Mugda Medical College Hospital', 'Type 2 Diabetes Mellitus & Essential Hypertension', 'Patient presents with generalized weakness and occasional dizziness. Blood pressure and fasting blood glucose are elevated. Recommended strict dietary control, low salt, regular walking, and compliance with medications.', 'In 3 months with fasting blood sugar and lipid profile reports.');
INSERT INTO prescription_medicines (prescription_id, name, dosage, instruction, duration) VALUES ('PRES-1072-2', 'Tab. Metformin HCl 500mg', '1+0+1', 'After meals', '3 Months');
INSERT INTO prescription_medicines (prescription_id, name, dosage, instruction, duration) VALUES ('PRES-1072-2', 'Tab. Amlodipine 5mg', '0+0+1', 'At night before sleeping', '1 Month');
INSERT INTO prescription_medicines (prescription_id, name, dosage, instruction, duration) VALUES ('PRES-1072-2', 'Tab. Atorvastatin 10mg', '0+0+1', 'At night after dinner', '2 Months');
INSERT INTO lab_reports (id, patient_id, test_name, category, date, hospital_name, doctor_name, status, ai_interpretation) VALUES ('LAB-1072-2', 1072, 'Diabetes and Kidney Function Panel', 'Biochemistry', NOW() - INTERVAL '17 days', 'Mugda Medical College Hospital', 'Dr. Rafiq Hasan', 'Completed', 'Fasting Blood Glucose is high, indicating suboptimal glycemic control. Renal function (Creatinine) is normal. HbA1c should be monitored next visit.');
INSERT INTO lab_test_results (lab_report_id, parameter, value, unit, reference_range, status) VALUES ('LAB-1072-2', 'Fasting Blood Sugar (FBS)', '142', 'mg/dL', '70 - 100', 'High');
INSERT INTO lab_test_results (lab_report_id, parameter, value, unit, reference_range, status) VALUES ('LAB-1072-2', 'Serum Creatinine', '0.9', 'mg/dL', '0.6 - 1.2', 'Normal');
INSERT INTO lab_test_results (lab_report_id, parameter, value, unit, reference_range, status) VALUES ('LAB-1072-2', 'Blood Urea Nitrogen (BUN)', '14', 'mg/dL', '7 - 20', 'Normal');
INSERT INTO imaging_reports (id, patient_id, type, body_part, date, hospital_name, doctor_name, findings, impression) VALUES ('IMG-1072-2', 1072, 'Ultrasonography', 'Whole Abdomen', NOW() - INTERVAL '17 days', 'Mugda Medical College Hospital', 'Dr. Rafiq Hasan', 'Liver shows normal size but mildly increased parenchymal echotexture, suggestive of Grade-I Fatty Liver. Gallbladder, spleen, kidneys, and urinary bladder are normal in size and shape. No calculi or focal masses seen.', 'Mild Hepatomegaly with Grade-I Fatty Change (Fatty Liver).');
INSERT INTO patient_chronic_diseases (patient_id, disease_name, status, diagnosed_date) VALUES (1072, 'Gastroesophageal Reflux Disease (GERD)', 'Active', NOW() - INTERVAL '3 years 3 months');
INSERT INTO patient_chronic_diseases (patient_id, disease_name, status, diagnosed_date) VALUES (1072, 'Type 2 Diabetes Mellitus', 'Active', NOW() - INTERVAL '3 years 7 months');
INSERT INTO patient_chronic_diseases (patient_id, disease_name, status, diagnosed_date) VALUES (1072, 'Essential Hypertension', 'Active', NOW() - INTERVAL '4 years 4 months');
INSERT INTO prescriptions (id, patient_id, date, doctor_name, doctor_specialization, hospital_name, diagnosis, clinical_notes, follow_up_date) VALUES ('PRES-1073-1', 1073, NOW() - INTERVAL '24 days', 'Dr. Arif Chowdhury', 'Pulmonology', 'National Medical Center', 'Gastroesophageal Reflux Disease (GERD)', 'Complains of burning sensation in the chest (heartburn), sour taste in the mouth, and upper abdominal pain after meals. Recommended avoiding spicy foods, sleeping with head elevated, and not lying down immediately after eating.', 'In 2 weeks.');
INSERT INTO prescription_medicines (prescription_id, name, dosage, instruction, duration) VALUES ('PRES-1073-1', 'Cap. Esomeprazole 20mg', '1+0+1', '30 minutes before breakfast & dinner', '1 Month');
INSERT INTO prescription_medicines (prescription_id, name, dosage, instruction, duration) VALUES ('PRES-1073-1', 'Tab. Domperidone 10mg', '1+1+1', '15 minutes before meals', '10 Days');
INSERT INTO prescription_medicines (prescription_id, name, dosage, instruction, duration) VALUES ('PRES-1073-1', 'Syr. Antacid', '2 spoonful', '1 hour after meals', '7 Days');
INSERT INTO lab_reports (id, patient_id, test_name, category, date, hospital_name, doctor_name, status, ai_interpretation) VALUES ('LAB-1073-1', 1073, 'H. Pylori Screening Panel', 'Serology', NOW() - INTERVAL '24 days', 'National Medical Center', 'Dr. Arif Chowdhury', 'Completed', 'H. Pylori antigen test is negative. Upper GI symptoms are likely due to lifestyle/acid reflux rather than active bacterial infection.');
INSERT INTO lab_test_results (lab_report_id, parameter, value, unit, reference_range, status) VALUES ('LAB-1073-1', 'H. Pylori Ag (Stool)', 'Negative', 'N/A', 'Negative', 'Normal');
INSERT INTO imaging_reports (id, patient_id, type, body_part, date, hospital_name, doctor_name, findings, impression) VALUES ('IMG-1073-1', 1073, 'Ultrasonography', 'Hepatobiliary System (HBS)', NOW() - INTERVAL '24 days', 'National Medical Center', 'Dr. Arif Chowdhury', 'Gallbladder is distended with normal wall thickness. No gallstones or sludge seen. Common bile duct and intrahepatic biliary channels are normal. Pancreas and spleen are normal.', 'Normal HBS scan. No gallstones detected.');
INSERT INTO prescriptions (id, patient_id, date, doctor_name, doctor_specialization, hospital_name, diagnosis, clinical_notes, follow_up_date) VALUES ('PRES-1073-2', 1073, NOW() - INTERVAL '14 days', 'Dr. Faruq Begum', 'Neuromedicine', 'Square Hospitals Ltd.', 'Bilateral Osteoarthritis of Knee Joints', 'Pain, stiffness, and cracking sounds in both knees for the last 6 months, worse in the mornings and after sitting. Advised hot compression, avoidance of sitting on floor/squatting, and moderate knee exercises.', 'In 1 Month.');
INSERT INTO prescription_medicines (prescription_id, name, dosage, instruction, duration) VALUES ('PRES-1073-2', 'Tab. Naproxen 500mg', '1+0+1', 'After meals (only when pain is high)', '7 Days');
INSERT INTO prescription_medicines (prescription_id, name, dosage, instruction, duration) VALUES ('PRES-1073-2', 'Cap. Glucosamine + Chondroitin', '1+0+1', 'After meals', '2 Months');
INSERT INTO prescription_medicines (prescription_id, name, dosage, instruction, duration) VALUES ('PRES-1073-2', 'Tab. Omeprazole 20mg', '1+0+1', 'Before breakfast & dinner', '1 Month');
INSERT INTO lab_reports (id, patient_id, test_name, category, date, hospital_name, doctor_name, status, ai_interpretation) VALUES ('LAB-1073-2', 1073, 'Arthritis & Rheumatology Profile', 'Serology', NOW() - INTERVAL '14 days', 'Square Hospitals Ltd.', 'Dr. Faruq Begum', 'Completed', 'Uric acid level is slightly elevated, but Rheumatoid Factor is negative, suggesting OA rather than Gout or Rheumatoid Arthritis.');
INSERT INTO lab_test_results (lab_report_id, parameter, value, unit, reference_range, status) VALUES ('LAB-1073-2', 'Serum Uric Acid', '7.5', 'mg/dL', '3.5 - 7.2', 'High');
INSERT INTO lab_test_results (lab_report_id, parameter, value, unit, reference_range, status) VALUES ('LAB-1073-2', 'Rheumatoid Factor (RF)', '8', 'IU/mL', '< 14', 'Normal');
INSERT INTO lab_test_results (lab_report_id, parameter, value, unit, reference_range, status) VALUES ('LAB-1073-2', 'C-Reactive Protein (CRP)', '4.2', 'mg/L', '< 5.0', 'Normal');
INSERT INTO imaging_reports (id, patient_id, type, body_part, date, hospital_name, doctor_name, findings, impression) VALUES ('IMG-1073-2', 1073, 'X-Ray', 'Bilateral Knee Joints (AP & Lateral)', NOW() - INTERVAL '14 days', 'Square Hospitals Ltd.', 'Dr. Faruq Begum', 'Narrowing of the medial joint spaces in both knees. Subchondral sclerosis and osteophyte formation are noted along the margins of both joint surfaces. No joint effusion or fracture.', 'Radiological features of Bilateral Osteoarthritis of Knees (Grade-II).');
INSERT INTO patient_chronic_diseases (patient_id, disease_name, status, diagnosed_date) VALUES (1073, 'Osteoarthritis', 'Active', NOW() - INTERVAL '4 years 11 months');
INSERT INTO patient_chronic_diseases (patient_id, disease_name, status, diagnosed_date) VALUES (1073, 'Gastroesophageal Reflux Disease (GERD)', 'Active', NOW() - INTERVAL '3 years 9 months');
INSERT INTO patient_chronic_diseases (patient_id, disease_name, status, diagnosed_date) VALUES (1073, 'Anemia', 'Active', NOW() - INTERVAL '7 years 12 months');
INSERT INTO prescriptions (id, patient_id, date, doctor_name, doctor_specialization, hospital_name, diagnosis, clinical_notes, follow_up_date) VALUES ('PRES-1074-1', 1074, NOW() - INTERVAL '15 days', 'Dr. Tarek Hasan', 'Gynaecology & Obstetrics', 'North West Medical College & Hospital', 'Bilateral Osteoarthritis of Knee Joints', 'Pain, stiffness, and cracking sounds in both knees for the last 6 months, worse in the mornings and after sitting. Advised hot compression, avoidance of sitting on floor/squatting, and moderate knee exercises.', 'In 1 Month.');
INSERT INTO prescription_medicines (prescription_id, name, dosage, instruction, duration) VALUES ('PRES-1074-1', 'Tab. Naproxen 500mg', '1+0+1', 'After meals (only when pain is high)', '7 Days');
INSERT INTO prescription_medicines (prescription_id, name, dosage, instruction, duration) VALUES ('PRES-1074-1', 'Cap. Glucosamine + Chondroitin', '1+0+1', 'After meals', '2 Months');
INSERT INTO prescription_medicines (prescription_id, name, dosage, instruction, duration) VALUES ('PRES-1074-1', 'Tab. Omeprazole 20mg', '1+0+1', 'Before breakfast & dinner', '1 Month');
INSERT INTO lab_reports (id, patient_id, test_name, category, date, hospital_name, doctor_name, status, ai_interpretation) VALUES ('LAB-1074-1', 1074, 'Arthritis & Rheumatology Profile', 'Serology', NOW() - INTERVAL '15 days', 'North West Medical College & Hospital', 'Dr. Tarek Hasan', 'Completed', 'Uric acid level is slightly elevated, but Rheumatoid Factor is negative, suggesting OA rather than Gout or Rheumatoid Arthritis.');
INSERT INTO lab_test_results (lab_report_id, parameter, value, unit, reference_range, status) VALUES ('LAB-1074-1', 'Serum Uric Acid', '7.5', 'mg/dL', '3.5 - 7.2', 'High');
INSERT INTO lab_test_results (lab_report_id, parameter, value, unit, reference_range, status) VALUES ('LAB-1074-1', 'Rheumatoid Factor (RF)', '8', 'IU/mL', '< 14', 'Normal');
INSERT INTO lab_test_results (lab_report_id, parameter, value, unit, reference_range, status) VALUES ('LAB-1074-1', 'C-Reactive Protein (CRP)', '4.2', 'mg/L', '< 5.0', 'Normal');
INSERT INTO imaging_reports (id, patient_id, type, body_part, date, hospital_name, doctor_name, findings, impression) VALUES ('IMG-1074-1', 1074, 'X-Ray', 'Bilateral Knee Joints (AP & Lateral)', NOW() - INTERVAL '15 days', 'North West Medical College & Hospital', 'Dr. Tarek Hasan', 'Narrowing of the medial joint spaces in both knees. Subchondral sclerosis and osteophyte formation are noted along the margins of both joint surfaces. No joint effusion or fracture.', 'Radiological features of Bilateral Osteoarthritis of Knees (Grade-II).');
INSERT INTO patient_chronic_diseases (patient_id, disease_name, status, diagnosed_date) VALUES (1074, 'Osteoarthritis', 'Active', NOW() - INTERVAL '6 years 7 months');
INSERT INTO patient_chronic_diseases (patient_id, disease_name, status, diagnosed_date) VALUES (1074, 'Allergic Rhinitis', 'Controlled', NOW() - INTERVAL '7 years 4 months');
INSERT INTO prescriptions (id, patient_id, date, doctor_name, doctor_specialization, hospital_name, diagnosis, clinical_notes, follow_up_date) VALUES ('PRES-1075-1', 1075, NOW() - INTERVAL '30 days', 'Dr. Mahbub Ali', 'Endocrinology & Diabetology', 'Dhaka Medical College Hospital', 'Type 2 Diabetes Mellitus & Essential Hypertension', 'Patient presents with generalized weakness and occasional dizziness. Blood pressure and fasting blood glucose are elevated. Recommended strict dietary control, low salt, regular walking, and compliance with medications.', 'In 3 months with fasting blood sugar and lipid profile reports.');
INSERT INTO prescription_medicines (prescription_id, name, dosage, instruction, duration) VALUES ('PRES-1075-1', 'Tab. Metformin HCl 500mg', '1+0+1', 'After meals', '3 Months');
INSERT INTO prescription_medicines (prescription_id, name, dosage, instruction, duration) VALUES ('PRES-1075-1', 'Tab. Amlodipine 5mg', '0+0+1', 'At night before sleeping', '1 Month');
INSERT INTO prescription_medicines (prescription_id, name, dosage, instruction, duration) VALUES ('PRES-1075-1', 'Tab. Atorvastatin 10mg', '0+0+1', 'At night after dinner', '2 Months');
INSERT INTO lab_reports (id, patient_id, test_name, category, date, hospital_name, doctor_name, status, ai_interpretation) VALUES ('LAB-1075-1', 1075, 'Diabetes and Kidney Function Panel', 'Biochemistry', NOW() - INTERVAL '30 days', 'Dhaka Medical College Hospital', 'Dr. Mahbub Ali', 'Completed', 'Fasting Blood Glucose is high, indicating suboptimal glycemic control. Renal function (Creatinine) is normal. HbA1c should be monitored next visit.');
INSERT INTO lab_test_results (lab_report_id, parameter, value, unit, reference_range, status) VALUES ('LAB-1075-1', 'Fasting Blood Sugar (FBS)', '142', 'mg/dL', '70 - 100', 'High');
INSERT INTO lab_test_results (lab_report_id, parameter, value, unit, reference_range, status) VALUES ('LAB-1075-1', 'Serum Creatinine', '0.9', 'mg/dL', '0.6 - 1.2', 'Normal');
INSERT INTO lab_test_results (lab_report_id, parameter, value, unit, reference_range, status) VALUES ('LAB-1075-1', 'Blood Urea Nitrogen (BUN)', '14', 'mg/dL', '7 - 20', 'Normal');
INSERT INTO imaging_reports (id, patient_id, type, body_part, date, hospital_name, doctor_name, findings, impression) VALUES ('IMG-1075-1', 1075, 'Ultrasonography', 'Whole Abdomen', NOW() - INTERVAL '30 days', 'Dhaka Medical College Hospital', 'Dr. Mahbub Ali', 'Liver shows normal size but mildly increased parenchymal echotexture, suggestive of Grade-I Fatty Liver. Gallbladder, spleen, kidneys, and urinary bladder are normal in size and shape. No calculi or focal masses seen.', 'Mild Hepatomegaly with Grade-I Fatty Change (Fatty Liver).');
INSERT INTO patient_allergies (patient_id, allergen, severity, reaction) VALUES (1075, 'Shellfish', 'High', 'Severe hives and dyspnea');
INSERT INTO patient_chronic_diseases (patient_id, disease_name, status, diagnosed_date) VALUES (1075, 'Allergic Rhinitis', 'Controlled', NOW() - INTERVAL '4 years 4 months');
INSERT INTO patient_chronic_diseases (patient_id, disease_name, status, diagnosed_date) VALUES (1075, 'Type 2 Diabetes Mellitus', 'Active', NOW() - INTERVAL '4 years 7 months');
INSERT INTO patient_chronic_diseases (patient_id, disease_name, status, diagnosed_date) VALUES (1075, 'Essential Hypertension', 'Active', NOW() - INTERVAL '4 years 4 months');
INSERT INTO prescriptions (id, patient_id, date, doctor_name, doctor_specialization, hospital_name, diagnosis, clinical_notes, follow_up_date) VALUES ('PRES-1076-1', 1076, NOW() - INTERVAL '23 days', 'Dr. Sabrina Akter', 'Pediatrics', 'National Medical Center', 'Acute Bronchitis & suspected Asthma', 'Cough with sputum, shortness of breath, and chest tightness for 5 days. Wheezing heard on auscultation. Advised avoiding cold drinks, dust, and using inhaler correctly.', 'In 10 days for review of symptoms.');
INSERT INTO prescription_medicines (prescription_id, name, dosage, instruction, duration) VALUES ('PRES-1076-1', 'Tab. Azithromycin 500mg', '1+0+0', '1 hour before food', '5 Days');
INSERT INTO prescription_medicines (prescription_id, name, dosage, instruction, duration) VALUES ('PRES-1076-1', 'Tab. Montelukast 10mg', '0+0+1', 'At night', '14 Days');
INSERT INTO prescription_medicines (prescription_id, name, dosage, instruction, duration) VALUES ('PRES-1076-1', 'Inhaler Salbutamol 100mcg', '2 Puffs', 'As needed (when short of breath)', 'As needed');
INSERT INTO lab_reports (id, patient_id, test_name, category, date, hospital_name, doctor_name, status, ai_interpretation) VALUES ('LAB-1076-1', 1076, 'Complete Blood Count (CBC)', 'Hematology', NOW() - INTERVAL '23 days', 'National Medical Center', 'Dr. Sabrina Akter', 'Completed', 'Mild leukocytosis observed, consistent with active respiratory tract infection. Eosinophil counts are slightly elevated, which could point to an allergic component (Asthma).');
INSERT INTO lab_test_results (lab_report_id, parameter, value, unit, reference_range, status) VALUES ('LAB-1076-1', 'Total WBC Count', '11.2', 'x10^9/L', '4.0 - 11.0', 'High');
INSERT INTO lab_test_results (lab_report_id, parameter, value, unit, reference_range, status) VALUES ('LAB-1076-1', 'Hemoglobin (Hb)', '14.5', 'g/dL', '13.5 - 17.5', 'Normal');
INSERT INTO lab_test_results (lab_report_id, parameter, value, unit, reference_range, status) VALUES ('LAB-1076-1', 'Eosinophils', '7', '%', '1 - 6', 'High');
INSERT INTO imaging_reports (id, patient_id, type, body_part, date, hospital_name, doctor_name, findings, impression) VALUES ('IMG-1076-1', 1076, 'X-Ray', 'Chest (P/A View)', NOW() - INTERVAL '23 days', 'National Medical Center', 'Dr. Sabrina Akter', 'Lungs are hyperinflated. Increased bronchovascular markings seen bilaterally. Both costophrenic angles are clear. Heart size and shape are normal. Bony thorax and dome of diaphragms are intact.', 'Findings are suggestive of Acute Bronchitic changes. No consolidation or pleural effusion.');
INSERT INTO patient_allergies (patient_id, allergen, severity, reaction) VALUES (1076, 'Dust Mites', 'Moderate', 'Sneezing and coughing');
INSERT INTO patient_allergies (patient_id, allergen, severity, reaction) VALUES (1076, 'Pollen', 'Low', 'Runny nose');
INSERT INTO patient_allergies (patient_id, allergen, severity, reaction) VALUES (1076, 'Peanuts', 'High', 'Anaphylaxis and facial swelling');
INSERT INTO patient_chronic_diseases (patient_id, disease_name, status, diagnosed_date) VALUES (1076, 'Bronchial Asthma', 'Controlled', NOW() - INTERVAL '5 years 8 months');
INSERT INTO prescriptions (id, patient_id, date, doctor_name, doctor_specialization, hospital_name, diagnosis, clinical_notes, follow_up_date) VALUES ('PRES-1077-1', 1077, NOW() - INTERVAL '21 days', 'Dr. Rana Talukder', 'Orthopedics', 'National Medical Center', 'Acute Bronchitis & suspected Asthma', 'Cough with sputum, shortness of breath, and chest tightness for 5 days. Wheezing heard on auscultation. Advised avoiding cold drinks, dust, and using inhaler correctly.', 'In 10 days for review of symptoms.');
INSERT INTO prescription_medicines (prescription_id, name, dosage, instruction, duration) VALUES ('PRES-1077-1', 'Tab. Azithromycin 500mg', '1+0+0', '1 hour before food', '5 Days');
INSERT INTO prescription_medicines (prescription_id, name, dosage, instruction, duration) VALUES ('PRES-1077-1', 'Tab. Montelukast 10mg', '0+0+1', 'At night', '14 Days');
INSERT INTO prescription_medicines (prescription_id, name, dosage, instruction, duration) VALUES ('PRES-1077-1', 'Inhaler Salbutamol 100mcg', '2 Puffs', 'As needed (when short of breath)', 'As needed');
INSERT INTO lab_reports (id, patient_id, test_name, category, date, hospital_name, doctor_name, status, ai_interpretation) VALUES ('LAB-1077-1', 1077, 'Complete Blood Count (CBC)', 'Hematology', NOW() - INTERVAL '21 days', 'National Medical Center', 'Dr. Rana Talukder', 'Completed', 'Mild leukocytosis observed, consistent with active respiratory tract infection. Eosinophil counts are slightly elevated, which could point to an allergic component (Asthma).');
INSERT INTO lab_test_results (lab_report_id, parameter, value, unit, reference_range, status) VALUES ('LAB-1077-1', 'Total WBC Count', '11.2', 'x10^9/L', '4.0 - 11.0', 'High');
INSERT INTO lab_test_results (lab_report_id, parameter, value, unit, reference_range, status) VALUES ('LAB-1077-1', 'Hemoglobin (Hb)', '14.5', 'g/dL', '13.5 - 17.5', 'Normal');
INSERT INTO lab_test_results (lab_report_id, parameter, value, unit, reference_range, status) VALUES ('LAB-1077-1', 'Eosinophils', '7', '%', '1 - 6', 'High');
INSERT INTO imaging_reports (id, patient_id, type, body_part, date, hospital_name, doctor_name, findings, impression) VALUES ('IMG-1077-1', 1077, 'X-Ray', 'Chest (P/A View)', NOW() - INTERVAL '21 days', 'National Medical Center', 'Dr. Rana Talukder', 'Lungs are hyperinflated. Increased bronchovascular markings seen bilaterally. Both costophrenic angles are clear. Heart size and shape are normal. Bony thorax and dome of diaphragms are intact.', 'Findings are suggestive of Acute Bronchitic changes. No consolidation or pleural effusion.');
INSERT INTO patient_allergies (patient_id, allergen, severity, reaction) VALUES (1077, 'Dust Mites', 'Moderate', 'Sneezing and coughing');
INSERT INTO patient_allergies (patient_id, allergen, severity, reaction) VALUES (1077, 'Pollen', 'Low', 'Runny nose');
INSERT INTO patient_allergies (patient_id, allergen, severity, reaction) VALUES (1077, 'Shellfish', 'High', 'Severe hives and dyspnea');
INSERT INTO patient_chronic_diseases (patient_id, disease_name, status, diagnosed_date) VALUES (1077, 'Migraine', 'Active', NOW() - INTERVAL '7 years 5 months');
INSERT INTO patient_chronic_diseases (patient_id, disease_name, status, diagnosed_date) VALUES (1077, 'Bronchial Asthma', 'Controlled', NOW() - INTERVAL '5 years 2 months');
INSERT INTO prescriptions (id, patient_id, date, doctor_name, doctor_specialization, hospital_name, diagnosis, clinical_notes, follow_up_date) VALUES ('PRES-1078-1', 1078, NOW() - INTERVAL '30 days', 'Dr. Rony Ali', 'Psychiatry', 'National Institute of Cardiovascular Diseases', 'Bilateral Osteoarthritis of Knee Joints', 'Pain, stiffness, and cracking sounds in both knees for the last 6 months, worse in the mornings and after sitting. Advised hot compression, avoidance of sitting on floor/squatting, and moderate knee exercises.', 'In 1 Month.');
INSERT INTO prescription_medicines (prescription_id, name, dosage, instruction, duration) VALUES ('PRES-1078-1', 'Tab. Naproxen 500mg', '1+0+1', 'After meals (only when pain is high)', '7 Days');
INSERT INTO prescription_medicines (prescription_id, name, dosage, instruction, duration) VALUES ('PRES-1078-1', 'Cap. Glucosamine + Chondroitin', '1+0+1', 'After meals', '2 Months');
INSERT INTO prescription_medicines (prescription_id, name, dosage, instruction, duration) VALUES ('PRES-1078-1', 'Tab. Omeprazole 20mg', '1+0+1', 'Before breakfast & dinner', '1 Month');
INSERT INTO lab_reports (id, patient_id, test_name, category, date, hospital_name, doctor_name, status, ai_interpretation) VALUES ('LAB-1078-1', 1078, 'Arthritis & Rheumatology Profile', 'Serology', NOW() - INTERVAL '30 days', 'National Institute of Cardiovascular Diseases', 'Dr. Rony Ali', 'Completed', 'Uric acid level is slightly elevated, but Rheumatoid Factor is negative, suggesting OA rather than Gout or Rheumatoid Arthritis.');
INSERT INTO lab_test_results (lab_report_id, parameter, value, unit, reference_range, status) VALUES ('LAB-1078-1', 'Serum Uric Acid', '7.5', 'mg/dL', '3.5 - 7.2', 'High');
INSERT INTO lab_test_results (lab_report_id, parameter, value, unit, reference_range, status) VALUES ('LAB-1078-1', 'Rheumatoid Factor (RF)', '8', 'IU/mL', '< 14', 'Normal');
INSERT INTO lab_test_results (lab_report_id, parameter, value, unit, reference_range, status) VALUES ('LAB-1078-1', 'C-Reactive Protein (CRP)', '4.2', 'mg/L', '< 5.0', 'Normal');
INSERT INTO imaging_reports (id, patient_id, type, body_part, date, hospital_name, doctor_name, findings, impression) VALUES ('IMG-1078-1', 1078, 'X-Ray', 'Bilateral Knee Joints (AP & Lateral)', NOW() - INTERVAL '30 days', 'National Institute of Cardiovascular Diseases', 'Dr. Rony Ali', 'Narrowing of the medial joint spaces in both knees. Subchondral sclerosis and osteophyte formation are noted along the margins of both joint surfaces. No joint effusion or fracture.', 'Radiological features of Bilateral Osteoarthritis of Knees (Grade-II).');
INSERT INTO patient_chronic_diseases (patient_id, disease_name, status, diagnosed_date) VALUES (1078, 'Osteoarthritis', 'Active', NOW() - INTERVAL '7 years 1 months');
INSERT INTO prescriptions (id, patient_id, date, doctor_name, doctor_specialization, hospital_name, diagnosis, clinical_notes, follow_up_date) VALUES ('PRES-1079-1', 1079, NOW() - INTERVAL '17 days', 'Dr. Faruq Akter', 'Neuromedicine', 'Jashore General Hospital', 'Type 2 Diabetes Mellitus & Essential Hypertension', 'Patient presents with generalized weakness and occasional dizziness. Blood pressure and fasting blood glucose are elevated. Recommended strict dietary control, low salt, regular walking, and compliance with medications.', 'In 3 months with fasting blood sugar and lipid profile reports.');
INSERT INTO prescription_medicines (prescription_id, name, dosage, instruction, duration) VALUES ('PRES-1079-1', 'Tab. Metformin HCl 500mg', '1+0+1', 'After meals', '3 Months');
INSERT INTO prescription_medicines (prescription_id, name, dosage, instruction, duration) VALUES ('PRES-1079-1', 'Tab. Amlodipine 5mg', '0+0+1', 'At night before sleeping', '1 Month');
INSERT INTO prescription_medicines (prescription_id, name, dosage, instruction, duration) VALUES ('PRES-1079-1', 'Tab. Atorvastatin 10mg', '0+0+1', 'At night after dinner', '2 Months');
INSERT INTO lab_reports (id, patient_id, test_name, category, date, hospital_name, doctor_name, status, ai_interpretation) VALUES ('LAB-1079-1', 1079, 'Diabetes and Kidney Function Panel', 'Biochemistry', NOW() - INTERVAL '17 days', 'Jashore General Hospital', 'Dr. Faruq Akter', 'Completed', 'Fasting Blood Glucose is high, indicating suboptimal glycemic control. Renal function (Creatinine) is normal. HbA1c should be monitored next visit.');
INSERT INTO lab_test_results (lab_report_id, parameter, value, unit, reference_range, status) VALUES ('LAB-1079-1', 'Fasting Blood Sugar (FBS)', '142', 'mg/dL', '70 - 100', 'High');
INSERT INTO lab_test_results (lab_report_id, parameter, value, unit, reference_range, status) VALUES ('LAB-1079-1', 'Serum Creatinine', '0.9', 'mg/dL', '0.6 - 1.2', 'Normal');
INSERT INTO lab_test_results (lab_report_id, parameter, value, unit, reference_range, status) VALUES ('LAB-1079-1', 'Blood Urea Nitrogen (BUN)', '14', 'mg/dL', '7 - 20', 'Normal');
INSERT INTO imaging_reports (id, patient_id, type, body_part, date, hospital_name, doctor_name, findings, impression) VALUES ('IMG-1079-1', 1079, 'Ultrasonography', 'Whole Abdomen', NOW() - INTERVAL '17 days', 'Jashore General Hospital', 'Dr. Faruq Akter', 'Liver shows normal size but mildly increased parenchymal echotexture, suggestive of Grade-I Fatty Liver. Gallbladder, spleen, kidneys, and urinary bladder are normal in size and shape. No calculi or focal masses seen.', 'Mild Hepatomegaly with Grade-I Fatty Change (Fatty Liver).');
INSERT INTO prescriptions (id, patient_id, date, doctor_name, doctor_specialization, hospital_name, diagnosis, clinical_notes, follow_up_date) VALUES ('PRES-1079-2', 1079, NOW() - INTERVAL '13 days', 'Dr. Rafiq Siddique', 'Gastroenterology', 'Anwer Khan Modern Medical College Hospital', 'Gastroesophageal Reflux Disease (GERD)', 'Complains of burning sensation in the chest (heartburn), sour taste in the mouth, and upper abdominal pain after meals. Recommended avoiding spicy foods, sleeping with head elevated, and not lying down immediately after eating.', 'In 2 weeks.');
INSERT INTO prescription_medicines (prescription_id, name, dosage, instruction, duration) VALUES ('PRES-1079-2', 'Cap. Esomeprazole 20mg', '1+0+1', '30 minutes before breakfast & dinner', '1 Month');
INSERT INTO prescription_medicines (prescription_id, name, dosage, instruction, duration) VALUES ('PRES-1079-2', 'Tab. Domperidone 10mg', '1+1+1', '15 minutes before meals', '10 Days');
INSERT INTO prescription_medicines (prescription_id, name, dosage, instruction, duration) VALUES ('PRES-1079-2', 'Syr. Antacid', '2 spoonful', '1 hour after meals', '7 Days');
INSERT INTO lab_reports (id, patient_id, test_name, category, date, hospital_name, doctor_name, status, ai_interpretation) VALUES ('LAB-1079-2', 1079, 'H. Pylori Screening Panel', 'Serology', NOW() - INTERVAL '13 days', 'Anwer Khan Modern Medical College Hospital', 'Dr. Rafiq Siddique', 'Completed', 'H. Pylori antigen test is negative. Upper GI symptoms are likely due to lifestyle/acid reflux rather than active bacterial infection.');
INSERT INTO lab_test_results (lab_report_id, parameter, value, unit, reference_range, status) VALUES ('LAB-1079-2', 'H. Pylori Ag (Stool)', 'Negative', 'N/A', 'Negative', 'Normal');
INSERT INTO imaging_reports (id, patient_id, type, body_part, date, hospital_name, doctor_name, findings, impression) VALUES ('IMG-1079-2', 1079, 'Ultrasonography', 'Hepatobiliary System (HBS)', NOW() - INTERVAL '13 days', 'Anwer Khan Modern Medical College Hospital', 'Dr. Rafiq Siddique', 'Gallbladder is distended with normal wall thickness. No gallstones or sludge seen. Common bile duct and intrahepatic biliary channels are normal. Pancreas and spleen are normal.', 'Normal HBS scan. No gallstones detected.');
INSERT INTO patient_allergies (patient_id, allergen, severity, reaction) VALUES (1079, 'Aspirin', 'High', 'Bronchospasm and asthma flare-up');
INSERT INTO patient_chronic_diseases (patient_id, disease_name, status, diagnosed_date) VALUES (1079, 'Gastroesophageal Reflux Disease (GERD)', 'Active', NOW() - INTERVAL '10 years 6 months');
INSERT INTO patient_chronic_diseases (patient_id, disease_name, status, diagnosed_date) VALUES (1079, 'Type 2 Diabetes Mellitus', 'Active', NOW() - INTERVAL '4 years 8 months');
INSERT INTO patient_chronic_diseases (patient_id, disease_name, status, diagnosed_date) VALUES (1079, 'Essential Hypertension', 'Active', NOW() - INTERVAL '2 years 6 months');
INSERT INTO prescriptions (id, patient_id, date, doctor_name, doctor_specialization, hospital_name, diagnosis, clinical_notes, follow_up_date) VALUES ('PRES-1080-1', 1080, NOW() - INTERVAL '8 days', 'Dr. Rashed Begum', 'General Medicine', 'Dhaka Shishu Hospital', 'Gastroesophageal Reflux Disease (GERD)', 'Complains of burning sensation in the chest (heartburn), sour taste in the mouth, and upper abdominal pain after meals. Recommended avoiding spicy foods, sleeping with head elevated, and not lying down immediately after eating.', 'In 2 weeks.');
INSERT INTO prescription_medicines (prescription_id, name, dosage, instruction, duration) VALUES ('PRES-1080-1', 'Cap. Esomeprazole 20mg', '1+0+1', '30 minutes before breakfast & dinner', '1 Month');
INSERT INTO prescription_medicines (prescription_id, name, dosage, instruction, duration) VALUES ('PRES-1080-1', 'Tab. Domperidone 10mg', '1+1+1', '15 minutes before meals', '10 Days');
INSERT INTO prescription_medicines (prescription_id, name, dosage, instruction, duration) VALUES ('PRES-1080-1', 'Syr. Antacid', '2 spoonful', '1 hour after meals', '7 Days');
INSERT INTO lab_reports (id, patient_id, test_name, category, date, hospital_name, doctor_name, status, ai_interpretation) VALUES ('LAB-1080-1', 1080, 'H. Pylori Screening Panel', 'Serology', NOW() - INTERVAL '8 days', 'Dhaka Shishu Hospital', 'Dr. Rashed Begum', 'Completed', 'H. Pylori antigen test is negative. Upper GI symptoms are likely due to lifestyle/acid reflux rather than active bacterial infection.');
INSERT INTO lab_test_results (lab_report_id, parameter, value, unit, reference_range, status) VALUES ('LAB-1080-1', 'H. Pylori Ag (Stool)', 'Negative', 'N/A', 'Negative', 'Normal');
INSERT INTO imaging_reports (id, patient_id, type, body_part, date, hospital_name, doctor_name, findings, impression) VALUES ('IMG-1080-1', 1080, 'Ultrasonography', 'Hepatobiliary System (HBS)', NOW() - INTERVAL '8 days', 'Dhaka Shishu Hospital', 'Dr. Rashed Begum', 'Gallbladder is distended with normal wall thickness. No gallstones or sludge seen. Common bile duct and intrahepatic biliary channels are normal. Pancreas and spleen are normal.', 'Normal HBS scan. No gallstones detected.');
INSERT INTO prescriptions (id, patient_id, date, doctor_name, doctor_specialization, hospital_name, diagnosis, clinical_notes, follow_up_date) VALUES ('PRES-1080-2', 1080, NOW() - INTERVAL '3 days', 'Dr. Shahanaz Siddique', 'Pediatrics', 'Delta Hospital', 'Bilateral Osteoarthritis of Knee Joints', 'Pain, stiffness, and cracking sounds in both knees for the last 6 months, worse in the mornings and after sitting. Advised hot compression, avoidance of sitting on floor/squatting, and moderate knee exercises.', 'In 1 Month.');
INSERT INTO prescription_medicines (prescription_id, name, dosage, instruction, duration) VALUES ('PRES-1080-2', 'Tab. Naproxen 500mg', '1+0+1', 'After meals (only when pain is high)', '7 Days');
INSERT INTO prescription_medicines (prescription_id, name, dosage, instruction, duration) VALUES ('PRES-1080-2', 'Cap. Glucosamine + Chondroitin', '1+0+1', 'After meals', '2 Months');
INSERT INTO prescription_medicines (prescription_id, name, dosage, instruction, duration) VALUES ('PRES-1080-2', 'Tab. Omeprazole 20mg', '1+0+1', 'Before breakfast & dinner', '1 Month');
INSERT INTO lab_reports (id, patient_id, test_name, category, date, hospital_name, doctor_name, status, ai_interpretation) VALUES ('LAB-1080-2', 1080, 'Arthritis & Rheumatology Profile', 'Serology', NOW() - INTERVAL '3 days', 'Delta Hospital', 'Dr. Shahanaz Siddique', 'Completed', 'Uric acid level is slightly elevated, but Rheumatoid Factor is negative, suggesting OA rather than Gout or Rheumatoid Arthritis.');
INSERT INTO lab_test_results (lab_report_id, parameter, value, unit, reference_range, status) VALUES ('LAB-1080-2', 'Serum Uric Acid', '7.5', 'mg/dL', '3.5 - 7.2', 'High');
INSERT INTO lab_test_results (lab_report_id, parameter, value, unit, reference_range, status) VALUES ('LAB-1080-2', 'Rheumatoid Factor (RF)', '8', 'IU/mL', '< 14', 'Normal');
INSERT INTO lab_test_results (lab_report_id, parameter, value, unit, reference_range, status) VALUES ('LAB-1080-2', 'C-Reactive Protein (CRP)', '4.2', 'mg/L', '< 5.0', 'Normal');
INSERT INTO imaging_reports (id, patient_id, type, body_part, date, hospital_name, doctor_name, findings, impression) VALUES ('IMG-1080-2', 1080, 'X-Ray', 'Bilateral Knee Joints (AP & Lateral)', NOW() - INTERVAL '3 days', 'Delta Hospital', 'Dr. Shahanaz Siddique', 'Narrowing of the medial joint spaces in both knees. Subchondral sclerosis and osteophyte formation are noted along the margins of both joint surfaces. No joint effusion or fracture.', 'Radiological features of Bilateral Osteoarthritis of Knees (Grade-II).');
INSERT INTO patient_chronic_diseases (patient_id, disease_name, status, diagnosed_date) VALUES (1080, 'Osteoarthritis', 'Active', NOW() - INTERVAL '7 years 11 months');
INSERT INTO patient_chronic_diseases (patient_id, disease_name, status, diagnosed_date) VALUES (1080, 'Gastroesophageal Reflux Disease (GERD)', 'Active', NOW() - INTERVAL '7 years 3 months');
INSERT INTO patient_chronic_diseases (patient_id, disease_name, status, diagnosed_date) VALUES (1080, 'Migraine', 'Active', NOW() - INTERVAL '6 years 7 months');
INSERT INTO prescriptions (id, patient_id, date, doctor_name, doctor_specialization, hospital_name, diagnosis, clinical_notes, follow_up_date) VALUES ('PRES-1081-1', 1081, NOW() - INTERVAL '16 days', 'Dr. Shahanaz Siddique', 'Pediatrics', 'Delta Hospital', 'Type 2 Diabetes Mellitus & Essential Hypertension', 'Patient presents with generalized weakness and occasional dizziness. Blood pressure and fasting blood glucose are elevated. Recommended strict dietary control, low salt, regular walking, and compliance with medications.', 'In 3 months with fasting blood sugar and lipid profile reports.');
INSERT INTO prescription_medicines (prescription_id, name, dosage, instruction, duration) VALUES ('PRES-1081-1', 'Tab. Metformin HCl 500mg', '1+0+1', 'After meals', '3 Months');
INSERT INTO prescription_medicines (prescription_id, name, dosage, instruction, duration) VALUES ('PRES-1081-1', 'Tab. Amlodipine 5mg', '0+0+1', 'At night before sleeping', '1 Month');
INSERT INTO prescription_medicines (prescription_id, name, dosage, instruction, duration) VALUES ('PRES-1081-1', 'Tab. Atorvastatin 10mg', '0+0+1', 'At night after dinner', '2 Months');
INSERT INTO lab_reports (id, patient_id, test_name, category, date, hospital_name, doctor_name, status, ai_interpretation) VALUES ('LAB-1081-1', 1081, 'Diabetes and Kidney Function Panel', 'Biochemistry', NOW() - INTERVAL '16 days', 'Delta Hospital', 'Dr. Shahanaz Siddique', 'Completed', 'Fasting Blood Glucose is high, indicating suboptimal glycemic control. Renal function (Creatinine) is normal. HbA1c should be monitored next visit.');
INSERT INTO lab_test_results (lab_report_id, parameter, value, unit, reference_range, status) VALUES ('LAB-1081-1', 'Fasting Blood Sugar (FBS)', '142', 'mg/dL', '70 - 100', 'High');
INSERT INTO lab_test_results (lab_report_id, parameter, value, unit, reference_range, status) VALUES ('LAB-1081-1', 'Serum Creatinine', '0.9', 'mg/dL', '0.6 - 1.2', 'Normal');
INSERT INTO lab_test_results (lab_report_id, parameter, value, unit, reference_range, status) VALUES ('LAB-1081-1', 'Blood Urea Nitrogen (BUN)', '14', 'mg/dL', '7 - 20', 'Normal');
INSERT INTO imaging_reports (id, patient_id, type, body_part, date, hospital_name, doctor_name, findings, impression) VALUES ('IMG-1081-1', 1081, 'Ultrasonography', 'Whole Abdomen', NOW() - INTERVAL '16 days', 'Delta Hospital', 'Dr. Shahanaz Siddique', 'Liver shows normal size but mildly increased parenchymal echotexture, suggestive of Grade-I Fatty Liver. Gallbladder, spleen, kidneys, and urinary bladder are normal in size and shape. No calculi or focal masses seen.', 'Mild Hepatomegaly with Grade-I Fatty Change (Fatty Liver).');
INSERT INTO patient_chronic_diseases (patient_id, disease_name, status, diagnosed_date) VALUES (1081, 'Type 2 Diabetes Mellitus', 'Active', NOW() - INTERVAL '1 years 4 months');
INSERT INTO patient_chronic_diseases (patient_id, disease_name, status, diagnosed_date) VALUES (1081, 'Essential Hypertension', 'Active', NOW() - INTERVAL '1 years 9 months');
INSERT INTO prescriptions (id, patient_id, date, doctor_name, doctor_specialization, hospital_name, diagnosis, clinical_notes, follow_up_date) VALUES ('PRES-1082-1', 1082, NOW() - INTERVAL '17 days', 'Dr. Halima Akter', 'Urology', 'National Medical Center', 'Bilateral Osteoarthritis of Knee Joints', 'Pain, stiffness, and cracking sounds in both knees for the last 6 months, worse in the mornings and after sitting. Advised hot compression, avoidance of sitting on floor/squatting, and moderate knee exercises.', 'In 1 Month.');
INSERT INTO prescription_medicines (prescription_id, name, dosage, instruction, duration) VALUES ('PRES-1082-1', 'Tab. Naproxen 500mg', '1+0+1', 'After meals (only when pain is high)', '7 Days');
INSERT INTO prescription_medicines (prescription_id, name, dosage, instruction, duration) VALUES ('PRES-1082-1', 'Cap. Glucosamine + Chondroitin', '1+0+1', 'After meals', '2 Months');
INSERT INTO prescription_medicines (prescription_id, name, dosage, instruction, duration) VALUES ('PRES-1082-1', 'Tab. Omeprazole 20mg', '1+0+1', 'Before breakfast & dinner', '1 Month');
INSERT INTO lab_reports (id, patient_id, test_name, category, date, hospital_name, doctor_name, status, ai_interpretation) VALUES ('LAB-1082-1', 1082, 'Arthritis & Rheumatology Profile', 'Serology', NOW() - INTERVAL '17 days', 'National Medical Center', 'Dr. Halima Akter', 'Completed', 'Uric acid level is slightly elevated, but Rheumatoid Factor is negative, suggesting OA rather than Gout or Rheumatoid Arthritis.');
INSERT INTO lab_test_results (lab_report_id, parameter, value, unit, reference_range, status) VALUES ('LAB-1082-1', 'Serum Uric Acid', '7.5', 'mg/dL', '3.5 - 7.2', 'High');
INSERT INTO lab_test_results (lab_report_id, parameter, value, unit, reference_range, status) VALUES ('LAB-1082-1', 'Rheumatoid Factor (RF)', '8', 'IU/mL', '< 14', 'Normal');
INSERT INTO lab_test_results (lab_report_id, parameter, value, unit, reference_range, status) VALUES ('LAB-1082-1', 'C-Reactive Protein (CRP)', '4.2', 'mg/L', '< 5.0', 'Normal');
INSERT INTO imaging_reports (id, patient_id, type, body_part, date, hospital_name, doctor_name, findings, impression) VALUES ('IMG-1082-1', 1082, 'X-Ray', 'Bilateral Knee Joints (AP & Lateral)', NOW() - INTERVAL '17 days', 'National Medical Center', 'Dr. Halima Akter', 'Narrowing of the medial joint spaces in both knees. Subchondral sclerosis and osteophyte formation are noted along the margins of both joint surfaces. No joint effusion or fracture.', 'Radiological features of Bilateral Osteoarthritis of Knees (Grade-II).');
INSERT INTO prescriptions (id, patient_id, date, doctor_name, doctor_specialization, hospital_name, diagnosis, clinical_notes, follow_up_date) VALUES ('PRES-1082-2', 1082, NOW() - INTERVAL '24 days', 'Dr. Keya Uddin', 'Pediatrics', 'Jashore General Hospital', 'Gastroesophageal Reflux Disease (GERD)', 'Complains of burning sensation in the chest (heartburn), sour taste in the mouth, and upper abdominal pain after meals. Recommended avoiding spicy foods, sleeping with head elevated, and not lying down immediately after eating.', 'In 2 weeks.');
INSERT INTO prescription_medicines (prescription_id, name, dosage, instruction, duration) VALUES ('PRES-1082-2', 'Cap. Esomeprazole 20mg', '1+0+1', '30 minutes before breakfast & dinner', '1 Month');
INSERT INTO prescription_medicines (prescription_id, name, dosage, instruction, duration) VALUES ('PRES-1082-2', 'Tab. Domperidone 10mg', '1+1+1', '15 minutes before meals', '10 Days');
INSERT INTO prescription_medicines (prescription_id, name, dosage, instruction, duration) VALUES ('PRES-1082-2', 'Syr. Antacid', '2 spoonful', '1 hour after meals', '7 Days');
INSERT INTO lab_reports (id, patient_id, test_name, category, date, hospital_name, doctor_name, status, ai_interpretation) VALUES ('LAB-1082-2', 1082, 'H. Pylori Screening Panel', 'Serology', NOW() - INTERVAL '24 days', 'Jashore General Hospital', 'Dr. Keya Uddin', 'Completed', 'H. Pylori antigen test is negative. Upper GI symptoms are likely due to lifestyle/acid reflux rather than active bacterial infection.');
INSERT INTO lab_test_results (lab_report_id, parameter, value, unit, reference_range, status) VALUES ('LAB-1082-2', 'H. Pylori Ag (Stool)', 'Negative', 'N/A', 'Negative', 'Normal');
INSERT INTO imaging_reports (id, patient_id, type, body_part, date, hospital_name, doctor_name, findings, impression) VALUES ('IMG-1082-2', 1082, 'Ultrasonography', 'Hepatobiliary System (HBS)', NOW() - INTERVAL '24 days', 'Jashore General Hospital', 'Dr. Keya Uddin', 'Gallbladder is distended with normal wall thickness. No gallstones or sludge seen. Common bile duct and intrahepatic biliary channels are normal. Pancreas and spleen are normal.', 'Normal HBS scan. No gallstones detected.');
INSERT INTO patient_allergies (patient_id, allergen, severity, reaction) VALUES (1082, 'Peanuts', 'High', 'Anaphylaxis and facial swelling');
INSERT INTO patient_chronic_diseases (patient_id, disease_name, status, diagnosed_date) VALUES (1082, 'Osteoarthritis', 'Active', NOW() - INTERVAL '4 years 5 months');
INSERT INTO patient_chronic_diseases (patient_id, disease_name, status, diagnosed_date) VALUES (1082, 'Gastroesophageal Reflux Disease (GERD)', 'Active', NOW() - INTERVAL '7 years 4 months');
INSERT INTO prescriptions (id, patient_id, date, doctor_name, doctor_specialization, hospital_name, diagnosis, clinical_notes, follow_up_date) VALUES ('PRES-1083-1', 1083, NOW() - INTERVAL '19 days', 'Dr. Jabbar Akter', 'Neuromedicine', 'United Hospital', 'Type 2 Diabetes Mellitus & Essential Hypertension', 'Patient presents with generalized weakness and occasional dizziness. Blood pressure and fasting blood glucose are elevated. Recommended strict dietary control, low salt, regular walking, and compliance with medications.', 'In 3 months with fasting blood sugar and lipid profile reports.');
INSERT INTO prescription_medicines (prescription_id, name, dosage, instruction, duration) VALUES ('PRES-1083-1', 'Tab. Metformin HCl 500mg', '1+0+1', 'After meals', '3 Months');
INSERT INTO prescription_medicines (prescription_id, name, dosage, instruction, duration) VALUES ('PRES-1083-1', 'Tab. Amlodipine 5mg', '0+0+1', 'At night before sleeping', '1 Month');
INSERT INTO prescription_medicines (prescription_id, name, dosage, instruction, duration) VALUES ('PRES-1083-1', 'Tab. Atorvastatin 10mg', '0+0+1', 'At night after dinner', '2 Months');
INSERT INTO lab_reports (id, patient_id, test_name, category, date, hospital_name, doctor_name, status, ai_interpretation) VALUES ('LAB-1083-1', 1083, 'Diabetes and Kidney Function Panel', 'Biochemistry', NOW() - INTERVAL '19 days', 'United Hospital', 'Dr. Jabbar Akter', 'Completed', 'Fasting Blood Glucose is high, indicating suboptimal glycemic control. Renal function (Creatinine) is normal. HbA1c should be monitored next visit.');
INSERT INTO lab_test_results (lab_report_id, parameter, value, unit, reference_range, status) VALUES ('LAB-1083-1', 'Fasting Blood Sugar (FBS)', '142', 'mg/dL', '70 - 100', 'High');
INSERT INTO lab_test_results (lab_report_id, parameter, value, unit, reference_range, status) VALUES ('LAB-1083-1', 'Serum Creatinine', '0.9', 'mg/dL', '0.6 - 1.2', 'Normal');
INSERT INTO lab_test_results (lab_report_id, parameter, value, unit, reference_range, status) VALUES ('LAB-1083-1', 'Blood Urea Nitrogen (BUN)', '14', 'mg/dL', '7 - 20', 'Normal');
INSERT INTO imaging_reports (id, patient_id, type, body_part, date, hospital_name, doctor_name, findings, impression) VALUES ('IMG-1083-1', 1083, 'Ultrasonography', 'Whole Abdomen', NOW() - INTERVAL '19 days', 'United Hospital', 'Dr. Jabbar Akter', 'Liver shows normal size but mildly increased parenchymal echotexture, suggestive of Grade-I Fatty Liver. Gallbladder, spleen, kidneys, and urinary bladder are normal in size and shape. No calculi or focal masses seen.', 'Mild Hepatomegaly with Grade-I Fatty Change (Fatty Liver).');
INSERT INTO patient_allergies (patient_id, allergen, severity, reaction) VALUES (1083, 'Sulfa Drugs', 'Moderate', 'Generalized skin rash');
INSERT INTO patient_chronic_diseases (patient_id, disease_name, status, diagnosed_date) VALUES (1083, 'Type 2 Diabetes Mellitus', 'Active', NOW() - INTERVAL '6 years 10 months');
INSERT INTO patient_chronic_diseases (patient_id, disease_name, status, diagnosed_date) VALUES (1083, 'Essential Hypertension', 'Active', NOW() - INTERVAL '2 years 1 months');
INSERT INTO prescriptions (id, patient_id, date, doctor_name, doctor_specialization, hospital_name, diagnosis, clinical_notes, follow_up_date) VALUES ('PRES-1084-1', 1084, NOW() - INTERVAL '29 days', 'Dr. Taniya Siddique', 'General Surgery', 'Delta Hospital', 'Type 2 Diabetes Mellitus & Essential Hypertension', 'Patient presents with generalized weakness and occasional dizziness. Blood pressure and fasting blood glucose are elevated. Recommended strict dietary control, low salt, regular walking, and compliance with medications.', 'In 3 months with fasting blood sugar and lipid profile reports.');
INSERT INTO prescription_medicines (prescription_id, name, dosage, instruction, duration) VALUES ('PRES-1084-1', 'Tab. Metformin HCl 500mg', '1+0+1', 'After meals', '3 Months');
INSERT INTO prescription_medicines (prescription_id, name, dosage, instruction, duration) VALUES ('PRES-1084-1', 'Tab. Amlodipine 5mg', '0+0+1', 'At night before sleeping', '1 Month');
INSERT INTO prescription_medicines (prescription_id, name, dosage, instruction, duration) VALUES ('PRES-1084-1', 'Tab. Atorvastatin 10mg', '0+0+1', 'At night after dinner', '2 Months');
INSERT INTO lab_reports (id, patient_id, test_name, category, date, hospital_name, doctor_name, status, ai_interpretation) VALUES ('LAB-1084-1', 1084, 'Diabetes and Kidney Function Panel', 'Biochemistry', NOW() - INTERVAL '29 days', 'Delta Hospital', 'Dr. Taniya Siddique', 'Completed', 'Fasting Blood Glucose is high, indicating suboptimal glycemic control. Renal function (Creatinine) is normal. HbA1c should be monitored next visit.');
INSERT INTO lab_test_results (lab_report_id, parameter, value, unit, reference_range, status) VALUES ('LAB-1084-1', 'Fasting Blood Sugar (FBS)', '142', 'mg/dL', '70 - 100', 'High');
INSERT INTO lab_test_results (lab_report_id, parameter, value, unit, reference_range, status) VALUES ('LAB-1084-1', 'Serum Creatinine', '0.9', 'mg/dL', '0.6 - 1.2', 'Normal');
INSERT INTO lab_test_results (lab_report_id, parameter, value, unit, reference_range, status) VALUES ('LAB-1084-1', 'Blood Urea Nitrogen (BUN)', '14', 'mg/dL', '7 - 20', 'Normal');
INSERT INTO imaging_reports (id, patient_id, type, body_part, date, hospital_name, doctor_name, findings, impression) VALUES ('IMG-1084-1', 1084, 'Ultrasonography', 'Whole Abdomen', NOW() - INTERVAL '29 days', 'Delta Hospital', 'Dr. Taniya Siddique', 'Liver shows normal size but mildly increased parenchymal echotexture, suggestive of Grade-I Fatty Liver. Gallbladder, spleen, kidneys, and urinary bladder are normal in size and shape. No calculi or focal masses seen.', 'Mild Hepatomegaly with Grade-I Fatty Change (Fatty Liver).');
INSERT INTO prescriptions (id, patient_id, date, doctor_name, doctor_specialization, hospital_name, diagnosis, clinical_notes, follow_up_date) VALUES ('PRES-1084-2', 1084, NOW() - INTERVAL '8 days', 'Dr. Lubna Akter', 'Pediatrics', 'Delta Hospital', 'Gastroesophageal Reflux Disease (GERD)', 'Complains of burning sensation in the chest (heartburn), sour taste in the mouth, and upper abdominal pain after meals. Recommended avoiding spicy foods, sleeping with head elevated, and not lying down immediately after eating.', 'In 2 weeks.');
INSERT INTO prescription_medicines (prescription_id, name, dosage, instruction, duration) VALUES ('PRES-1084-2', 'Cap. Esomeprazole 20mg', '1+0+1', '30 minutes before breakfast & dinner', '1 Month');
INSERT INTO prescription_medicines (prescription_id, name, dosage, instruction, duration) VALUES ('PRES-1084-2', 'Tab. Domperidone 10mg', '1+1+1', '15 minutes before meals', '10 Days');
INSERT INTO prescription_medicines (prescription_id, name, dosage, instruction, duration) VALUES ('PRES-1084-2', 'Syr. Antacid', '2 spoonful', '1 hour after meals', '7 Days');
INSERT INTO lab_reports (id, patient_id, test_name, category, date, hospital_name, doctor_name, status, ai_interpretation) VALUES ('LAB-1084-2', 1084, 'H. Pylori Screening Panel', 'Serology', NOW() - INTERVAL '8 days', 'Delta Hospital', 'Dr. Lubna Akter', 'Completed', 'H. Pylori antigen test is negative. Upper GI symptoms are likely due to lifestyle/acid reflux rather than active bacterial infection.');
INSERT INTO lab_test_results (lab_report_id, parameter, value, unit, reference_range, status) VALUES ('LAB-1084-2', 'H. Pylori Ag (Stool)', 'Negative', 'N/A', 'Negative', 'Normal');
INSERT INTO imaging_reports (id, patient_id, type, body_part, date, hospital_name, doctor_name, findings, impression) VALUES ('IMG-1084-2', 1084, 'Ultrasonography', 'Hepatobiliary System (HBS)', NOW() - INTERVAL '8 days', 'Delta Hospital', 'Dr. Lubna Akter', 'Gallbladder is distended with normal wall thickness. No gallstones or sludge seen. Common bile duct and intrahepatic biliary channels are normal. Pancreas and spleen are normal.', 'Normal HBS scan. No gallstones detected.');
INSERT INTO patient_chronic_diseases (patient_id, disease_name, status, diagnosed_date) VALUES (1084, 'Gastroesophageal Reflux Disease (GERD)', 'Active', NOW() - INTERVAL '9 years 9 months');
INSERT INTO patient_chronic_diseases (patient_id, disease_name, status, diagnosed_date) VALUES (1084, 'Type 2 Diabetes Mellitus', 'Active', NOW() - INTERVAL '8 years 5 months');
INSERT INTO patient_chronic_diseases (patient_id, disease_name, status, diagnosed_date) VALUES (1084, 'Essential Hypertension', 'Active', NOW() - INTERVAL '8 years 11 months');
INSERT INTO prescriptions (id, patient_id, date, doctor_name, doctor_specialization, hospital_name, diagnosis, clinical_notes, follow_up_date) VALUES ('PRES-1085-1', 1085, NOW() - INTERVAL '25 days', 'Dr. Sadia Siddique', 'Endocrinology & Diabetology', 'Delta Hospital', 'Gastroesophageal Reflux Disease (GERD)', 'Complains of burning sensation in the chest (heartburn), sour taste in the mouth, and upper abdominal pain after meals. Recommended avoiding spicy foods, sleeping with head elevated, and not lying down immediately after eating.', 'In 2 weeks.');
INSERT INTO prescription_medicines (prescription_id, name, dosage, instruction, duration) VALUES ('PRES-1085-1', 'Cap. Esomeprazole 20mg', '1+0+1', '30 minutes before breakfast & dinner', '1 Month');
INSERT INTO prescription_medicines (prescription_id, name, dosage, instruction, duration) VALUES ('PRES-1085-1', 'Tab. Domperidone 10mg', '1+1+1', '15 minutes before meals', '10 Days');
INSERT INTO prescription_medicines (prescription_id, name, dosage, instruction, duration) VALUES ('PRES-1085-1', 'Syr. Antacid', '2 spoonful', '1 hour after meals', '7 Days');
INSERT INTO lab_reports (id, patient_id, test_name, category, date, hospital_name, doctor_name, status, ai_interpretation) VALUES ('LAB-1085-1', 1085, 'H. Pylori Screening Panel', 'Serology', NOW() - INTERVAL '25 days', 'Delta Hospital', 'Dr. Sadia Siddique', 'Completed', 'H. Pylori antigen test is negative. Upper GI symptoms are likely due to lifestyle/acid reflux rather than active bacterial infection.');
INSERT INTO lab_test_results (lab_report_id, parameter, value, unit, reference_range, status) VALUES ('LAB-1085-1', 'H. Pylori Ag (Stool)', 'Negative', 'N/A', 'Negative', 'Normal');
INSERT INTO imaging_reports (id, patient_id, type, body_part, date, hospital_name, doctor_name, findings, impression) VALUES ('IMG-1085-1', 1085, 'Ultrasonography', 'Hepatobiliary System (HBS)', NOW() - INTERVAL '25 days', 'Delta Hospital', 'Dr. Sadia Siddique', 'Gallbladder is distended with normal wall thickness. No gallstones or sludge seen. Common bile duct and intrahepatic biliary channels are normal. Pancreas and spleen are normal.', 'Normal HBS scan. No gallstones detected.');
INSERT INTO patient_allergies (patient_id, allergen, severity, reaction) VALUES (1085, 'Peanuts', 'High', 'Anaphylaxis and facial swelling');
INSERT INTO patient_chronic_diseases (patient_id, disease_name, status, diagnosed_date) VALUES (1085, 'Gastroesophageal Reflux Disease (GERD)', 'Active', NOW() - INTERVAL '5 years 10 months');
INSERT INTO prescriptions (id, patient_id, date, doctor_name, doctor_specialization, hospital_name, diagnosis, clinical_notes, follow_up_date) VALUES ('PRES-1086-1', 1086, NOW() - INTERVAL '24 days', 'Dr. Halima Akter', 'Urology', 'National Medical Center', 'Type 2 Diabetes Mellitus & Essential Hypertension', 'Patient presents with generalized weakness and occasional dizziness. Blood pressure and fasting blood glucose are elevated. Recommended strict dietary control, low salt, regular walking, and compliance with medications.', 'In 3 months with fasting blood sugar and lipid profile reports.');
INSERT INTO prescription_medicines (prescription_id, name, dosage, instruction, duration) VALUES ('PRES-1086-1', 'Tab. Metformin HCl 500mg', '1+0+1', 'After meals', '3 Months');
INSERT INTO prescription_medicines (prescription_id, name, dosage, instruction, duration) VALUES ('PRES-1086-1', 'Tab. Amlodipine 5mg', '0+0+1', 'At night before sleeping', '1 Month');
INSERT INTO prescription_medicines (prescription_id, name, dosage, instruction, duration) VALUES ('PRES-1086-1', 'Tab. Atorvastatin 10mg', '0+0+1', 'At night after dinner', '2 Months');
INSERT INTO lab_reports (id, patient_id, test_name, category, date, hospital_name, doctor_name, status, ai_interpretation) VALUES ('LAB-1086-1', 1086, 'Diabetes and Kidney Function Panel', 'Biochemistry', NOW() - INTERVAL '24 days', 'National Medical Center', 'Dr. Halima Akter', 'Completed', 'Fasting Blood Glucose is high, indicating suboptimal glycemic control. Renal function (Creatinine) is normal. HbA1c should be monitored next visit.');
INSERT INTO lab_test_results (lab_report_id, parameter, value, unit, reference_range, status) VALUES ('LAB-1086-1', 'Fasting Blood Sugar (FBS)', '142', 'mg/dL', '70 - 100', 'High');
INSERT INTO lab_test_results (lab_report_id, parameter, value, unit, reference_range, status) VALUES ('LAB-1086-1', 'Serum Creatinine', '0.9', 'mg/dL', '0.6 - 1.2', 'Normal');
INSERT INTO lab_test_results (lab_report_id, parameter, value, unit, reference_range, status) VALUES ('LAB-1086-1', 'Blood Urea Nitrogen (BUN)', '14', 'mg/dL', '7 - 20', 'Normal');
INSERT INTO imaging_reports (id, patient_id, type, body_part, date, hospital_name, doctor_name, findings, impression) VALUES ('IMG-1086-1', 1086, 'Ultrasonography', 'Whole Abdomen', NOW() - INTERVAL '24 days', 'National Medical Center', 'Dr. Halima Akter', 'Liver shows normal size but mildly increased parenchymal echotexture, suggestive of Grade-I Fatty Liver. Gallbladder, spleen, kidneys, and urinary bladder are normal in size and shape. No calculi or focal masses seen.', 'Mild Hepatomegaly with Grade-I Fatty Change (Fatty Liver).');
INSERT INTO patient_chronic_diseases (patient_id, disease_name, status, diagnosed_date) VALUES (1086, 'Hypothyroidism', 'Active', NOW() - INTERVAL '4 years 7 months');
INSERT INTO patient_chronic_diseases (patient_id, disease_name, status, diagnosed_date) VALUES (1086, 'Type 2 Diabetes Mellitus', 'Active', NOW() - INTERVAL '10 years 9 months');
INSERT INTO patient_chronic_diseases (patient_id, disease_name, status, diagnosed_date) VALUES (1086, 'Essential Hypertension', 'Active', NOW() - INTERVAL '9 years 5 months');
INSERT INTO prescriptions (id, patient_id, date, doctor_name, doctor_specialization, hospital_name, diagnosis, clinical_notes, follow_up_date) VALUES ('PRES-1087-1', 1087, NOW() - INTERVAL '25 days', 'Dr. Rafiq Siddique', 'Gastroenterology', 'Anwer Khan Modern Medical College Hospital', 'Bilateral Osteoarthritis of Knee Joints', 'Pain, stiffness, and cracking sounds in both knees for the last 6 months, worse in the mornings and after sitting. Advised hot compression, avoidance of sitting on floor/squatting, and moderate knee exercises.', 'In 1 Month.');
INSERT INTO prescription_medicines (prescription_id, name, dosage, instruction, duration) VALUES ('PRES-1087-1', 'Tab. Naproxen 500mg', '1+0+1', 'After meals (only when pain is high)', '7 Days');
INSERT INTO prescription_medicines (prescription_id, name, dosage, instruction, duration) VALUES ('PRES-1087-1', 'Cap. Glucosamine + Chondroitin', '1+0+1', 'After meals', '2 Months');
INSERT INTO prescription_medicines (prescription_id, name, dosage, instruction, duration) VALUES ('PRES-1087-1', 'Tab. Omeprazole 20mg', '1+0+1', 'Before breakfast & dinner', '1 Month');
INSERT INTO lab_reports (id, patient_id, test_name, category, date, hospital_name, doctor_name, status, ai_interpretation) VALUES ('LAB-1087-1', 1087, 'Arthritis & Rheumatology Profile', 'Serology', NOW() - INTERVAL '25 days', 'Anwer Khan Modern Medical College Hospital', 'Dr. Rafiq Siddique', 'Completed', 'Uric acid level is slightly elevated, but Rheumatoid Factor is negative, suggesting OA rather than Gout or Rheumatoid Arthritis.');
INSERT INTO lab_test_results (lab_report_id, parameter, value, unit, reference_range, status) VALUES ('LAB-1087-1', 'Serum Uric Acid', '7.5', 'mg/dL', '3.5 - 7.2', 'High');
INSERT INTO lab_test_results (lab_report_id, parameter, value, unit, reference_range, status) VALUES ('LAB-1087-1', 'Rheumatoid Factor (RF)', '8', 'IU/mL', '< 14', 'Normal');
INSERT INTO lab_test_results (lab_report_id, parameter, value, unit, reference_range, status) VALUES ('LAB-1087-1', 'C-Reactive Protein (CRP)', '4.2', 'mg/L', '< 5.0', 'Normal');
INSERT INTO imaging_reports (id, patient_id, type, body_part, date, hospital_name, doctor_name, findings, impression) VALUES ('IMG-1087-1', 1087, 'X-Ray', 'Bilateral Knee Joints (AP & Lateral)', NOW() - INTERVAL '25 days', 'Anwer Khan Modern Medical College Hospital', 'Dr. Rafiq Siddique', 'Narrowing of the medial joint spaces in both knees. Subchondral sclerosis and osteophyte formation are noted along the margins of both joint surfaces. No joint effusion or fracture.', 'Radiological features of Bilateral Osteoarthritis of Knees (Grade-II).');
INSERT INTO prescriptions (id, patient_id, date, doctor_name, doctor_specialization, hospital_name, diagnosis, clinical_notes, follow_up_date) VALUES ('PRES-1087-2', 1087, NOW() - INTERVAL '27 days', 'Dr. Lipi Chowdhury', 'ENT', 'National Institute of Cardiovascular Diseases', 'Acute Bronchitis & suspected Asthma', 'Cough with sputum, shortness of breath, and chest tightness for 5 days. Wheezing heard on auscultation. Advised avoiding cold drinks, dust, and using inhaler correctly.', 'In 10 days for review of symptoms.');
INSERT INTO prescription_medicines (prescription_id, name, dosage, instruction, duration) VALUES ('PRES-1087-2', 'Tab. Azithromycin 500mg', '1+0+0', '1 hour before food', '5 Days');
INSERT INTO prescription_medicines (prescription_id, name, dosage, instruction, duration) VALUES ('PRES-1087-2', 'Tab. Montelukast 10mg', '0+0+1', 'At night', '14 Days');
INSERT INTO prescription_medicines (prescription_id, name, dosage, instruction, duration) VALUES ('PRES-1087-2', 'Inhaler Salbutamol 100mcg', '2 Puffs', 'As needed (when short of breath)', 'As needed');
INSERT INTO lab_reports (id, patient_id, test_name, category, date, hospital_name, doctor_name, status, ai_interpretation) VALUES ('LAB-1087-2', 1087, 'Complete Blood Count (CBC)', 'Hematology', NOW() - INTERVAL '27 days', 'National Institute of Cardiovascular Diseases', 'Dr. Lipi Chowdhury', 'Completed', 'Mild leukocytosis observed, consistent with active respiratory tract infection. Eosinophil counts are slightly elevated, which could point to an allergic component (Asthma).');
INSERT INTO lab_test_results (lab_report_id, parameter, value, unit, reference_range, status) VALUES ('LAB-1087-2', 'Total WBC Count', '11.2', 'x10^9/L', '4.0 - 11.0', 'High');
INSERT INTO lab_test_results (lab_report_id, parameter, value, unit, reference_range, status) VALUES ('LAB-1087-2', 'Hemoglobin (Hb)', '14.5', 'g/dL', '13.5 - 17.5', 'Normal');
INSERT INTO lab_test_results (lab_report_id, parameter, value, unit, reference_range, status) VALUES ('LAB-1087-2', 'Eosinophils', '7', '%', '1 - 6', 'High');
INSERT INTO imaging_reports (id, patient_id, type, body_part, date, hospital_name, doctor_name, findings, impression) VALUES ('IMG-1087-2', 1087, 'X-Ray', 'Chest (P/A View)', NOW() - INTERVAL '27 days', 'National Institute of Cardiovascular Diseases', 'Dr. Lipi Chowdhury', 'Lungs are hyperinflated. Increased bronchovascular markings seen bilaterally. Both costophrenic angles are clear. Heart size and shape are normal. Bony thorax and dome of diaphragms are intact.', 'Findings are suggestive of Acute Bronchitic changes. No consolidation or pleural effusion.');
INSERT INTO patient_allergies (patient_id, allergen, severity, reaction) VALUES (1087, 'Penicillin', 'High', 'Anaphylactic shock and skin hives');
INSERT INTO patient_allergies (patient_id, allergen, severity, reaction) VALUES (1087, 'Dust Mites', 'Moderate', 'Sneezing and coughing');
INSERT INTO patient_allergies (patient_id, allergen, severity, reaction) VALUES (1087, 'Pollen', 'Low', 'Runny nose');
INSERT INTO patient_chronic_diseases (patient_id, disease_name, status, diagnosed_date) VALUES (1087, 'Osteoarthritis', 'Active', NOW() - INTERVAL '6 years 7 months');
INSERT INTO patient_chronic_diseases (patient_id, disease_name, status, diagnosed_date) VALUES (1087, 'Chronic Low Back Pain', 'Active', NOW() - INTERVAL '10 years 7 months');
INSERT INTO patient_chronic_diseases (patient_id, disease_name, status, diagnosed_date) VALUES (1087, 'Bronchial Asthma', 'Controlled', NOW() - INTERVAL '2 years 11 months');
INSERT INTO prescriptions (id, patient_id, date, doctor_name, doctor_specialization, hospital_name, diagnosis, clinical_notes, follow_up_date) VALUES ('PRES-1088-1', 1088, NOW() - INTERVAL '15 days', 'Dr. Faruq Begum', 'Neuromedicine', 'Square Hospitals Ltd.', 'Acute Bronchitis & suspected Asthma', 'Cough with sputum, shortness of breath, and chest tightness for 5 days. Wheezing heard on auscultation. Advised avoiding cold drinks, dust, and using inhaler correctly.', 'In 10 days for review of symptoms.');
INSERT INTO prescription_medicines (prescription_id, name, dosage, instruction, duration) VALUES ('PRES-1088-1', 'Tab. Azithromycin 500mg', '1+0+0', '1 hour before food', '5 Days');
INSERT INTO prescription_medicines (prescription_id, name, dosage, instruction, duration) VALUES ('PRES-1088-1', 'Tab. Montelukast 10mg', '0+0+1', 'At night', '14 Days');
INSERT INTO prescription_medicines (prescription_id, name, dosage, instruction, duration) VALUES ('PRES-1088-1', 'Inhaler Salbutamol 100mcg', '2 Puffs', 'As needed (when short of breath)', 'As needed');
INSERT INTO lab_reports (id, patient_id, test_name, category, date, hospital_name, doctor_name, status, ai_interpretation) VALUES ('LAB-1088-1', 1088, 'Complete Blood Count (CBC)', 'Hematology', NOW() - INTERVAL '15 days', 'Square Hospitals Ltd.', 'Dr. Faruq Begum', 'Completed', 'Mild leukocytosis observed, consistent with active respiratory tract infection. Eosinophil counts are slightly elevated, which could point to an allergic component (Asthma).');
INSERT INTO lab_test_results (lab_report_id, parameter, value, unit, reference_range, status) VALUES ('LAB-1088-1', 'Total WBC Count', '11.2', 'x10^9/L', '4.0 - 11.0', 'High');
INSERT INTO lab_test_results (lab_report_id, parameter, value, unit, reference_range, status) VALUES ('LAB-1088-1', 'Hemoglobin (Hb)', '14.5', 'g/dL', '13.5 - 17.5', 'Normal');
INSERT INTO lab_test_results (lab_report_id, parameter, value, unit, reference_range, status) VALUES ('LAB-1088-1', 'Eosinophils', '7', '%', '1 - 6', 'High');
INSERT INTO imaging_reports (id, patient_id, type, body_part, date, hospital_name, doctor_name, findings, impression) VALUES ('IMG-1088-1', 1088, 'X-Ray', 'Chest (P/A View)', NOW() - INTERVAL '15 days', 'Square Hospitals Ltd.', 'Dr. Faruq Begum', 'Lungs are hyperinflated. Increased bronchovascular markings seen bilaterally. Both costophrenic angles are clear. Heart size and shape are normal. Bony thorax and dome of diaphragms are intact.', 'Findings are suggestive of Acute Bronchitic changes. No consolidation or pleural effusion.');
INSERT INTO patient_allergies (patient_id, allergen, severity, reaction) VALUES (1088, 'Sulfa Drugs', 'Moderate', 'Generalized skin rash');
INSERT INTO patient_allergies (patient_id, allergen, severity, reaction) VALUES (1088, 'Dust Mites', 'Moderate', 'Sneezing and coughing');
INSERT INTO patient_allergies (patient_id, allergen, severity, reaction) VALUES (1088, 'Pollen', 'Low', 'Runny nose');
INSERT INTO patient_chronic_diseases (patient_id, disease_name, status, diagnosed_date) VALUES (1088, 'Bronchial Asthma', 'Controlled', NOW() - INTERVAL '2 years 7 months');
INSERT INTO prescriptions (id, patient_id, date, doctor_name, doctor_specialization, hospital_name, diagnosis, clinical_notes, follow_up_date) VALUES ('PRES-1089-1', 1089, NOW() - INTERVAL '1 days', 'Dr. Begum Begum', 'Psychiatry', 'Apollo Imperial Hospital', 'Bilateral Osteoarthritis of Knee Joints', 'Pain, stiffness, and cracking sounds in both knees for the last 6 months, worse in the mornings and after sitting. Advised hot compression, avoidance of sitting on floor/squatting, and moderate knee exercises.', 'In 1 Month.');
INSERT INTO prescription_medicines (prescription_id, name, dosage, instruction, duration) VALUES ('PRES-1089-1', 'Tab. Naproxen 500mg', '1+0+1', 'After meals (only when pain is high)', '7 Days');
INSERT INTO prescription_medicines (prescription_id, name, dosage, instruction, duration) VALUES ('PRES-1089-1', 'Cap. Glucosamine + Chondroitin', '1+0+1', 'After meals', '2 Months');
INSERT INTO prescription_medicines (prescription_id, name, dosage, instruction, duration) VALUES ('PRES-1089-1', 'Tab. Omeprazole 20mg', '1+0+1', 'Before breakfast & dinner', '1 Month');
INSERT INTO lab_reports (id, patient_id, test_name, category, date, hospital_name, doctor_name, status, ai_interpretation) VALUES ('LAB-1089-1', 1089, 'Arthritis & Rheumatology Profile', 'Serology', NOW() - INTERVAL '1 days', 'Apollo Imperial Hospital', 'Dr. Begum Begum', 'Completed', 'Uric acid level is slightly elevated, but Rheumatoid Factor is negative, suggesting OA rather than Gout or Rheumatoid Arthritis.');
INSERT INTO lab_test_results (lab_report_id, parameter, value, unit, reference_range, status) VALUES ('LAB-1089-1', 'Serum Uric Acid', '7.5', 'mg/dL', '3.5 - 7.2', 'High');
INSERT INTO lab_test_results (lab_report_id, parameter, value, unit, reference_range, status) VALUES ('LAB-1089-1', 'Rheumatoid Factor (RF)', '8', 'IU/mL', '< 14', 'Normal');
INSERT INTO lab_test_results (lab_report_id, parameter, value, unit, reference_range, status) VALUES ('LAB-1089-1', 'C-Reactive Protein (CRP)', '4.2', 'mg/L', '< 5.0', 'Normal');
INSERT INTO imaging_reports (id, patient_id, type, body_part, date, hospital_name, doctor_name, findings, impression) VALUES ('IMG-1089-1', 1089, 'X-Ray', 'Bilateral Knee Joints (AP & Lateral)', NOW() - INTERVAL '1 days', 'Apollo Imperial Hospital', 'Dr. Begum Begum', 'Narrowing of the medial joint spaces in both knees. Subchondral sclerosis and osteophyte formation are noted along the margins of both joint surfaces. No joint effusion or fracture.', 'Radiological features of Bilateral Osteoarthritis of Knees (Grade-II).');
INSERT INTO prescriptions (id, patient_id, date, doctor_name, doctor_specialization, hospital_name, diagnosis, clinical_notes, follow_up_date) VALUES ('PRES-1089-2', 1089, NOW() - INTERVAL '26 days', 'Dr. Alam Khan', 'Psychiatry', 'National Medical Center', 'Type 2 Diabetes Mellitus & Essential Hypertension', 'Patient presents with generalized weakness and occasional dizziness. Blood pressure and fasting blood glucose are elevated. Recommended strict dietary control, low salt, regular walking, and compliance with medications.', 'In 3 months with fasting blood sugar and lipid profile reports.');
INSERT INTO prescription_medicines (prescription_id, name, dosage, instruction, duration) VALUES ('PRES-1089-2', 'Tab. Metformin HCl 500mg', '1+0+1', 'After meals', '3 Months');
INSERT INTO prescription_medicines (prescription_id, name, dosage, instruction, duration) VALUES ('PRES-1089-2', 'Tab. Amlodipine 5mg', '0+0+1', 'At night before sleeping', '1 Month');
INSERT INTO prescription_medicines (prescription_id, name, dosage, instruction, duration) VALUES ('PRES-1089-2', 'Tab. Atorvastatin 10mg', '0+0+1', 'At night after dinner', '2 Months');
INSERT INTO lab_reports (id, patient_id, test_name, category, date, hospital_name, doctor_name, status, ai_interpretation) VALUES ('LAB-1089-2', 1089, 'Diabetes and Kidney Function Panel', 'Biochemistry', NOW() - INTERVAL '26 days', 'National Medical Center', 'Dr. Alam Khan', 'Completed', 'Fasting Blood Glucose is high, indicating suboptimal glycemic control. Renal function (Creatinine) is normal. HbA1c should be monitored next visit.');
INSERT INTO lab_test_results (lab_report_id, parameter, value, unit, reference_range, status) VALUES ('LAB-1089-2', 'Fasting Blood Sugar (FBS)', '142', 'mg/dL', '70 - 100', 'High');
INSERT INTO lab_test_results (lab_report_id, parameter, value, unit, reference_range, status) VALUES ('LAB-1089-2', 'Serum Creatinine', '0.9', 'mg/dL', '0.6 - 1.2', 'Normal');
INSERT INTO lab_test_results (lab_report_id, parameter, value, unit, reference_range, status) VALUES ('LAB-1089-2', 'Blood Urea Nitrogen (BUN)', '14', 'mg/dL', '7 - 20', 'Normal');
INSERT INTO imaging_reports (id, patient_id, type, body_part, date, hospital_name, doctor_name, findings, impression) VALUES ('IMG-1089-2', 1089, 'Ultrasonography', 'Whole Abdomen', NOW() - INTERVAL '26 days', 'National Medical Center', 'Dr. Alam Khan', 'Liver shows normal size but mildly increased parenchymal echotexture, suggestive of Grade-I Fatty Liver. Gallbladder, spleen, kidneys, and urinary bladder are normal in size and shape. No calculi or focal masses seen.', 'Mild Hepatomegaly with Grade-I Fatty Change (Fatty Liver).');
INSERT INTO patient_chronic_diseases (patient_id, disease_name, status, diagnosed_date) VALUES (1089, 'Osteoarthritis', 'Active', NOW() - INTERVAL '7 years 8 months');
INSERT INTO patient_chronic_diseases (patient_id, disease_name, status, diagnosed_date) VALUES (1089, 'Anemia', 'Active', NOW() - INTERVAL '5 years 8 months');
INSERT INTO patient_chronic_diseases (patient_id, disease_name, status, diagnosed_date) VALUES (1089, 'Type 2 Diabetes Mellitus', 'Active', NOW() - INTERVAL '1 years 10 months');
INSERT INTO patient_chronic_diseases (patient_id, disease_name, status, diagnosed_date) VALUES (1089, 'Essential Hypertension', 'Active', NOW() - INTERVAL '3 years 10 months');
INSERT INTO prescriptions (id, patient_id, date, doctor_name, doctor_specialization, hospital_name, diagnosis, clinical_notes, follow_up_date) VALUES ('PRES-1090-1', 1090, NOW() - INTERVAL '9 days', 'Dr. Lipi Chowdhury', 'ENT', 'National Institute of Cardiovascular Diseases', 'Acute Bronchitis & suspected Asthma', 'Cough with sputum, shortness of breath, and chest tightness for 5 days. Wheezing heard on auscultation. Advised avoiding cold drinks, dust, and using inhaler correctly.', 'In 10 days for review of symptoms.');
INSERT INTO prescription_medicines (prescription_id, name, dosage, instruction, duration) VALUES ('PRES-1090-1', 'Tab. Azithromycin 500mg', '1+0+0', '1 hour before food', '5 Days');
INSERT INTO prescription_medicines (prescription_id, name, dosage, instruction, duration) VALUES ('PRES-1090-1', 'Tab. Montelukast 10mg', '0+0+1', 'At night', '14 Days');
INSERT INTO prescription_medicines (prescription_id, name, dosage, instruction, duration) VALUES ('PRES-1090-1', 'Inhaler Salbutamol 100mcg', '2 Puffs', 'As needed (when short of breath)', 'As needed');
INSERT INTO lab_reports (id, patient_id, test_name, category, date, hospital_name, doctor_name, status, ai_interpretation) VALUES ('LAB-1090-1', 1090, 'Complete Blood Count (CBC)', 'Hematology', NOW() - INTERVAL '9 days', 'National Institute of Cardiovascular Diseases', 'Dr. Lipi Chowdhury', 'Completed', 'Mild leukocytosis observed, consistent with active respiratory tract infection. Eosinophil counts are slightly elevated, which could point to an allergic component (Asthma).');
INSERT INTO lab_test_results (lab_report_id, parameter, value, unit, reference_range, status) VALUES ('LAB-1090-1', 'Total WBC Count', '11.2', 'x10^9/L', '4.0 - 11.0', 'High');
INSERT INTO lab_test_results (lab_report_id, parameter, value, unit, reference_range, status) VALUES ('LAB-1090-1', 'Hemoglobin (Hb)', '14.5', 'g/dL', '13.5 - 17.5', 'Normal');
INSERT INTO lab_test_results (lab_report_id, parameter, value, unit, reference_range, status) VALUES ('LAB-1090-1', 'Eosinophils', '7', '%', '1 - 6', 'High');
INSERT INTO imaging_reports (id, patient_id, type, body_part, date, hospital_name, doctor_name, findings, impression) VALUES ('IMG-1090-1', 1090, 'X-Ray', 'Chest (P/A View)', NOW() - INTERVAL '9 days', 'National Institute of Cardiovascular Diseases', 'Dr. Lipi Chowdhury', 'Lungs are hyperinflated. Increased bronchovascular markings seen bilaterally. Both costophrenic angles are clear. Heart size and shape are normal. Bony thorax and dome of diaphragms are intact.', 'Findings are suggestive of Acute Bronchitic changes. No consolidation or pleural effusion.');
INSERT INTO patient_allergies (patient_id, allergen, severity, reaction) VALUES (1090, 'Dust Mites', 'Moderate', 'Sneezing and coughing');
INSERT INTO patient_allergies (patient_id, allergen, severity, reaction) VALUES (1090, 'Pollen', 'Low', 'Runny nose');
INSERT INTO patient_chronic_diseases (patient_id, disease_name, status, diagnosed_date) VALUES (1090, 'Bronchial Asthma', 'Controlled', NOW() - INTERVAL '10 years 2 months');
INSERT INTO prescriptions (id, patient_id, date, doctor_name, doctor_specialization, hospital_name, diagnosis, clinical_notes, follow_up_date) VALUES ('PRES-1091-1', 1091, NOW() - INTERVAL '26 days', 'Dr. Zahid Chowdhury', 'Dermatology', 'North West Medical College & Hospital', 'Type 2 Diabetes Mellitus & Essential Hypertension', 'Patient presents with generalized weakness and occasional dizziness. Blood pressure and fasting blood glucose are elevated. Recommended strict dietary control, low salt, regular walking, and compliance with medications.', 'In 3 months with fasting blood sugar and lipid profile reports.');
INSERT INTO prescription_medicines (prescription_id, name, dosage, instruction, duration) VALUES ('PRES-1091-1', 'Tab. Metformin HCl 500mg', '1+0+1', 'After meals', '3 Months');
INSERT INTO prescription_medicines (prescription_id, name, dosage, instruction, duration) VALUES ('PRES-1091-1', 'Tab. Amlodipine 5mg', '0+0+1', 'At night before sleeping', '1 Month');
INSERT INTO prescription_medicines (prescription_id, name, dosage, instruction, duration) VALUES ('PRES-1091-1', 'Tab. Atorvastatin 10mg', '0+0+1', 'At night after dinner', '2 Months');
INSERT INTO lab_reports (id, patient_id, test_name, category, date, hospital_name, doctor_name, status, ai_interpretation) VALUES ('LAB-1091-1', 1091, 'Diabetes and Kidney Function Panel', 'Biochemistry', NOW() - INTERVAL '26 days', 'North West Medical College & Hospital', 'Dr. Zahid Chowdhury', 'Completed', 'Fasting Blood Glucose is high, indicating suboptimal glycemic control. Renal function (Creatinine) is normal. HbA1c should be monitored next visit.');
INSERT INTO lab_test_results (lab_report_id, parameter, value, unit, reference_range, status) VALUES ('LAB-1091-1', 'Fasting Blood Sugar (FBS)', '142', 'mg/dL', '70 - 100', 'High');
INSERT INTO lab_test_results (lab_report_id, parameter, value, unit, reference_range, status) VALUES ('LAB-1091-1', 'Serum Creatinine', '0.9', 'mg/dL', '0.6 - 1.2', 'Normal');
INSERT INTO lab_test_results (lab_report_id, parameter, value, unit, reference_range, status) VALUES ('LAB-1091-1', 'Blood Urea Nitrogen (BUN)', '14', 'mg/dL', '7 - 20', 'Normal');
INSERT INTO imaging_reports (id, patient_id, type, body_part, date, hospital_name, doctor_name, findings, impression) VALUES ('IMG-1091-1', 1091, 'Ultrasonography', 'Whole Abdomen', NOW() - INTERVAL '26 days', 'North West Medical College & Hospital', 'Dr. Zahid Chowdhury', 'Liver shows normal size but mildly increased parenchymal echotexture, suggestive of Grade-I Fatty Liver. Gallbladder, spleen, kidneys, and urinary bladder are normal in size and shape. No calculi or focal masses seen.', 'Mild Hepatomegaly with Grade-I Fatty Change (Fatty Liver).');
INSERT INTO prescriptions (id, patient_id, date, doctor_name, doctor_specialization, hospital_name, diagnosis, clinical_notes, follow_up_date) VALUES ('PRES-1091-2', 1091, NOW() - INTERVAL '11 days', 'Dr. Rafiq Siddique', 'General Surgery', 'National Institute of Cardiovascular Diseases', 'Acute Bronchitis & suspected Asthma', 'Cough with sputum, shortness of breath, and chest tightness for 5 days. Wheezing heard on auscultation. Advised avoiding cold drinks, dust, and using inhaler correctly.', 'In 10 days for review of symptoms.');
INSERT INTO prescription_medicines (prescription_id, name, dosage, instruction, duration) VALUES ('PRES-1091-2', 'Tab. Azithromycin 500mg', '1+0+0', '1 hour before food', '5 Days');
INSERT INTO prescription_medicines (prescription_id, name, dosage, instruction, duration) VALUES ('PRES-1091-2', 'Tab. Montelukast 10mg', '0+0+1', 'At night', '14 Days');
INSERT INTO prescription_medicines (prescription_id, name, dosage, instruction, duration) VALUES ('PRES-1091-2', 'Inhaler Salbutamol 100mcg', '2 Puffs', 'As needed (when short of breath)', 'As needed');
INSERT INTO lab_reports (id, patient_id, test_name, category, date, hospital_name, doctor_name, status, ai_interpretation) VALUES ('LAB-1091-2', 1091, 'Complete Blood Count (CBC)', 'Hematology', NOW() - INTERVAL '11 days', 'National Institute of Cardiovascular Diseases', 'Dr. Rafiq Siddique', 'Completed', 'Mild leukocytosis observed, consistent with active respiratory tract infection. Eosinophil counts are slightly elevated, which could point to an allergic component (Asthma).');
INSERT INTO lab_test_results (lab_report_id, parameter, value, unit, reference_range, status) VALUES ('LAB-1091-2', 'Total WBC Count', '11.2', 'x10^9/L', '4.0 - 11.0', 'High');
INSERT INTO lab_test_results (lab_report_id, parameter, value, unit, reference_range, status) VALUES ('LAB-1091-2', 'Hemoglobin (Hb)', '14.5', 'g/dL', '13.5 - 17.5', 'Normal');
INSERT INTO lab_test_results (lab_report_id, parameter, value, unit, reference_range, status) VALUES ('LAB-1091-2', 'Eosinophils', '7', '%', '1 - 6', 'High');
INSERT INTO imaging_reports (id, patient_id, type, body_part, date, hospital_name, doctor_name, findings, impression) VALUES ('IMG-1091-2', 1091, 'X-Ray', 'Chest (P/A View)', NOW() - INTERVAL '11 days', 'National Institute of Cardiovascular Diseases', 'Dr. Rafiq Siddique', 'Lungs are hyperinflated. Increased bronchovascular markings seen bilaterally. Both costophrenic angles are clear. Heart size and shape are normal. Bony thorax and dome of diaphragms are intact.', 'Findings are suggestive of Acute Bronchitic changes. No consolidation or pleural effusion.');
INSERT INTO patient_allergies (patient_id, allergen, severity, reaction) VALUES (1091, 'Dust Mites', 'Moderate', 'Sneezing and coughing');
INSERT INTO patient_allergies (patient_id, allergen, severity, reaction) VALUES (1091, 'Pollen', 'Low', 'Runny nose');
INSERT INTO patient_chronic_diseases (patient_id, disease_name, status, diagnosed_date) VALUES (1091, 'Type 2 Diabetes Mellitus', 'Active', NOW() - INTERVAL '10 years 9 months');
INSERT INTO patient_chronic_diseases (patient_id, disease_name, status, diagnosed_date) VALUES (1091, 'Essential Hypertension', 'Active', NOW() - INTERVAL '1 years 7 months');
INSERT INTO patient_chronic_diseases (patient_id, disease_name, status, diagnosed_date) VALUES (1091, 'Bronchial Asthma', 'Controlled', NOW() - INTERVAL '2 years 12 months');
INSERT INTO prescriptions (id, patient_id, date, doctor_name, doctor_specialization, hospital_name, diagnosis, clinical_notes, follow_up_date) VALUES ('PRES-1092-1', 1092, NOW() - INTERVAL '28 days', 'Dr. Sadia Begum', 'Urology', 'National Medical Center', 'Gastroesophageal Reflux Disease (GERD)', 'Complains of burning sensation in the chest (heartburn), sour taste in the mouth, and upper abdominal pain after meals. Recommended avoiding spicy foods, sleeping with head elevated, and not lying down immediately after eating.', 'In 2 weeks.');
INSERT INTO prescription_medicines (prescription_id, name, dosage, instruction, duration) VALUES ('PRES-1092-1', 'Cap. Esomeprazole 20mg', '1+0+1', '30 minutes before breakfast & dinner', '1 Month');
INSERT INTO prescription_medicines (prescription_id, name, dosage, instruction, duration) VALUES ('PRES-1092-1', 'Tab. Domperidone 10mg', '1+1+1', '15 minutes before meals', '10 Days');
INSERT INTO prescription_medicines (prescription_id, name, dosage, instruction, duration) VALUES ('PRES-1092-1', 'Syr. Antacid', '2 spoonful', '1 hour after meals', '7 Days');
INSERT INTO lab_reports (id, patient_id, test_name, category, date, hospital_name, doctor_name, status, ai_interpretation) VALUES ('LAB-1092-1', 1092, 'H. Pylori Screening Panel', 'Serology', NOW() - INTERVAL '28 days', 'National Medical Center', 'Dr. Sadia Begum', 'Completed', 'H. Pylori antigen test is negative. Upper GI symptoms are likely due to lifestyle/acid reflux rather than active bacterial infection.');
INSERT INTO lab_test_results (lab_report_id, parameter, value, unit, reference_range, status) VALUES ('LAB-1092-1', 'H. Pylori Ag (Stool)', 'Negative', 'N/A', 'Negative', 'Normal');
INSERT INTO imaging_reports (id, patient_id, type, body_part, date, hospital_name, doctor_name, findings, impression) VALUES ('IMG-1092-1', 1092, 'Ultrasonography', 'Hepatobiliary System (HBS)', NOW() - INTERVAL '28 days', 'National Medical Center', 'Dr. Sadia Begum', 'Gallbladder is distended with normal wall thickness. No gallstones or sludge seen. Common bile duct and intrahepatic biliary channels are normal. Pancreas and spleen are normal.', 'Normal HBS scan. No gallstones detected.');
INSERT INTO patient_allergies (patient_id, allergen, severity, reaction) VALUES (1092, 'Peanuts', 'High', 'Anaphylaxis and facial swelling');
INSERT INTO patient_chronic_diseases (patient_id, disease_name, status, diagnosed_date) VALUES (1092, 'Gastroesophageal Reflux Disease (GERD)', 'Active', NOW() - INTERVAL '5 years 5 months');
INSERT INTO patient_chronic_diseases (patient_id, disease_name, status, diagnosed_date) VALUES (1092, 'Allergic Rhinitis', 'Controlled', NOW() - INTERVAL '2 years 2 months');
INSERT INTO prescriptions (id, patient_id, date, doctor_name, doctor_specialization, hospital_name, diagnosis, clinical_notes, follow_up_date) VALUES ('PRES-1093-1', 1093, NOW() - INTERVAL '11 days', 'Dr. Sultana Siddique', 'ENT', 'Dhaka Shishu Hospital', 'Gastroesophageal Reflux Disease (GERD)', 'Complains of burning sensation in the chest (heartburn), sour taste in the mouth, and upper abdominal pain after meals. Recommended avoiding spicy foods, sleeping with head elevated, and not lying down immediately after eating.', 'In 2 weeks.');
INSERT INTO prescription_medicines (prescription_id, name, dosage, instruction, duration) VALUES ('PRES-1093-1', 'Cap. Esomeprazole 20mg', '1+0+1', '30 minutes before breakfast & dinner', '1 Month');
INSERT INTO prescription_medicines (prescription_id, name, dosage, instruction, duration) VALUES ('PRES-1093-1', 'Tab. Domperidone 10mg', '1+1+1', '15 minutes before meals', '10 Days');
INSERT INTO prescription_medicines (prescription_id, name, dosage, instruction, duration) VALUES ('PRES-1093-1', 'Syr. Antacid', '2 spoonful', '1 hour after meals', '7 Days');
INSERT INTO lab_reports (id, patient_id, test_name, category, date, hospital_name, doctor_name, status, ai_interpretation) VALUES ('LAB-1093-1', 1093, 'H. Pylori Screening Panel', 'Serology', NOW() - INTERVAL '11 days', 'Dhaka Shishu Hospital', 'Dr. Sultana Siddique', 'Completed', 'H. Pylori antigen test is negative. Upper GI symptoms are likely due to lifestyle/acid reflux rather than active bacterial infection.');
INSERT INTO lab_test_results (lab_report_id, parameter, value, unit, reference_range, status) VALUES ('LAB-1093-1', 'H. Pylori Ag (Stool)', 'Negative', 'N/A', 'Negative', 'Normal');
INSERT INTO imaging_reports (id, patient_id, type, body_part, date, hospital_name, doctor_name, findings, impression) VALUES ('IMG-1093-1', 1093, 'Ultrasonography', 'Hepatobiliary System (HBS)', NOW() - INTERVAL '11 days', 'Dhaka Shishu Hospital', 'Dr. Sultana Siddique', 'Gallbladder is distended with normal wall thickness. No gallstones or sludge seen. Common bile duct and intrahepatic biliary channels are normal. Pancreas and spleen are normal.', 'Normal HBS scan. No gallstones detected.');
INSERT INTO prescriptions (id, patient_id, date, doctor_name, doctor_specialization, hospital_name, diagnosis, clinical_notes, follow_up_date) VALUES ('PRES-1093-2', 1093, NOW() - INTERVAL '22 days', 'Dr. Keya Rahman', 'Urology', 'Anwer Khan Modern Medical College Hospital', 'Bilateral Osteoarthritis of Knee Joints', 'Pain, stiffness, and cracking sounds in both knees for the last 6 months, worse in the mornings and after sitting. Advised hot compression, avoidance of sitting on floor/squatting, and moderate knee exercises.', 'In 1 Month.');
INSERT INTO prescription_medicines (prescription_id, name, dosage, instruction, duration) VALUES ('PRES-1093-2', 'Tab. Naproxen 500mg', '1+0+1', 'After meals (only when pain is high)', '7 Days');
INSERT INTO prescription_medicines (prescription_id, name, dosage, instruction, duration) VALUES ('PRES-1093-2', 'Cap. Glucosamine + Chondroitin', '1+0+1', 'After meals', '2 Months');
INSERT INTO prescription_medicines (prescription_id, name, dosage, instruction, duration) VALUES ('PRES-1093-2', 'Tab. Omeprazole 20mg', '1+0+1', 'Before breakfast & dinner', '1 Month');
INSERT INTO lab_reports (id, patient_id, test_name, category, date, hospital_name, doctor_name, status, ai_interpretation) VALUES ('LAB-1093-2', 1093, 'Arthritis & Rheumatology Profile', 'Serology', NOW() - INTERVAL '22 days', 'Anwer Khan Modern Medical College Hospital', 'Dr. Keya Rahman', 'Completed', 'Uric acid level is slightly elevated, but Rheumatoid Factor is negative, suggesting OA rather than Gout or Rheumatoid Arthritis.');
INSERT INTO lab_test_results (lab_report_id, parameter, value, unit, reference_range, status) VALUES ('LAB-1093-2', 'Serum Uric Acid', '7.5', 'mg/dL', '3.5 - 7.2', 'High');
INSERT INTO lab_test_results (lab_report_id, parameter, value, unit, reference_range, status) VALUES ('LAB-1093-2', 'Rheumatoid Factor (RF)', '8', 'IU/mL', '< 14', 'Normal');
INSERT INTO lab_test_results (lab_report_id, parameter, value, unit, reference_range, status) VALUES ('LAB-1093-2', 'C-Reactive Protein (CRP)', '4.2', 'mg/L', '< 5.0', 'Normal');
INSERT INTO imaging_reports (id, patient_id, type, body_part, date, hospital_name, doctor_name, findings, impression) VALUES ('IMG-1093-2', 1093, 'X-Ray', 'Bilateral Knee Joints (AP & Lateral)', NOW() - INTERVAL '22 days', 'Anwer Khan Modern Medical College Hospital', 'Dr. Keya Rahman', 'Narrowing of the medial joint spaces in both knees. Subchondral sclerosis and osteophyte formation are noted along the margins of both joint surfaces. No joint effusion or fracture.', 'Radiological features of Bilateral Osteoarthritis of Knees (Grade-II).');
INSERT INTO patient_allergies (patient_id, allergen, severity, reaction) VALUES (1093, 'Penicillin', 'High', 'Anaphylactic shock and skin hives');
INSERT INTO patient_chronic_diseases (patient_id, disease_name, status, diagnosed_date) VALUES (1093, 'Osteoarthritis', 'Active', NOW() - INTERVAL '9 years 12 months');
INSERT INTO patient_chronic_diseases (patient_id, disease_name, status, diagnosed_date) VALUES (1093, 'Gastroesophageal Reflux Disease (GERD)', 'Active', NOW() - INTERVAL '2 years 5 months');
INSERT INTO prescriptions (id, patient_id, date, doctor_name, doctor_specialization, hospital_name, diagnosis, clinical_notes, follow_up_date) VALUES ('PRES-1094-1', 1094, NOW() - INTERVAL '24 days', 'Dr. Parveen Chowdhury', 'General Medicine', 'BSMMU (PG Hospital)', 'Gastroesophageal Reflux Disease (GERD)', 'Complains of burning sensation in the chest (heartburn), sour taste in the mouth, and upper abdominal pain after meals. Recommended avoiding spicy foods, sleeping with head elevated, and not lying down immediately after eating.', 'In 2 weeks.');
INSERT INTO prescription_medicines (prescription_id, name, dosage, instruction, duration) VALUES ('PRES-1094-1', 'Cap. Esomeprazole 20mg', '1+0+1', '30 minutes before breakfast & dinner', '1 Month');
INSERT INTO prescription_medicines (prescription_id, name, dosage, instruction, duration) VALUES ('PRES-1094-1', 'Tab. Domperidone 10mg', '1+1+1', '15 minutes before meals', '10 Days');
INSERT INTO prescription_medicines (prescription_id, name, dosage, instruction, duration) VALUES ('PRES-1094-1', 'Syr. Antacid', '2 spoonful', '1 hour after meals', '7 Days');
INSERT INTO lab_reports (id, patient_id, test_name, category, date, hospital_name, doctor_name, status, ai_interpretation) VALUES ('LAB-1094-1', 1094, 'H. Pylori Screening Panel', 'Serology', NOW() - INTERVAL '24 days', 'BSMMU (PG Hospital)', 'Dr. Parveen Chowdhury', 'Completed', 'H. Pylori antigen test is negative. Upper GI symptoms are likely due to lifestyle/acid reflux rather than active bacterial infection.');
INSERT INTO lab_test_results (lab_report_id, parameter, value, unit, reference_range, status) VALUES ('LAB-1094-1', 'H. Pylori Ag (Stool)', 'Negative', 'N/A', 'Negative', 'Normal');
INSERT INTO imaging_reports (id, patient_id, type, body_part, date, hospital_name, doctor_name, findings, impression) VALUES ('IMG-1094-1', 1094, 'Ultrasonography', 'Hepatobiliary System (HBS)', NOW() - INTERVAL '24 days', 'BSMMU (PG Hospital)', 'Dr. Parveen Chowdhury', 'Gallbladder is distended with normal wall thickness. No gallstones or sludge seen. Common bile duct and intrahepatic biliary channels are normal. Pancreas and spleen are normal.', 'Normal HBS scan. No gallstones detected.');
INSERT INTO patient_allergies (patient_id, allergen, severity, reaction) VALUES (1094, 'Dairy Products', 'Moderate', 'Abdominal cramps and diarrhea');
INSERT INTO patient_chronic_diseases (patient_id, disease_name, status, diagnosed_date) VALUES (1094, 'Gastroesophageal Reflux Disease (GERD)', 'Active', NOW() - INTERVAL '3 years 5 months');
INSERT INTO patient_chronic_diseases (patient_id, disease_name, status, diagnosed_date) VALUES (1094, 'Hyperlipidemia', 'Active', NOW() - INTERVAL '5 years 4 months');
INSERT INTO prescriptions (id, patient_id, date, doctor_name, doctor_specialization, hospital_name, diagnosis, clinical_notes, follow_up_date) VALUES ('PRES-1095-1', 1095, NOW() - INTERVAL '28 days', 'Dr. Tarek Hasan', 'Gynaecology & Obstetrics', 'North West Medical College & Hospital', 'Bilateral Osteoarthritis of Knee Joints', 'Pain, stiffness, and cracking sounds in both knees for the last 6 months, worse in the mornings and after sitting. Advised hot compression, avoidance of sitting on floor/squatting, and moderate knee exercises.', 'In 1 Month.');
INSERT INTO prescription_medicines (prescription_id, name, dosage, instruction, duration) VALUES ('PRES-1095-1', 'Tab. Naproxen 500mg', '1+0+1', 'After meals (only when pain is high)', '7 Days');
INSERT INTO prescription_medicines (prescription_id, name, dosage, instruction, duration) VALUES ('PRES-1095-1', 'Cap. Glucosamine + Chondroitin', '1+0+1', 'After meals', '2 Months');
INSERT INTO prescription_medicines (prescription_id, name, dosage, instruction, duration) VALUES ('PRES-1095-1', 'Tab. Omeprazole 20mg', '1+0+1', 'Before breakfast & dinner', '1 Month');
INSERT INTO lab_reports (id, patient_id, test_name, category, date, hospital_name, doctor_name, status, ai_interpretation) VALUES ('LAB-1095-1', 1095, 'Arthritis & Rheumatology Profile', 'Serology', NOW() - INTERVAL '28 days', 'North West Medical College & Hospital', 'Dr. Tarek Hasan', 'Completed', 'Uric acid level is slightly elevated, but Rheumatoid Factor is negative, suggesting OA rather than Gout or Rheumatoid Arthritis.');
INSERT INTO lab_test_results (lab_report_id, parameter, value, unit, reference_range, status) VALUES ('LAB-1095-1', 'Serum Uric Acid', '7.5', 'mg/dL', '3.5 - 7.2', 'High');
INSERT INTO lab_test_results (lab_report_id, parameter, value, unit, reference_range, status) VALUES ('LAB-1095-1', 'Rheumatoid Factor (RF)', '8', 'IU/mL', '< 14', 'Normal');
INSERT INTO lab_test_results (lab_report_id, parameter, value, unit, reference_range, status) VALUES ('LAB-1095-1', 'C-Reactive Protein (CRP)', '4.2', 'mg/L', '< 5.0', 'Normal');
INSERT INTO imaging_reports (id, patient_id, type, body_part, date, hospital_name, doctor_name, findings, impression) VALUES ('IMG-1095-1', 1095, 'X-Ray', 'Bilateral Knee Joints (AP & Lateral)', NOW() - INTERVAL '28 days', 'North West Medical College & Hospital', 'Dr. Tarek Hasan', 'Narrowing of the medial joint spaces in both knees. Subchondral sclerosis and osteophyte formation are noted along the margins of both joint surfaces. No joint effusion or fracture.', 'Radiological features of Bilateral Osteoarthritis of Knees (Grade-II).');
INSERT INTO patient_chronic_diseases (patient_id, disease_name, status, diagnosed_date) VALUES (1095, 'Osteoarthritis', 'Active', NOW() - INTERVAL '5 years 5 months');
INSERT INTO patient_chronic_diseases (patient_id, disease_name, status, diagnosed_date) VALUES (1095, 'Hypothyroidism', 'Active', NOW() - INTERVAL '6 years 12 months');
INSERT INTO prescriptions (id, patient_id, date, doctor_name, doctor_specialization, hospital_name, diagnosis, clinical_notes, follow_up_date) VALUES ('PRES-1096-1', 1096, NOW() - INTERVAL '8 days', 'Dr. Mahbub Islam', 'Gastroenterology', 'Dhaka Medical College Hospital', 'Gastroesophageal Reflux Disease (GERD)', 'Complains of burning sensation in the chest (heartburn), sour taste in the mouth, and upper abdominal pain after meals. Recommended avoiding spicy foods, sleeping with head elevated, and not lying down immediately after eating.', 'In 2 weeks.');
INSERT INTO prescription_medicines (prescription_id, name, dosage, instruction, duration) VALUES ('PRES-1096-1', 'Cap. Esomeprazole 20mg', '1+0+1', '30 minutes before breakfast & dinner', '1 Month');
INSERT INTO prescription_medicines (prescription_id, name, dosage, instruction, duration) VALUES ('PRES-1096-1', 'Tab. Domperidone 10mg', '1+1+1', '15 minutes before meals', '10 Days');
INSERT INTO prescription_medicines (prescription_id, name, dosage, instruction, duration) VALUES ('PRES-1096-1', 'Syr. Antacid', '2 spoonful', '1 hour after meals', '7 Days');
INSERT INTO lab_reports (id, patient_id, test_name, category, date, hospital_name, doctor_name, status, ai_interpretation) VALUES ('LAB-1096-1', 1096, 'H. Pylori Screening Panel', 'Serology', NOW() - INTERVAL '8 days', 'Dhaka Medical College Hospital', 'Dr. Mahbub Islam', 'Completed', 'H. Pylori antigen test is negative. Upper GI symptoms are likely due to lifestyle/acid reflux rather than active bacterial infection.');
INSERT INTO lab_test_results (lab_report_id, parameter, value, unit, reference_range, status) VALUES ('LAB-1096-1', 'H. Pylori Ag (Stool)', 'Negative', 'N/A', 'Negative', 'Normal');
INSERT INTO imaging_reports (id, patient_id, type, body_part, date, hospital_name, doctor_name, findings, impression) VALUES ('IMG-1096-1', 1096, 'Ultrasonography', 'Hepatobiliary System (HBS)', NOW() - INTERVAL '8 days', 'Dhaka Medical College Hospital', 'Dr. Mahbub Islam', 'Gallbladder is distended with normal wall thickness. No gallstones or sludge seen. Common bile duct and intrahepatic biliary channels are normal. Pancreas and spleen are normal.', 'Normal HBS scan. No gallstones detected.');
INSERT INTO prescriptions (id, patient_id, date, doctor_name, doctor_specialization, hospital_name, diagnosis, clinical_notes, follow_up_date) VALUES ('PRES-1096-2', 1096, NOW() - INTERVAL '11 days', 'Dr. Rashed Begum', 'General Medicine', 'Dhaka Shishu Hospital', 'Bilateral Osteoarthritis of Knee Joints', 'Pain, stiffness, and cracking sounds in both knees for the last 6 months, worse in the mornings and after sitting. Advised hot compression, avoidance of sitting on floor/squatting, and moderate knee exercises.', 'In 1 Month.');
INSERT INTO prescription_medicines (prescription_id, name, dosage, instruction, duration) VALUES ('PRES-1096-2', 'Tab. Naproxen 500mg', '1+0+1', 'After meals (only when pain is high)', '7 Days');
INSERT INTO prescription_medicines (prescription_id, name, dosage, instruction, duration) VALUES ('PRES-1096-2', 'Cap. Glucosamine + Chondroitin', '1+0+1', 'After meals', '2 Months');
INSERT INTO prescription_medicines (prescription_id, name, dosage, instruction, duration) VALUES ('PRES-1096-2', 'Tab. Omeprazole 20mg', '1+0+1', 'Before breakfast & dinner', '1 Month');
INSERT INTO lab_reports (id, patient_id, test_name, category, date, hospital_name, doctor_name, status, ai_interpretation) VALUES ('LAB-1096-2', 1096, 'Arthritis & Rheumatology Profile', 'Serology', NOW() - INTERVAL '11 days', 'Dhaka Shishu Hospital', 'Dr. Rashed Begum', 'Completed', 'Uric acid level is slightly elevated, but Rheumatoid Factor is negative, suggesting OA rather than Gout or Rheumatoid Arthritis.');
INSERT INTO lab_test_results (lab_report_id, parameter, value, unit, reference_range, status) VALUES ('LAB-1096-2', 'Serum Uric Acid', '7.5', 'mg/dL', '3.5 - 7.2', 'High');
INSERT INTO lab_test_results (lab_report_id, parameter, value, unit, reference_range, status) VALUES ('LAB-1096-2', 'Rheumatoid Factor (RF)', '8', 'IU/mL', '< 14', 'Normal');
INSERT INTO lab_test_results (lab_report_id, parameter, value, unit, reference_range, status) VALUES ('LAB-1096-2', 'C-Reactive Protein (CRP)', '4.2', 'mg/L', '< 5.0', 'Normal');
INSERT INTO imaging_reports (id, patient_id, type, body_part, date, hospital_name, doctor_name, findings, impression) VALUES ('IMG-1096-2', 1096, 'X-Ray', 'Bilateral Knee Joints (AP & Lateral)', NOW() - INTERVAL '11 days', 'Dhaka Shishu Hospital', 'Dr. Rashed Begum', 'Narrowing of the medial joint spaces in both knees. Subchondral sclerosis and osteophyte formation are noted along the margins of both joint surfaces. No joint effusion or fracture.', 'Radiological features of Bilateral Osteoarthritis of Knees (Grade-II).');
INSERT INTO patient_chronic_diseases (patient_id, disease_name, status, diagnosed_date) VALUES (1096, 'Osteoarthritis', 'Active', NOW() - INTERVAL '4 years 10 months');
INSERT INTO patient_chronic_diseases (patient_id, disease_name, status, diagnosed_date) VALUES (1096, 'Gastroesophageal Reflux Disease (GERD)', 'Active', NOW() - INTERVAL '5 years 11 months');
INSERT INTO prescriptions (id, patient_id, date, doctor_name, doctor_specialization, hospital_name, diagnosis, clinical_notes, follow_up_date) VALUES ('PRES-1097-1', 1097, NOW() - INTERVAL '7 days', 'Dr. Shahanaz Siddique', 'Pediatrics', 'Delta Hospital', 'Gastroesophageal Reflux Disease (GERD)', 'Complains of burning sensation in the chest (heartburn), sour taste in the mouth, and upper abdominal pain after meals. Recommended avoiding spicy foods, sleeping with head elevated, and not lying down immediately after eating.', 'In 2 weeks.');
INSERT INTO prescription_medicines (prescription_id, name, dosage, instruction, duration) VALUES ('PRES-1097-1', 'Cap. Esomeprazole 20mg', '1+0+1', '30 minutes before breakfast & dinner', '1 Month');
INSERT INTO prescription_medicines (prescription_id, name, dosage, instruction, duration) VALUES ('PRES-1097-1', 'Tab. Domperidone 10mg', '1+1+1', '15 minutes before meals', '10 Days');
INSERT INTO prescription_medicines (prescription_id, name, dosage, instruction, duration) VALUES ('PRES-1097-1', 'Syr. Antacid', '2 spoonful', '1 hour after meals', '7 Days');
INSERT INTO lab_reports (id, patient_id, test_name, category, date, hospital_name, doctor_name, status, ai_interpretation) VALUES ('LAB-1097-1', 1097, 'H. Pylori Screening Panel', 'Serology', NOW() - INTERVAL '7 days', 'Delta Hospital', 'Dr. Shahanaz Siddique', 'Completed', 'H. Pylori antigen test is negative. Upper GI symptoms are likely due to lifestyle/acid reflux rather than active bacterial infection.');
INSERT INTO lab_test_results (lab_report_id, parameter, value, unit, reference_range, status) VALUES ('LAB-1097-1', 'H. Pylori Ag (Stool)', 'Negative', 'N/A', 'Negative', 'Normal');
INSERT INTO imaging_reports (id, patient_id, type, body_part, date, hospital_name, doctor_name, findings, impression) VALUES ('IMG-1097-1', 1097, 'Ultrasonography', 'Hepatobiliary System (HBS)', NOW() - INTERVAL '7 days', 'Delta Hospital', 'Dr. Shahanaz Siddique', 'Gallbladder is distended with normal wall thickness. No gallstones or sludge seen. Common bile duct and intrahepatic biliary channels are normal. Pancreas and spleen are normal.', 'Normal HBS scan. No gallstones detected.');
INSERT INTO prescriptions (id, patient_id, date, doctor_name, doctor_specialization, hospital_name, diagnosis, clinical_notes, follow_up_date) VALUES ('PRES-1097-2', 1097, NOW() - INTERVAL '11 days', 'Dr. Biplob Uddin', 'Gynaecology & Obstetrics', 'Labaid Specialized Hospital', 'Type 2 Diabetes Mellitus & Essential Hypertension', 'Patient presents with generalized weakness and occasional dizziness. Blood pressure and fasting blood glucose are elevated. Recommended strict dietary control, low salt, regular walking, and compliance with medications.', 'In 3 months with fasting blood sugar and lipid profile reports.');
INSERT INTO prescription_medicines (prescription_id, name, dosage, instruction, duration) VALUES ('PRES-1097-2', 'Tab. Metformin HCl 500mg', '1+0+1', 'After meals', '3 Months');
INSERT INTO prescription_medicines (prescription_id, name, dosage, instruction, duration) VALUES ('PRES-1097-2', 'Tab. Amlodipine 5mg', '0+0+1', 'At night before sleeping', '1 Month');
INSERT INTO prescription_medicines (prescription_id, name, dosage, instruction, duration) VALUES ('PRES-1097-2', 'Tab. Atorvastatin 10mg', '0+0+1', 'At night after dinner', '2 Months');
INSERT INTO lab_reports (id, patient_id, test_name, category, date, hospital_name, doctor_name, status, ai_interpretation) VALUES ('LAB-1097-2', 1097, 'Diabetes and Kidney Function Panel', 'Biochemistry', NOW() - INTERVAL '11 days', 'Labaid Specialized Hospital', 'Dr. Biplob Uddin', 'Completed', 'Fasting Blood Glucose is high, indicating suboptimal glycemic control. Renal function (Creatinine) is normal. HbA1c should be monitored next visit.');
INSERT INTO lab_test_results (lab_report_id, parameter, value, unit, reference_range, status) VALUES ('LAB-1097-2', 'Fasting Blood Sugar (FBS)', '142', 'mg/dL', '70 - 100', 'High');
INSERT INTO lab_test_results (lab_report_id, parameter, value, unit, reference_range, status) VALUES ('LAB-1097-2', 'Serum Creatinine', '0.9', 'mg/dL', '0.6 - 1.2', 'Normal');
INSERT INTO lab_test_results (lab_report_id, parameter, value, unit, reference_range, status) VALUES ('LAB-1097-2', 'Blood Urea Nitrogen (BUN)', '14', 'mg/dL', '7 - 20', 'Normal');
INSERT INTO imaging_reports (id, patient_id, type, body_part, date, hospital_name, doctor_name, findings, impression) VALUES ('IMG-1097-2', 1097, 'Ultrasonography', 'Whole Abdomen', NOW() - INTERVAL '11 days', 'Labaid Specialized Hospital', 'Dr. Biplob Uddin', 'Liver shows normal size but mildly increased parenchymal echotexture, suggestive of Grade-I Fatty Liver. Gallbladder, spleen, kidneys, and urinary bladder are normal in size and shape. No calculi or focal masses seen.', 'Mild Hepatomegaly with Grade-I Fatty Change (Fatty Liver).');
INSERT INTO patient_chronic_diseases (patient_id, disease_name, status, diagnosed_date) VALUES (1097, 'Gastroesophageal Reflux Disease (GERD)', 'Active', NOW() - INTERVAL '6 years 11 months');
INSERT INTO patient_chronic_diseases (patient_id, disease_name, status, diagnosed_date) VALUES (1097, 'Allergic Rhinitis', 'Controlled', NOW() - INTERVAL '10 years 11 months');
INSERT INTO patient_chronic_diseases (patient_id, disease_name, status, diagnosed_date) VALUES (1097, 'Type 2 Diabetes Mellitus', 'Active', NOW() - INTERVAL '8 years 1 months');
INSERT INTO patient_chronic_diseases (patient_id, disease_name, status, diagnosed_date) VALUES (1097, 'Essential Hypertension', 'Active', NOW() - INTERVAL '3 years 6 months');
INSERT INTO prescriptions (id, patient_id, date, doctor_name, doctor_specialization, hospital_name, diagnosis, clinical_notes, follow_up_date) VALUES ('PRES-1098-1', 1098, NOW() - INTERVAL '29 days', 'Dr. Rafiq Siddique', 'Gastroenterology', 'Anwer Khan Modern Medical College Hospital', 'Acute Bronchitis & suspected Asthma', 'Cough with sputum, shortness of breath, and chest tightness for 5 days. Wheezing heard on auscultation. Advised avoiding cold drinks, dust, and using inhaler correctly.', 'In 10 days for review of symptoms.');
INSERT INTO prescription_medicines (prescription_id, name, dosage, instruction, duration) VALUES ('PRES-1098-1', 'Tab. Azithromycin 500mg', '1+0+0', '1 hour before food', '5 Days');
INSERT INTO prescription_medicines (prescription_id, name, dosage, instruction, duration) VALUES ('PRES-1098-1', 'Tab. Montelukast 10mg', '0+0+1', 'At night', '14 Days');
INSERT INTO prescription_medicines (prescription_id, name, dosage, instruction, duration) VALUES ('PRES-1098-1', 'Inhaler Salbutamol 100mcg', '2 Puffs', 'As needed (when short of breath)', 'As needed');
INSERT INTO lab_reports (id, patient_id, test_name, category, date, hospital_name, doctor_name, status, ai_interpretation) VALUES ('LAB-1098-1', 1098, 'Complete Blood Count (CBC)', 'Hematology', NOW() - INTERVAL '29 days', 'Anwer Khan Modern Medical College Hospital', 'Dr. Rafiq Siddique', 'Completed', 'Mild leukocytosis observed, consistent with active respiratory tract infection. Eosinophil counts are slightly elevated, which could point to an allergic component (Asthma).');
INSERT INTO lab_test_results (lab_report_id, parameter, value, unit, reference_range, status) VALUES ('LAB-1098-1', 'Total WBC Count', '11.2', 'x10^9/L', '4.0 - 11.0', 'High');
INSERT INTO lab_test_results (lab_report_id, parameter, value, unit, reference_range, status) VALUES ('LAB-1098-1', 'Hemoglobin (Hb)', '14.5', 'g/dL', '13.5 - 17.5', 'Normal');
INSERT INTO lab_test_results (lab_report_id, parameter, value, unit, reference_range, status) VALUES ('LAB-1098-1', 'Eosinophils', '7', '%', '1 - 6', 'High');
INSERT INTO imaging_reports (id, patient_id, type, body_part, date, hospital_name, doctor_name, findings, impression) VALUES ('IMG-1098-1', 1098, 'X-Ray', 'Chest (P/A View)', NOW() - INTERVAL '29 days', 'Anwer Khan Modern Medical College Hospital', 'Dr. Rafiq Siddique', 'Lungs are hyperinflated. Increased bronchovascular markings seen bilaterally. Both costophrenic angles are clear. Heart size and shape are normal. Bony thorax and dome of diaphragms are intact.', 'Findings are suggestive of Acute Bronchitic changes. No consolidation or pleural effusion.');
INSERT INTO patient_allergies (patient_id, allergen, severity, reaction) VALUES (1098, 'Dust Mites', 'Moderate', 'Sneezing and coughing');
INSERT INTO patient_allergies (patient_id, allergen, severity, reaction) VALUES (1098, 'Pollen', 'Low', 'Runny nose');
INSERT INTO patient_chronic_diseases (patient_id, disease_name, status, diagnosed_date) VALUES (1098, 'Bronchial Asthma', 'Controlled', NOW() - INTERVAL '4 years 12 months');
INSERT INTO prescriptions (id, patient_id, date, doctor_name, doctor_specialization, hospital_name, diagnosis, clinical_notes, follow_up_date) VALUES ('PRES-1099-1', 1099, NOW() - INTERVAL '29 days', 'Dr. Sultana Siddique', 'ENT', 'Dhaka Shishu Hospital', 'Type 2 Diabetes Mellitus & Essential Hypertension', 'Patient presents with generalized weakness and occasional dizziness. Blood pressure and fasting blood glucose are elevated. Recommended strict dietary control, low salt, regular walking, and compliance with medications.', 'In 3 months with fasting blood sugar and lipid profile reports.');
INSERT INTO prescription_medicines (prescription_id, name, dosage, instruction, duration) VALUES ('PRES-1099-1', 'Tab. Metformin HCl 500mg', '1+0+1', 'After meals', '3 Months');
INSERT INTO prescription_medicines (prescription_id, name, dosage, instruction, duration) VALUES ('PRES-1099-1', 'Tab. Amlodipine 5mg', '0+0+1', 'At night before sleeping', '1 Month');
INSERT INTO prescription_medicines (prescription_id, name, dosage, instruction, duration) VALUES ('PRES-1099-1', 'Tab. Atorvastatin 10mg', '0+0+1', 'At night after dinner', '2 Months');
INSERT INTO lab_reports (id, patient_id, test_name, category, date, hospital_name, doctor_name, status, ai_interpretation) VALUES ('LAB-1099-1', 1099, 'Diabetes and Kidney Function Panel', 'Biochemistry', NOW() - INTERVAL '29 days', 'Dhaka Shishu Hospital', 'Dr. Sultana Siddique', 'Completed', 'Fasting Blood Glucose is high, indicating suboptimal glycemic control. Renal function (Creatinine) is normal. HbA1c should be monitored next visit.');
INSERT INTO lab_test_results (lab_report_id, parameter, value, unit, reference_range, status) VALUES ('LAB-1099-1', 'Fasting Blood Sugar (FBS)', '142', 'mg/dL', '70 - 100', 'High');
INSERT INTO lab_test_results (lab_report_id, parameter, value, unit, reference_range, status) VALUES ('LAB-1099-1', 'Serum Creatinine', '0.9', 'mg/dL', '0.6 - 1.2', 'Normal');
INSERT INTO lab_test_results (lab_report_id, parameter, value, unit, reference_range, status) VALUES ('LAB-1099-1', 'Blood Urea Nitrogen (BUN)', '14', 'mg/dL', '7 - 20', 'Normal');
INSERT INTO imaging_reports (id, patient_id, type, body_part, date, hospital_name, doctor_name, findings, impression) VALUES ('IMG-1099-1', 1099, 'Ultrasonography', 'Whole Abdomen', NOW() - INTERVAL '29 days', 'Dhaka Shishu Hospital', 'Dr. Sultana Siddique', 'Liver shows normal size but mildly increased parenchymal echotexture, suggestive of Grade-I Fatty Liver. Gallbladder, spleen, kidneys, and urinary bladder are normal in size and shape. No calculi or focal masses seen.', 'Mild Hepatomegaly with Grade-I Fatty Change (Fatty Liver).');
INSERT INTO prescriptions (id, patient_id, date, doctor_name, doctor_specialization, hospital_name, diagnosis, clinical_notes, follow_up_date) VALUES ('PRES-1099-2', 1099, NOW() - INTERVAL '15 days', 'Dr. Sana Khan', 'Gastroenterology', 'Chittagong Medical College', 'Acute Bronchitis & suspected Asthma', 'Cough with sputum, shortness of breath, and chest tightness for 5 days. Wheezing heard on auscultation. Advised avoiding cold drinks, dust, and using inhaler correctly.', 'In 10 days for review of symptoms.');
INSERT INTO prescription_medicines (prescription_id, name, dosage, instruction, duration) VALUES ('PRES-1099-2', 'Tab. Azithromycin 500mg', '1+0+0', '1 hour before food', '5 Days');
INSERT INTO prescription_medicines (prescription_id, name, dosage, instruction, duration) VALUES ('PRES-1099-2', 'Tab. Montelukast 10mg', '0+0+1', 'At night', '14 Days');
INSERT INTO prescription_medicines (prescription_id, name, dosage, instruction, duration) VALUES ('PRES-1099-2', 'Inhaler Salbutamol 100mcg', '2 Puffs', 'As needed (when short of breath)', 'As needed');
INSERT INTO lab_reports (id, patient_id, test_name, category, date, hospital_name, doctor_name, status, ai_interpretation) VALUES ('LAB-1099-2', 1099, 'Complete Blood Count (CBC)', 'Hematology', NOW() - INTERVAL '15 days', 'Chittagong Medical College', 'Dr. Sana Khan', 'Completed', 'Mild leukocytosis observed, consistent with active respiratory tract infection. Eosinophil counts are slightly elevated, which could point to an allergic component (Asthma).');
INSERT INTO lab_test_results (lab_report_id, parameter, value, unit, reference_range, status) VALUES ('LAB-1099-2', 'Total WBC Count', '11.2', 'x10^9/L', '4.0 - 11.0', 'High');
INSERT INTO lab_test_results (lab_report_id, parameter, value, unit, reference_range, status) VALUES ('LAB-1099-2', 'Hemoglobin (Hb)', '14.5', 'g/dL', '13.5 - 17.5', 'Normal');
INSERT INTO lab_test_results (lab_report_id, parameter, value, unit, reference_range, status) VALUES ('LAB-1099-2', 'Eosinophils', '7', '%', '1 - 6', 'High');
INSERT INTO imaging_reports (id, patient_id, type, body_part, date, hospital_name, doctor_name, findings, impression) VALUES ('IMG-1099-2', 1099, 'X-Ray', 'Chest (P/A View)', NOW() - INTERVAL '15 days', 'Chittagong Medical College', 'Dr. Sana Khan', 'Lungs are hyperinflated. Increased bronchovascular markings seen bilaterally. Both costophrenic angles are clear. Heart size and shape are normal. Bony thorax and dome of diaphragms are intact.', 'Findings are suggestive of Acute Bronchitic changes. No consolidation or pleural effusion.');
INSERT INTO patient_allergies (patient_id, allergen, severity, reaction) VALUES (1099, 'Sulfa Drugs', 'Moderate', 'Generalized skin rash');
INSERT INTO patient_allergies (patient_id, allergen, severity, reaction) VALUES (1099, 'Dust Mites', 'Moderate', 'Sneezing and coughing');
INSERT INTO patient_allergies (patient_id, allergen, severity, reaction) VALUES (1099, 'Pollen', 'Low', 'Runny nose');
INSERT INTO patient_chronic_diseases (patient_id, disease_name, status, diagnosed_date) VALUES (1099, 'Type 2 Diabetes Mellitus', 'Active', NOW() - INTERVAL '8 years 5 months');
INSERT INTO patient_chronic_diseases (patient_id, disease_name, status, diagnosed_date) VALUES (1099, 'Essential Hypertension', 'Active', NOW() - INTERVAL '7 years 5 months');
INSERT INTO patient_chronic_diseases (patient_id, disease_name, status, diagnosed_date) VALUES (1099, 'Bronchial Asthma', 'Controlled', NOW() - INTERVAL '6 years 1 months');
INSERT INTO prescriptions (id, patient_id, date, doctor_name, doctor_specialization, hospital_name, diagnosis, clinical_notes, follow_up_date) VALUES ('PRES-1100-1', 1100, NOW() - INTERVAL '13 days', 'Dr. Lipi Chowdhury', 'ENT', 'National Institute of Cardiovascular Diseases', 'Gastroesophageal Reflux Disease (GERD)', 'Complains of burning sensation in the chest (heartburn), sour taste in the mouth, and upper abdominal pain after meals. Recommended avoiding spicy foods, sleeping with head elevated, and not lying down immediately after eating.', 'In 2 weeks.');
INSERT INTO prescription_medicines (prescription_id, name, dosage, instruction, duration) VALUES ('PRES-1100-1', 'Cap. Esomeprazole 20mg', '1+0+1', '30 minutes before breakfast & dinner', '1 Month');
INSERT INTO prescription_medicines (prescription_id, name, dosage, instruction, duration) VALUES ('PRES-1100-1', 'Tab. Domperidone 10mg', '1+1+1', '15 minutes before meals', '10 Days');
INSERT INTO prescription_medicines (prescription_id, name, dosage, instruction, duration) VALUES ('PRES-1100-1', 'Syr. Antacid', '2 spoonful', '1 hour after meals', '7 Days');
INSERT INTO lab_reports (id, patient_id, test_name, category, date, hospital_name, doctor_name, status, ai_interpretation) VALUES ('LAB-1100-1', 1100, 'H. Pylori Screening Panel', 'Serology', NOW() - INTERVAL '13 days', 'National Institute of Cardiovascular Diseases', 'Dr. Lipi Chowdhury', 'Completed', 'H. Pylori antigen test is negative. Upper GI symptoms are likely due to lifestyle/acid reflux rather than active bacterial infection.');
INSERT INTO lab_test_results (lab_report_id, parameter, value, unit, reference_range, status) VALUES ('LAB-1100-1', 'H. Pylori Ag (Stool)', 'Negative', 'N/A', 'Negative', 'Normal');
INSERT INTO imaging_reports (id, patient_id, type, body_part, date, hospital_name, doctor_name, findings, impression) VALUES ('IMG-1100-1', 1100, 'Ultrasonography', 'Hepatobiliary System (HBS)', NOW() - INTERVAL '13 days', 'National Institute of Cardiovascular Diseases', 'Dr. Lipi Chowdhury', 'Gallbladder is distended with normal wall thickness. No gallstones or sludge seen. Common bile duct and intrahepatic biliary channels are normal. Pancreas and spleen are normal.', 'Normal HBS scan. No gallstones detected.');
INSERT INTO prescriptions (id, patient_id, date, doctor_name, doctor_specialization, hospital_name, diagnosis, clinical_notes, follow_up_date) VALUES ('PRES-1100-2', 1100, NOW() - INTERVAL '22 days', 'Dr. Rafiq Siddique', 'Gastroenterology', 'Anwer Khan Modern Medical College Hospital', 'Type 2 Diabetes Mellitus & Essential Hypertension', 'Patient presents with generalized weakness and occasional dizziness. Blood pressure and fasting blood glucose are elevated. Recommended strict dietary control, low salt, regular walking, and compliance with medications.', 'In 3 months with fasting blood sugar and lipid profile reports.');
INSERT INTO prescription_medicines (prescription_id, name, dosage, instruction, duration) VALUES ('PRES-1100-2', 'Tab. Metformin HCl 500mg', '1+0+1', 'After meals', '3 Months');
INSERT INTO prescription_medicines (prescription_id, name, dosage, instruction, duration) VALUES ('PRES-1100-2', 'Tab. Amlodipine 5mg', '0+0+1', 'At night before sleeping', '1 Month');
INSERT INTO prescription_medicines (prescription_id, name, dosage, instruction, duration) VALUES ('PRES-1100-2', 'Tab. Atorvastatin 10mg', '0+0+1', 'At night after dinner', '2 Months');
INSERT INTO lab_reports (id, patient_id, test_name, category, date, hospital_name, doctor_name, status, ai_interpretation) VALUES ('LAB-1100-2', 1100, 'Diabetes and Kidney Function Panel', 'Biochemistry', NOW() - INTERVAL '22 days', 'Anwer Khan Modern Medical College Hospital', 'Dr. Rafiq Siddique', 'Completed', 'Fasting Blood Glucose is high, indicating suboptimal glycemic control. Renal function (Creatinine) is normal. HbA1c should be monitored next visit.');
INSERT INTO lab_test_results (lab_report_id, parameter, value, unit, reference_range, status) VALUES ('LAB-1100-2', 'Fasting Blood Sugar (FBS)', '142', 'mg/dL', '70 - 100', 'High');
INSERT INTO lab_test_results (lab_report_id, parameter, value, unit, reference_range, status) VALUES ('LAB-1100-2', 'Serum Creatinine', '0.9', 'mg/dL', '0.6 - 1.2', 'Normal');
INSERT INTO lab_test_results (lab_report_id, parameter, value, unit, reference_range, status) VALUES ('LAB-1100-2', 'Blood Urea Nitrogen (BUN)', '14', 'mg/dL', '7 - 20', 'Normal');
INSERT INTO imaging_reports (id, patient_id, type, body_part, date, hospital_name, doctor_name, findings, impression) VALUES ('IMG-1100-2', 1100, 'Ultrasonography', 'Whole Abdomen', NOW() - INTERVAL '22 days', 'Anwer Khan Modern Medical College Hospital', 'Dr. Rafiq Siddique', 'Liver shows normal size but mildly increased parenchymal echotexture, suggestive of Grade-I Fatty Liver. Gallbladder, spleen, kidneys, and urinary bladder are normal in size and shape. No calculi or focal masses seen.', 'Mild Hepatomegaly with Grade-I Fatty Change (Fatty Liver).');
INSERT INTO patient_chronic_diseases (patient_id, disease_name, status, diagnosed_date) VALUES (1100, 'Gastroesophageal Reflux Disease (GERD)', 'Active', NOW() - INTERVAL '10 years 11 months');
INSERT INTO patient_chronic_diseases (patient_id, disease_name, status, diagnosed_date) VALUES (1100, 'Type 2 Diabetes Mellitus', 'Active', NOW() - INTERVAL '6 years 6 months');
INSERT INTO patient_chronic_diseases (patient_id, disease_name, status, diagnosed_date) VALUES (1100, 'Essential Hypertension', 'Active', NOW() - INTERVAL '3 years 2 months');
INSERT INTO prescriptions (id, patient_id, date, doctor_name, doctor_specialization, hospital_name, diagnosis, clinical_notes, follow_up_date) VALUES ('PRES-1101-1', 1101, NOW() - INTERVAL '3 days', 'Dr. Puja Khan', 'Gastroenterology', 'National Institute of Cardiovascular Diseases', 'Gastroesophageal Reflux Disease (GERD)', 'Complains of burning sensation in the chest (heartburn), sour taste in the mouth, and upper abdominal pain after meals. Recommended avoiding spicy foods, sleeping with head elevated, and not lying down immediately after eating.', 'In 2 weeks.');
INSERT INTO prescription_medicines (prescription_id, name, dosage, instruction, duration) VALUES ('PRES-1101-1', 'Cap. Esomeprazole 20mg', '1+0+1', '30 minutes before breakfast & dinner', '1 Month');
INSERT INTO prescription_medicines (prescription_id, name, dosage, instruction, duration) VALUES ('PRES-1101-1', 'Tab. Domperidone 10mg', '1+1+1', '15 minutes before meals', '10 Days');
INSERT INTO prescription_medicines (prescription_id, name, dosage, instruction, duration) VALUES ('PRES-1101-1', 'Syr. Antacid', '2 spoonful', '1 hour after meals', '7 Days');
INSERT INTO lab_reports (id, patient_id, test_name, category, date, hospital_name, doctor_name, status, ai_interpretation) VALUES ('LAB-1101-1', 1101, 'H. Pylori Screening Panel', 'Serology', NOW() - INTERVAL '3 days', 'National Institute of Cardiovascular Diseases', 'Dr. Puja Khan', 'Completed', 'H. Pylori antigen test is negative. Upper GI symptoms are likely due to lifestyle/acid reflux rather than active bacterial infection.');
INSERT INTO lab_test_results (lab_report_id, parameter, value, unit, reference_range, status) VALUES ('LAB-1101-1', 'H. Pylori Ag (Stool)', 'Negative', 'N/A', 'Negative', 'Normal');
INSERT INTO imaging_reports (id, patient_id, type, body_part, date, hospital_name, doctor_name, findings, impression) VALUES ('IMG-1101-1', 1101, 'Ultrasonography', 'Hepatobiliary System (HBS)', NOW() - INTERVAL '3 days', 'National Institute of Cardiovascular Diseases', 'Dr. Puja Khan', 'Gallbladder is distended with normal wall thickness. No gallstones or sludge seen. Common bile duct and intrahepatic biliary channels are normal. Pancreas and spleen are normal.', 'Normal HBS scan. No gallstones detected.');
INSERT INTO patient_chronic_diseases (patient_id, disease_name, status, diagnosed_date) VALUES (1101, 'Gastroesophageal Reflux Disease (GERD)', 'Active', NOW() - INTERVAL '9 years 11 months');
INSERT INTO patient_chronic_diseases (patient_id, disease_name, status, diagnosed_date) VALUES (1101, 'Hypothyroidism', 'Active', NOW() - INTERVAL '8 years 6 months');
INSERT INTO prescriptions (id, patient_id, date, doctor_name, doctor_specialization, hospital_name, diagnosis, clinical_notes, follow_up_date) VALUES ('PRES-1102-1', 1102, NOW() - INTERVAL '14 days', 'Dr. Rana Talukder', 'Orthopedics', 'National Medical Center', 'Gastroesophageal Reflux Disease (GERD)', 'Complains of burning sensation in the chest (heartburn), sour taste in the mouth, and upper abdominal pain after meals. Recommended avoiding spicy foods, sleeping with head elevated, and not lying down immediately after eating.', 'In 2 weeks.');
INSERT INTO prescription_medicines (prescription_id, name, dosage, instruction, duration) VALUES ('PRES-1102-1', 'Cap. Esomeprazole 20mg', '1+0+1', '30 minutes before breakfast & dinner', '1 Month');
INSERT INTO prescription_medicines (prescription_id, name, dosage, instruction, duration) VALUES ('PRES-1102-1', 'Tab. Domperidone 10mg', '1+1+1', '15 minutes before meals', '10 Days');
INSERT INTO prescription_medicines (prescription_id, name, dosage, instruction, duration) VALUES ('PRES-1102-1', 'Syr. Antacid', '2 spoonful', '1 hour after meals', '7 Days');
INSERT INTO lab_reports (id, patient_id, test_name, category, date, hospital_name, doctor_name, status, ai_interpretation) VALUES ('LAB-1102-1', 1102, 'H. Pylori Screening Panel', 'Serology', NOW() - INTERVAL '14 days', 'National Medical Center', 'Dr. Rana Talukder', 'Completed', 'H. Pylori antigen test is negative. Upper GI symptoms are likely due to lifestyle/acid reflux rather than active bacterial infection.');
INSERT INTO lab_test_results (lab_report_id, parameter, value, unit, reference_range, status) VALUES ('LAB-1102-1', 'H. Pylori Ag (Stool)', 'Negative', 'N/A', 'Negative', 'Normal');
INSERT INTO imaging_reports (id, patient_id, type, body_part, date, hospital_name, doctor_name, findings, impression) VALUES ('IMG-1102-1', 1102, 'Ultrasonography', 'Hepatobiliary System (HBS)', NOW() - INTERVAL '14 days', 'National Medical Center', 'Dr. Rana Talukder', 'Gallbladder is distended with normal wall thickness. No gallstones or sludge seen. Common bile duct and intrahepatic biliary channels are normal. Pancreas and spleen are normal.', 'Normal HBS scan. No gallstones detected.');
INSERT INTO prescriptions (id, patient_id, date, doctor_name, doctor_specialization, hospital_name, diagnosis, clinical_notes, follow_up_date) VALUES ('PRES-1102-2', 1102, NOW() - INTERVAL '18 days', 'Dr. Nusrat Begum', 'Urology', 'National Cancer Research Institute & Hospital', 'Type 2 Diabetes Mellitus & Essential Hypertension', 'Patient presents with generalized weakness and occasional dizziness. Blood pressure and fasting blood glucose are elevated. Recommended strict dietary control, low salt, regular walking, and compliance with medications.', 'In 3 months with fasting blood sugar and lipid profile reports.');
INSERT INTO prescription_medicines (prescription_id, name, dosage, instruction, duration) VALUES ('PRES-1102-2', 'Tab. Metformin HCl 500mg', '1+0+1', 'After meals', '3 Months');
INSERT INTO prescription_medicines (prescription_id, name, dosage, instruction, duration) VALUES ('PRES-1102-2', 'Tab. Amlodipine 5mg', '0+0+1', 'At night before sleeping', '1 Month');
INSERT INTO prescription_medicines (prescription_id, name, dosage, instruction, duration) VALUES ('PRES-1102-2', 'Tab. Atorvastatin 10mg', '0+0+1', 'At night after dinner', '2 Months');
INSERT INTO lab_reports (id, patient_id, test_name, category, date, hospital_name, doctor_name, status, ai_interpretation) VALUES ('LAB-1102-2', 1102, 'Diabetes and Kidney Function Panel', 'Biochemistry', NOW() - INTERVAL '18 days', 'National Cancer Research Institute & Hospital', 'Dr. Nusrat Begum', 'Completed', 'Fasting Blood Glucose is high, indicating suboptimal glycemic control. Renal function (Creatinine) is normal. HbA1c should be monitored next visit.');
INSERT INTO lab_test_results (lab_report_id, parameter, value, unit, reference_range, status) VALUES ('LAB-1102-2', 'Fasting Blood Sugar (FBS)', '142', 'mg/dL', '70 - 100', 'High');
INSERT INTO lab_test_results (lab_report_id, parameter, value, unit, reference_range, status) VALUES ('LAB-1102-2', 'Serum Creatinine', '0.9', 'mg/dL', '0.6 - 1.2', 'Normal');
INSERT INTO lab_test_results (lab_report_id, parameter, value, unit, reference_range, status) VALUES ('LAB-1102-2', 'Blood Urea Nitrogen (BUN)', '14', 'mg/dL', '7 - 20', 'Normal');
INSERT INTO imaging_reports (id, patient_id, type, body_part, date, hospital_name, doctor_name, findings, impression) VALUES ('IMG-1102-2', 1102, 'Ultrasonography', 'Whole Abdomen', NOW() - INTERVAL '18 days', 'National Cancer Research Institute & Hospital', 'Dr. Nusrat Begum', 'Liver shows normal size but mildly increased parenchymal echotexture, suggestive of Grade-I Fatty Liver. Gallbladder, spleen, kidneys, and urinary bladder are normal in size and shape. No calculi or focal masses seen.', 'Mild Hepatomegaly with Grade-I Fatty Change (Fatty Liver).');
INSERT INTO patient_chronic_diseases (patient_id, disease_name, status, diagnosed_date) VALUES (1102, 'Gastroesophageal Reflux Disease (GERD)', 'Active', NOW() - INTERVAL '3 years 2 months');
INSERT INTO patient_chronic_diseases (patient_id, disease_name, status, diagnosed_date) VALUES (1102, 'Type 2 Diabetes Mellitus', 'Active', NOW() - INTERVAL '7 years 4 months');
INSERT INTO patient_chronic_diseases (patient_id, disease_name, status, diagnosed_date) VALUES (1102, 'Essential Hypertension', 'Active', NOW() - INTERVAL '3 years 11 months');
INSERT INTO patient_chronic_diseases (patient_id, disease_name, status, diagnosed_date) VALUES (1102, 'Chronic Low Back Pain', 'Active', NOW() - INTERVAL '7 years 6 months');
INSERT INTO prescriptions (id, patient_id, date, doctor_name, doctor_specialization, hospital_name, diagnosis, clinical_notes, follow_up_date) VALUES ('PRES-1103-1', 1103, NOW() - INTERVAL '23 days', 'Dr. Lipi Chowdhury', 'ENT', 'National Institute of Cardiovascular Diseases', 'Bilateral Osteoarthritis of Knee Joints', 'Pain, stiffness, and cracking sounds in both knees for the last 6 months, worse in the mornings and after sitting. Advised hot compression, avoidance of sitting on floor/squatting, and moderate knee exercises.', 'In 1 Month.');
INSERT INTO prescription_medicines (prescription_id, name, dosage, instruction, duration) VALUES ('PRES-1103-1', 'Tab. Naproxen 500mg', '1+0+1', 'After meals (only when pain is high)', '7 Days');
INSERT INTO prescription_medicines (prescription_id, name, dosage, instruction, duration) VALUES ('PRES-1103-1', 'Cap. Glucosamine + Chondroitin', '1+0+1', 'After meals', '2 Months');
INSERT INTO prescription_medicines (prescription_id, name, dosage, instruction, duration) VALUES ('PRES-1103-1', 'Tab. Omeprazole 20mg', '1+0+1', 'Before breakfast & dinner', '1 Month');
INSERT INTO lab_reports (id, patient_id, test_name, category, date, hospital_name, doctor_name, status, ai_interpretation) VALUES ('LAB-1103-1', 1103, 'Arthritis & Rheumatology Profile', 'Serology', NOW() - INTERVAL '23 days', 'National Institute of Cardiovascular Diseases', 'Dr. Lipi Chowdhury', 'Completed', 'Uric acid level is slightly elevated, but Rheumatoid Factor is negative, suggesting OA rather than Gout or Rheumatoid Arthritis.');
INSERT INTO lab_test_results (lab_report_id, parameter, value, unit, reference_range, status) VALUES ('LAB-1103-1', 'Serum Uric Acid', '7.5', 'mg/dL', '3.5 - 7.2', 'High');
INSERT INTO lab_test_results (lab_report_id, parameter, value, unit, reference_range, status) VALUES ('LAB-1103-1', 'Rheumatoid Factor (RF)', '8', 'IU/mL', '< 14', 'Normal');
INSERT INTO lab_test_results (lab_report_id, parameter, value, unit, reference_range, status) VALUES ('LAB-1103-1', 'C-Reactive Protein (CRP)', '4.2', 'mg/L', '< 5.0', 'Normal');
INSERT INTO imaging_reports (id, patient_id, type, body_part, date, hospital_name, doctor_name, findings, impression) VALUES ('IMG-1103-1', 1103, 'X-Ray', 'Bilateral Knee Joints (AP & Lateral)', NOW() - INTERVAL '23 days', 'National Institute of Cardiovascular Diseases', 'Dr. Lipi Chowdhury', 'Narrowing of the medial joint spaces in both knees. Subchondral sclerosis and osteophyte formation are noted along the margins of both joint surfaces. No joint effusion or fracture.', 'Radiological features of Bilateral Osteoarthritis of Knees (Grade-II).');
INSERT INTO patient_chronic_diseases (patient_id, disease_name, status, diagnosed_date) VALUES (1103, 'Osteoarthritis', 'Active', NOW() - INTERVAL '9 years 5 months');
INSERT INTO prescriptions (id, patient_id, date, doctor_name, doctor_specialization, hospital_name, diagnosis, clinical_notes, follow_up_date) VALUES ('PRES-1104-1', 1104, NOW() - INTERVAL '26 days', 'Dr. Alam Khan', 'Psychiatry', 'National Medical Center', 'Type 2 Diabetes Mellitus & Essential Hypertension', 'Patient presents with generalized weakness and occasional dizziness. Blood pressure and fasting blood glucose are elevated. Recommended strict dietary control, low salt, regular walking, and compliance with medications.', 'In 3 months with fasting blood sugar and lipid profile reports.');
INSERT INTO prescription_medicines (prescription_id, name, dosage, instruction, duration) VALUES ('PRES-1104-1', 'Tab. Metformin HCl 500mg', '1+0+1', 'After meals', '3 Months');
INSERT INTO prescription_medicines (prescription_id, name, dosage, instruction, duration) VALUES ('PRES-1104-1', 'Tab. Amlodipine 5mg', '0+0+1', 'At night before sleeping', '1 Month');
INSERT INTO prescription_medicines (prescription_id, name, dosage, instruction, duration) VALUES ('PRES-1104-1', 'Tab. Atorvastatin 10mg', '0+0+1', 'At night after dinner', '2 Months');
INSERT INTO lab_reports (id, patient_id, test_name, category, date, hospital_name, doctor_name, status, ai_interpretation) VALUES ('LAB-1104-1', 1104, 'Diabetes and Kidney Function Panel', 'Biochemistry', NOW() - INTERVAL '26 days', 'National Medical Center', 'Dr. Alam Khan', 'Completed', 'Fasting Blood Glucose is high, indicating suboptimal glycemic control. Renal function (Creatinine) is normal. HbA1c should be monitored next visit.');
INSERT INTO lab_test_results (lab_report_id, parameter, value, unit, reference_range, status) VALUES ('LAB-1104-1', 'Fasting Blood Sugar (FBS)', '142', 'mg/dL', '70 - 100', 'High');
INSERT INTO lab_test_results (lab_report_id, parameter, value, unit, reference_range, status) VALUES ('LAB-1104-1', 'Serum Creatinine', '0.9', 'mg/dL', '0.6 - 1.2', 'Normal');
INSERT INTO lab_test_results (lab_report_id, parameter, value, unit, reference_range, status) VALUES ('LAB-1104-1', 'Blood Urea Nitrogen (BUN)', '14', 'mg/dL', '7 - 20', 'Normal');
INSERT INTO imaging_reports (id, patient_id, type, body_part, date, hospital_name, doctor_name, findings, impression) VALUES ('IMG-1104-1', 1104, 'Ultrasonography', 'Whole Abdomen', NOW() - INTERVAL '26 days', 'National Medical Center', 'Dr. Alam Khan', 'Liver shows normal size but mildly increased parenchymal echotexture, suggestive of Grade-I Fatty Liver. Gallbladder, spleen, kidneys, and urinary bladder are normal in size and shape. No calculi or focal masses seen.', 'Mild Hepatomegaly with Grade-I Fatty Change (Fatty Liver).');
INSERT INTO patient_allergies (patient_id, allergen, severity, reaction) VALUES (1104, 'Penicillin', 'High', 'Anaphylactic shock and skin hives');
INSERT INTO patient_chronic_diseases (patient_id, disease_name, status, diagnosed_date) VALUES (1104, 'Type 2 Diabetes Mellitus', 'Active', NOW() - INTERVAL '8 years 11 months');
INSERT INTO patient_chronic_diseases (patient_id, disease_name, status, diagnosed_date) VALUES (1104, 'Essential Hypertension', 'Active', NOW() - INTERVAL '9 years 11 months');
INSERT INTO prescriptions (id, patient_id, date, doctor_name, doctor_specialization, hospital_name, diagnosis, clinical_notes, follow_up_date) VALUES ('PRES-1105-1', 1105, NOW() - INTERVAL '28 days', 'Dr. Rafiq Siddique', 'Gastroenterology', 'Anwer Khan Modern Medical College Hospital', 'Bilateral Osteoarthritis of Knee Joints', 'Pain, stiffness, and cracking sounds in both knees for the last 6 months, worse in the mornings and after sitting. Advised hot compression, avoidance of sitting on floor/squatting, and moderate knee exercises.', 'In 1 Month.');
INSERT INTO prescription_medicines (prescription_id, name, dosage, instruction, duration) VALUES ('PRES-1105-1', 'Tab. Naproxen 500mg', '1+0+1', 'After meals (only when pain is high)', '7 Days');
INSERT INTO prescription_medicines (prescription_id, name, dosage, instruction, duration) VALUES ('PRES-1105-1', 'Cap. Glucosamine + Chondroitin', '1+0+1', 'After meals', '2 Months');
INSERT INTO prescription_medicines (prescription_id, name, dosage, instruction, duration) VALUES ('PRES-1105-1', 'Tab. Omeprazole 20mg', '1+0+1', 'Before breakfast & dinner', '1 Month');
INSERT INTO lab_reports (id, patient_id, test_name, category, date, hospital_name, doctor_name, status, ai_interpretation) VALUES ('LAB-1105-1', 1105, 'Arthritis & Rheumatology Profile', 'Serology', NOW() - INTERVAL '28 days', 'Anwer Khan Modern Medical College Hospital', 'Dr. Rafiq Siddique', 'Completed', 'Uric acid level is slightly elevated, but Rheumatoid Factor is negative, suggesting OA rather than Gout or Rheumatoid Arthritis.');
INSERT INTO lab_test_results (lab_report_id, parameter, value, unit, reference_range, status) VALUES ('LAB-1105-1', 'Serum Uric Acid', '7.5', 'mg/dL', '3.5 - 7.2', 'High');
INSERT INTO lab_test_results (lab_report_id, parameter, value, unit, reference_range, status) VALUES ('LAB-1105-1', 'Rheumatoid Factor (RF)', '8', 'IU/mL', '< 14', 'Normal');
INSERT INTO lab_test_results (lab_report_id, parameter, value, unit, reference_range, status) VALUES ('LAB-1105-1', 'C-Reactive Protein (CRP)', '4.2', 'mg/L', '< 5.0', 'Normal');
INSERT INTO imaging_reports (id, patient_id, type, body_part, date, hospital_name, doctor_name, findings, impression) VALUES ('IMG-1105-1', 1105, 'X-Ray', 'Bilateral Knee Joints (AP & Lateral)', NOW() - INTERVAL '28 days', 'Anwer Khan Modern Medical College Hospital', 'Dr. Rafiq Siddique', 'Narrowing of the medial joint spaces in both knees. Subchondral sclerosis and osteophyte formation are noted along the margins of both joint surfaces. No joint effusion or fracture.', 'Radiological features of Bilateral Osteoarthritis of Knees (Grade-II).');
INSERT INTO prescriptions (id, patient_id, date, doctor_name, doctor_specialization, hospital_name, diagnosis, clinical_notes, follow_up_date) VALUES ('PRES-1105-2', 1105, NOW() - INTERVAL '22 days', 'Dr. Fatema Ahmed', 'Ophthalmology', 'Evercare Hospital', 'Gastroesophageal Reflux Disease (GERD)', 'Complains of burning sensation in the chest (heartburn), sour taste in the mouth, and upper abdominal pain after meals. Recommended avoiding spicy foods, sleeping with head elevated, and not lying down immediately after eating.', 'In 2 weeks.');
INSERT INTO prescription_medicines (prescription_id, name, dosage, instruction, duration) VALUES ('PRES-1105-2', 'Cap. Esomeprazole 20mg', '1+0+1', '30 minutes before breakfast & dinner', '1 Month');
INSERT INTO prescription_medicines (prescription_id, name, dosage, instruction, duration) VALUES ('PRES-1105-2', 'Tab. Domperidone 10mg', '1+1+1', '15 minutes before meals', '10 Days');
INSERT INTO prescription_medicines (prescription_id, name, dosage, instruction, duration) VALUES ('PRES-1105-2', 'Syr. Antacid', '2 spoonful', '1 hour after meals', '7 Days');
INSERT INTO lab_reports (id, patient_id, test_name, category, date, hospital_name, doctor_name, status, ai_interpretation) VALUES ('LAB-1105-2', 1105, 'H. Pylori Screening Panel', 'Serology', NOW() - INTERVAL '22 days', 'Evercare Hospital', 'Dr. Fatema Ahmed', 'Completed', 'H. Pylori antigen test is negative. Upper GI symptoms are likely due to lifestyle/acid reflux rather than active bacterial infection.');
INSERT INTO lab_test_results (lab_report_id, parameter, value, unit, reference_range, status) VALUES ('LAB-1105-2', 'H. Pylori Ag (Stool)', 'Negative', 'N/A', 'Negative', 'Normal');
INSERT INTO imaging_reports (id, patient_id, type, body_part, date, hospital_name, doctor_name, findings, impression) VALUES ('IMG-1105-2', 1105, 'Ultrasonography', 'Hepatobiliary System (HBS)', NOW() - INTERVAL '22 days', 'Evercare Hospital', 'Dr. Fatema Ahmed', 'Gallbladder is distended with normal wall thickness. No gallstones or sludge seen. Common bile duct and intrahepatic biliary channels are normal. Pancreas and spleen are normal.', 'Normal HBS scan. No gallstones detected.');
INSERT INTO patient_allergies (patient_id, allergen, severity, reaction) VALUES (1105, 'Peanuts', 'High', 'Anaphylaxis and facial swelling');
INSERT INTO patient_chronic_diseases (patient_id, disease_name, status, diagnosed_date) VALUES (1105, 'Osteoarthritis', 'Active', NOW() - INTERVAL '5 years 10 months');
INSERT INTO patient_chronic_diseases (patient_id, disease_name, status, diagnosed_date) VALUES (1105, 'Gastroesophageal Reflux Disease (GERD)', 'Active', NOW() - INTERVAL '3 years 6 months');
INSERT INTO prescriptions (id, patient_id, date, doctor_name, doctor_specialization, hospital_name, diagnosis, clinical_notes, follow_up_date) VALUES ('PRES-1106-1', 1106, NOW() - INTERVAL '8 days', 'Dr. Rana Talukder', 'Orthopedics', 'National Medical Center', 'Type 2 Diabetes Mellitus & Essential Hypertension', 'Patient presents with generalized weakness and occasional dizziness. Blood pressure and fasting blood glucose are elevated. Recommended strict dietary control, low salt, regular walking, and compliance with medications.', 'In 3 months with fasting blood sugar and lipid profile reports.');
INSERT INTO prescription_medicines (prescription_id, name, dosage, instruction, duration) VALUES ('PRES-1106-1', 'Tab. Metformin HCl 500mg', '1+0+1', 'After meals', '3 Months');
INSERT INTO prescription_medicines (prescription_id, name, dosage, instruction, duration) VALUES ('PRES-1106-1', 'Tab. Amlodipine 5mg', '0+0+1', 'At night before sleeping', '1 Month');
INSERT INTO prescription_medicines (prescription_id, name, dosage, instruction, duration) VALUES ('PRES-1106-1', 'Tab. Atorvastatin 10mg', '0+0+1', 'At night after dinner', '2 Months');
INSERT INTO lab_reports (id, patient_id, test_name, category, date, hospital_name, doctor_name, status, ai_interpretation) VALUES ('LAB-1106-1', 1106, 'Diabetes and Kidney Function Panel', 'Biochemistry', NOW() - INTERVAL '8 days', 'National Medical Center', 'Dr. Rana Talukder', 'Completed', 'Fasting Blood Glucose is high, indicating suboptimal glycemic control. Renal function (Creatinine) is normal. HbA1c should be monitored next visit.');
INSERT INTO lab_test_results (lab_report_id, parameter, value, unit, reference_range, status) VALUES ('LAB-1106-1', 'Fasting Blood Sugar (FBS)', '142', 'mg/dL', '70 - 100', 'High');
INSERT INTO lab_test_results (lab_report_id, parameter, value, unit, reference_range, status) VALUES ('LAB-1106-1', 'Serum Creatinine', '0.9', 'mg/dL', '0.6 - 1.2', 'Normal');
INSERT INTO lab_test_results (lab_report_id, parameter, value, unit, reference_range, status) VALUES ('LAB-1106-1', 'Blood Urea Nitrogen (BUN)', '14', 'mg/dL', '7 - 20', 'Normal');
INSERT INTO imaging_reports (id, patient_id, type, body_part, date, hospital_name, doctor_name, findings, impression) VALUES ('IMG-1106-1', 1106, 'Ultrasonography', 'Whole Abdomen', NOW() - INTERVAL '8 days', 'National Medical Center', 'Dr. Rana Talukder', 'Liver shows normal size but mildly increased parenchymal echotexture, suggestive of Grade-I Fatty Liver. Gallbladder, spleen, kidneys, and urinary bladder are normal in size and shape. No calculi or focal masses seen.', 'Mild Hepatomegaly with Grade-I Fatty Change (Fatty Liver).');
INSERT INTO patient_chronic_diseases (patient_id, disease_name, status, diagnosed_date) VALUES (1106, 'Type 2 Diabetes Mellitus', 'Active', NOW() - INTERVAL '8 years 12 months');
INSERT INTO patient_chronic_diseases (patient_id, disease_name, status, diagnosed_date) VALUES (1106, 'Essential Hypertension', 'Active', NOW() - INTERVAL '6 years 3 months');
INSERT INTO prescriptions (id, patient_id, date, doctor_name, doctor_specialization, hospital_name, diagnosis, clinical_notes, follow_up_date) VALUES ('PRES-1107-1', 1107, NOW() - INTERVAL '23 days', 'Dr. Lubna Akter', 'Pediatrics', 'Delta Hospital', 'Acute Bronchitis & suspected Asthma', 'Cough with sputum, shortness of breath, and chest tightness for 5 days. Wheezing heard on auscultation. Advised avoiding cold drinks, dust, and using inhaler correctly.', 'In 10 days for review of symptoms.');
INSERT INTO prescription_medicines (prescription_id, name, dosage, instruction, duration) VALUES ('PRES-1107-1', 'Tab. Azithromycin 500mg', '1+0+0', '1 hour before food', '5 Days');
INSERT INTO prescription_medicines (prescription_id, name, dosage, instruction, duration) VALUES ('PRES-1107-1', 'Tab. Montelukast 10mg', '0+0+1', 'At night', '14 Days');
INSERT INTO prescription_medicines (prescription_id, name, dosage, instruction, duration) VALUES ('PRES-1107-1', 'Inhaler Salbutamol 100mcg', '2 Puffs', 'As needed (when short of breath)', 'As needed');
INSERT INTO lab_reports (id, patient_id, test_name, category, date, hospital_name, doctor_name, status, ai_interpretation) VALUES ('LAB-1107-1', 1107, 'Complete Blood Count (CBC)', 'Hematology', NOW() - INTERVAL '23 days', 'Delta Hospital', 'Dr. Lubna Akter', 'Completed', 'Mild leukocytosis observed, consistent with active respiratory tract infection. Eosinophil counts are slightly elevated, which could point to an allergic component (Asthma).');
INSERT INTO lab_test_results (lab_report_id, parameter, value, unit, reference_range, status) VALUES ('LAB-1107-1', 'Total WBC Count', '11.2', 'x10^9/L', '4.0 - 11.0', 'High');
INSERT INTO lab_test_results (lab_report_id, parameter, value, unit, reference_range, status) VALUES ('LAB-1107-1', 'Hemoglobin (Hb)', '14.5', 'g/dL', '13.5 - 17.5', 'Normal');
INSERT INTO lab_test_results (lab_report_id, parameter, value, unit, reference_range, status) VALUES ('LAB-1107-1', 'Eosinophils', '7', '%', '1 - 6', 'High');
INSERT INTO imaging_reports (id, patient_id, type, body_part, date, hospital_name, doctor_name, findings, impression) VALUES ('IMG-1107-1', 1107, 'X-Ray', 'Chest (P/A View)', NOW() - INTERVAL '23 days', 'Delta Hospital', 'Dr. Lubna Akter', 'Lungs are hyperinflated. Increased bronchovascular markings seen bilaterally. Both costophrenic angles are clear. Heart size and shape are normal. Bony thorax and dome of diaphragms are intact.', 'Findings are suggestive of Acute Bronchitic changes. No consolidation or pleural effusion.');
INSERT INTO prescriptions (id, patient_id, date, doctor_name, doctor_specialization, hospital_name, diagnosis, clinical_notes, follow_up_date) VALUES ('PRES-1107-2', 1107, NOW() - INTERVAL '19 days', 'Dr. Rafiq Siddique', 'General Surgery', 'National Institute of Cardiovascular Diseases', 'Type 2 Diabetes Mellitus & Essential Hypertension', 'Patient presents with generalized weakness and occasional dizziness. Blood pressure and fasting blood glucose are elevated. Recommended strict dietary control, low salt, regular walking, and compliance with medications.', 'In 3 months with fasting blood sugar and lipid profile reports.');
INSERT INTO prescription_medicines (prescription_id, name, dosage, instruction, duration) VALUES ('PRES-1107-2', 'Tab. Metformin HCl 500mg', '1+0+1', 'After meals', '3 Months');
INSERT INTO prescription_medicines (prescription_id, name, dosage, instruction, duration) VALUES ('PRES-1107-2', 'Tab. Amlodipine 5mg', '0+0+1', 'At night before sleeping', '1 Month');
INSERT INTO prescription_medicines (prescription_id, name, dosage, instruction, duration) VALUES ('PRES-1107-2', 'Tab. Atorvastatin 10mg', '0+0+1', 'At night after dinner', '2 Months');
INSERT INTO lab_reports (id, patient_id, test_name, category, date, hospital_name, doctor_name, status, ai_interpretation) VALUES ('LAB-1107-2', 1107, 'Diabetes and Kidney Function Panel', 'Biochemistry', NOW() - INTERVAL '19 days', 'National Institute of Cardiovascular Diseases', 'Dr. Rafiq Siddique', 'Completed', 'Fasting Blood Glucose is high, indicating suboptimal glycemic control. Renal function (Creatinine) is normal. HbA1c should be monitored next visit.');
INSERT INTO lab_test_results (lab_report_id, parameter, value, unit, reference_range, status) VALUES ('LAB-1107-2', 'Fasting Blood Sugar (FBS)', '142', 'mg/dL', '70 - 100', 'High');
INSERT INTO lab_test_results (lab_report_id, parameter, value, unit, reference_range, status) VALUES ('LAB-1107-2', 'Serum Creatinine', '0.9', 'mg/dL', '0.6 - 1.2', 'Normal');
INSERT INTO lab_test_results (lab_report_id, parameter, value, unit, reference_range, status) VALUES ('LAB-1107-2', 'Blood Urea Nitrogen (BUN)', '14', 'mg/dL', '7 - 20', 'Normal');
INSERT INTO imaging_reports (id, patient_id, type, body_part, date, hospital_name, doctor_name, findings, impression) VALUES ('IMG-1107-2', 1107, 'Ultrasonography', 'Whole Abdomen', NOW() - INTERVAL '19 days', 'National Institute of Cardiovascular Diseases', 'Dr. Rafiq Siddique', 'Liver shows normal size but mildly increased parenchymal echotexture, suggestive of Grade-I Fatty Liver. Gallbladder, spleen, kidneys, and urinary bladder are normal in size and shape. No calculi or focal masses seen.', 'Mild Hepatomegaly with Grade-I Fatty Change (Fatty Liver).');
INSERT INTO patient_allergies (patient_id, allergen, severity, reaction) VALUES (1107, 'Penicillin', 'High', 'Anaphylactic shock and skin hives');
INSERT INTO patient_allergies (patient_id, allergen, severity, reaction) VALUES (1107, 'Dust Mites', 'Moderate', 'Sneezing and coughing');
INSERT INTO patient_allergies (patient_id, allergen, severity, reaction) VALUES (1107, 'Pollen', 'Low', 'Runny nose');
INSERT INTO patient_chronic_diseases (patient_id, disease_name, status, diagnosed_date) VALUES (1107, 'Type 2 Diabetes Mellitus', 'Active', NOW() - INTERVAL '8 years 4 months');
INSERT INTO patient_chronic_diseases (patient_id, disease_name, status, diagnosed_date) VALUES (1107, 'Essential Hypertension', 'Active', NOW() - INTERVAL '10 years 7 months');
INSERT INTO patient_chronic_diseases (patient_id, disease_name, status, diagnosed_date) VALUES (1107, 'Bronchial Asthma', 'Controlled', NOW() - INTERVAL '1 years 11 months');
INSERT INTO prescriptions (id, patient_id, date, doctor_name, doctor_specialization, hospital_name, diagnosis, clinical_notes, follow_up_date) VALUES ('PRES-1108-1', 1108, NOW() - INTERVAL '29 days', 'Dr. Parveen Chowdhury', 'General Medicine', 'BSMMU (PG Hospital)', 'Type 2 Diabetes Mellitus & Essential Hypertension', 'Patient presents with generalized weakness and occasional dizziness. Blood pressure and fasting blood glucose are elevated. Recommended strict dietary control, low salt, regular walking, and compliance with medications.', 'In 3 months with fasting blood sugar and lipid profile reports.');
INSERT INTO prescription_medicines (prescription_id, name, dosage, instruction, duration) VALUES ('PRES-1108-1', 'Tab. Metformin HCl 500mg', '1+0+1', 'After meals', '3 Months');
INSERT INTO prescription_medicines (prescription_id, name, dosage, instruction, duration) VALUES ('PRES-1108-1', 'Tab. Amlodipine 5mg', '0+0+1', 'At night before sleeping', '1 Month');
INSERT INTO prescription_medicines (prescription_id, name, dosage, instruction, duration) VALUES ('PRES-1108-1', 'Tab. Atorvastatin 10mg', '0+0+1', 'At night after dinner', '2 Months');
INSERT INTO lab_reports (id, patient_id, test_name, category, date, hospital_name, doctor_name, status, ai_interpretation) VALUES ('LAB-1108-1', 1108, 'Diabetes and Kidney Function Panel', 'Biochemistry', NOW() - INTERVAL '29 days', 'BSMMU (PG Hospital)', 'Dr. Parveen Chowdhury', 'Completed', 'Fasting Blood Glucose is high, indicating suboptimal glycemic control. Renal function (Creatinine) is normal. HbA1c should be monitored next visit.');
INSERT INTO lab_test_results (lab_report_id, parameter, value, unit, reference_range, status) VALUES ('LAB-1108-1', 'Fasting Blood Sugar (FBS)', '142', 'mg/dL', '70 - 100', 'High');
INSERT INTO lab_test_results (lab_report_id, parameter, value, unit, reference_range, status) VALUES ('LAB-1108-1', 'Serum Creatinine', '0.9', 'mg/dL', '0.6 - 1.2', 'Normal');
INSERT INTO lab_test_results (lab_report_id, parameter, value, unit, reference_range, status) VALUES ('LAB-1108-1', 'Blood Urea Nitrogen (BUN)', '14', 'mg/dL', '7 - 20', 'Normal');
INSERT INTO imaging_reports (id, patient_id, type, body_part, date, hospital_name, doctor_name, findings, impression) VALUES ('IMG-1108-1', 1108, 'Ultrasonography', 'Whole Abdomen', NOW() - INTERVAL '29 days', 'BSMMU (PG Hospital)', 'Dr. Parveen Chowdhury', 'Liver shows normal size but mildly increased parenchymal echotexture, suggestive of Grade-I Fatty Liver. Gallbladder, spleen, kidneys, and urinary bladder are normal in size and shape. No calculi or focal masses seen.', 'Mild Hepatomegaly with Grade-I Fatty Change (Fatty Liver).');
INSERT INTO prescriptions (id, patient_id, date, doctor_name, doctor_specialization, hospital_name, diagnosis, clinical_notes, follow_up_date) VALUES ('PRES-1108-2', 1108, NOW() - INTERVAL '27 days', 'Dr. Nehal Begum', 'Endocrinology & Diabetology', 'Sir Salimullah Medical College Hospital', 'Acute Bronchitis & suspected Asthma', 'Cough with sputum, shortness of breath, and chest tightness for 5 days. Wheezing heard on auscultation. Advised avoiding cold drinks, dust, and using inhaler correctly.', 'In 10 days for review of symptoms.');
INSERT INTO prescription_medicines (prescription_id, name, dosage, instruction, duration) VALUES ('PRES-1108-2', 'Tab. Azithromycin 500mg', '1+0+0', '1 hour before food', '5 Days');
INSERT INTO prescription_medicines (prescription_id, name, dosage, instruction, duration) VALUES ('PRES-1108-2', 'Tab. Montelukast 10mg', '0+0+1', 'At night', '14 Days');
INSERT INTO prescription_medicines (prescription_id, name, dosage, instruction, duration) VALUES ('PRES-1108-2', 'Inhaler Salbutamol 100mcg', '2 Puffs', 'As needed (when short of breath)', 'As needed');
INSERT INTO lab_reports (id, patient_id, test_name, category, date, hospital_name, doctor_name, status, ai_interpretation) VALUES ('LAB-1108-2', 1108, 'Complete Blood Count (CBC)', 'Hematology', NOW() - INTERVAL '27 days', 'Sir Salimullah Medical College Hospital', 'Dr. Nehal Begum', 'Completed', 'Mild leukocytosis observed, consistent with active respiratory tract infection. Eosinophil counts are slightly elevated, which could point to an allergic component (Asthma).');
INSERT INTO lab_test_results (lab_report_id, parameter, value, unit, reference_range, status) VALUES ('LAB-1108-2', 'Total WBC Count', '11.2', 'x10^9/L', '4.0 - 11.0', 'High');
INSERT INTO lab_test_results (lab_report_id, parameter, value, unit, reference_range, status) VALUES ('LAB-1108-2', 'Hemoglobin (Hb)', '14.5', 'g/dL', '13.5 - 17.5', 'Normal');
INSERT INTO lab_test_results (lab_report_id, parameter, value, unit, reference_range, status) VALUES ('LAB-1108-2', 'Eosinophils', '7', '%', '1 - 6', 'High');
INSERT INTO imaging_reports (id, patient_id, type, body_part, date, hospital_name, doctor_name, findings, impression) VALUES ('IMG-1108-2', 1108, 'X-Ray', 'Chest (P/A View)', NOW() - INTERVAL '27 days', 'Sir Salimullah Medical College Hospital', 'Dr. Nehal Begum', 'Lungs are hyperinflated. Increased bronchovascular markings seen bilaterally. Both costophrenic angles are clear. Heart size and shape are normal. Bony thorax and dome of diaphragms are intact.', 'Findings are suggestive of Acute Bronchitic changes. No consolidation or pleural effusion.');
INSERT INTO patient_allergies (patient_id, allergen, severity, reaction) VALUES (1108, 'Dust Mites', 'Moderate', 'Sneezing and coughing');
INSERT INTO patient_allergies (patient_id, allergen, severity, reaction) VALUES (1108, 'Pollen', 'Low', 'Runny nose');
INSERT INTO patient_chronic_diseases (patient_id, disease_name, status, diagnosed_date) VALUES (1108, 'Type 2 Diabetes Mellitus', 'Active', NOW() - INTERVAL '9 years 9 months');
INSERT INTO patient_chronic_diseases (patient_id, disease_name, status, diagnosed_date) VALUES (1108, 'Essential Hypertension', 'Active', NOW() - INTERVAL '2 years 2 months');
INSERT INTO patient_chronic_diseases (patient_id, disease_name, status, diagnosed_date) VALUES (1108, 'Bronchial Asthma', 'Controlled', NOW() - INTERVAL '2 years 6 months');
INSERT INTO prescriptions (id, patient_id, date, doctor_name, doctor_specialization, hospital_name, diagnosis, clinical_notes, follow_up_date) VALUES ('PRES-1109-1', 1109, NOW() - INTERVAL '18 days', 'Dr. Lipi Chowdhury', 'ENT', 'National Institute of Cardiovascular Diseases', 'Type 2 Diabetes Mellitus & Essential Hypertension', 'Patient presents with generalized weakness and occasional dizziness. Blood pressure and fasting blood glucose are elevated. Recommended strict dietary control, low salt, regular walking, and compliance with medications.', 'In 3 months with fasting blood sugar and lipid profile reports.');
INSERT INTO prescription_medicines (prescription_id, name, dosage, instruction, duration) VALUES ('PRES-1109-1', 'Tab. Metformin HCl 500mg', '1+0+1', 'After meals', '3 Months');
INSERT INTO prescription_medicines (prescription_id, name, dosage, instruction, duration) VALUES ('PRES-1109-1', 'Tab. Amlodipine 5mg', '0+0+1', 'At night before sleeping', '1 Month');
INSERT INTO prescription_medicines (prescription_id, name, dosage, instruction, duration) VALUES ('PRES-1109-1', 'Tab. Atorvastatin 10mg', '0+0+1', 'At night after dinner', '2 Months');
INSERT INTO lab_reports (id, patient_id, test_name, category, date, hospital_name, doctor_name, status, ai_interpretation) VALUES ('LAB-1109-1', 1109, 'Diabetes and Kidney Function Panel', 'Biochemistry', NOW() - INTERVAL '18 days', 'National Institute of Cardiovascular Diseases', 'Dr. Lipi Chowdhury', 'Completed', 'Fasting Blood Glucose is high, indicating suboptimal glycemic control. Renal function (Creatinine) is normal. HbA1c should be monitored next visit.');
INSERT INTO lab_test_results (lab_report_id, parameter, value, unit, reference_range, status) VALUES ('LAB-1109-1', 'Fasting Blood Sugar (FBS)', '142', 'mg/dL', '70 - 100', 'High');
INSERT INTO lab_test_results (lab_report_id, parameter, value, unit, reference_range, status) VALUES ('LAB-1109-1', 'Serum Creatinine', '0.9', 'mg/dL', '0.6 - 1.2', 'Normal');
INSERT INTO lab_test_results (lab_report_id, parameter, value, unit, reference_range, status) VALUES ('LAB-1109-1', 'Blood Urea Nitrogen (BUN)', '14', 'mg/dL', '7 - 20', 'Normal');
INSERT INTO imaging_reports (id, patient_id, type, body_part, date, hospital_name, doctor_name, findings, impression) VALUES ('IMG-1109-1', 1109, 'Ultrasonography', 'Whole Abdomen', NOW() - INTERVAL '18 days', 'National Institute of Cardiovascular Diseases', 'Dr. Lipi Chowdhury', 'Liver shows normal size but mildly increased parenchymal echotexture, suggestive of Grade-I Fatty Liver. Gallbladder, spleen, kidneys, and urinary bladder are normal in size and shape. No calculi or focal masses seen.', 'Mild Hepatomegaly with Grade-I Fatty Change (Fatty Liver).');
INSERT INTO prescriptions (id, patient_id, date, doctor_name, doctor_specialization, hospital_name, diagnosis, clinical_notes, follow_up_date) VALUES ('PRES-1109-2', 1109, NOW() - INTERVAL '7 days', 'Dr. Rashed Siddique', 'Gynaecology & Obstetrics', 'Jashore General Hospital', 'Acute Bronchitis & suspected Asthma', 'Cough with sputum, shortness of breath, and chest tightness for 5 days. Wheezing heard on auscultation. Advised avoiding cold drinks, dust, and using inhaler correctly.', 'In 10 days for review of symptoms.');
INSERT INTO prescription_medicines (prescription_id, name, dosage, instruction, duration) VALUES ('PRES-1109-2', 'Tab. Azithromycin 500mg', '1+0+0', '1 hour before food', '5 Days');
INSERT INTO prescription_medicines (prescription_id, name, dosage, instruction, duration) VALUES ('PRES-1109-2', 'Tab. Montelukast 10mg', '0+0+1', 'At night', '14 Days');
INSERT INTO prescription_medicines (prescription_id, name, dosage, instruction, duration) VALUES ('PRES-1109-2', 'Inhaler Salbutamol 100mcg', '2 Puffs', 'As needed (when short of breath)', 'As needed');
INSERT INTO lab_reports (id, patient_id, test_name, category, date, hospital_name, doctor_name, status, ai_interpretation) VALUES ('LAB-1109-2', 1109, 'Complete Blood Count (CBC)', 'Hematology', NOW() - INTERVAL '7 days', 'Jashore General Hospital', 'Dr. Rashed Siddique', 'Completed', 'Mild leukocytosis observed, consistent with active respiratory tract infection. Eosinophil counts are slightly elevated, which could point to an allergic component (Asthma).');
INSERT INTO lab_test_results (lab_report_id, parameter, value, unit, reference_range, status) VALUES ('LAB-1109-2', 'Total WBC Count', '11.2', 'x10^9/L', '4.0 - 11.0', 'High');
INSERT INTO lab_test_results (lab_report_id, parameter, value, unit, reference_range, status) VALUES ('LAB-1109-2', 'Hemoglobin (Hb)', '14.5', 'g/dL', '13.5 - 17.5', 'Normal');
INSERT INTO lab_test_results (lab_report_id, parameter, value, unit, reference_range, status) VALUES ('LAB-1109-2', 'Eosinophils', '7', '%', '1 - 6', 'High');
INSERT INTO imaging_reports (id, patient_id, type, body_part, date, hospital_name, doctor_name, findings, impression) VALUES ('IMG-1109-2', 1109, 'X-Ray', 'Chest (P/A View)', NOW() - INTERVAL '7 days', 'Jashore General Hospital', 'Dr. Rashed Siddique', 'Lungs are hyperinflated. Increased bronchovascular markings seen bilaterally. Both costophrenic angles are clear. Heart size and shape are normal. Bony thorax and dome of diaphragms are intact.', 'Findings are suggestive of Acute Bronchitic changes. No consolidation or pleural effusion.');
INSERT INTO patient_allergies (patient_id, allergen, severity, reaction) VALUES (1109, 'Dust Mites', 'Moderate', 'Sneezing and coughing');
INSERT INTO patient_allergies (patient_id, allergen, severity, reaction) VALUES (1109, 'Pollen', 'Low', 'Runny nose');
INSERT INTO patient_chronic_diseases (patient_id, disease_name, status, diagnosed_date) VALUES (1109, 'Type 2 Diabetes Mellitus', 'Active', NOW() - INTERVAL '3 years 8 months');
INSERT INTO patient_chronic_diseases (patient_id, disease_name, status, diagnosed_date) VALUES (1109, 'Essential Hypertension', 'Active', NOW() - INTERVAL '10 years 10 months');
INSERT INTO patient_chronic_diseases (patient_id, disease_name, status, diagnosed_date) VALUES (1109, 'Bronchial Asthma', 'Controlled', NOW() - INTERVAL '4 years 5 months');
INSERT INTO prescriptions (id, patient_id, date, doctor_name, doctor_specialization, hospital_name, diagnosis, clinical_notes, follow_up_date) VALUES ('PRES-1110-1', 1110, NOW() - INTERVAL '24 days', 'Dr. Zahid Chowdhury', 'Dermatology', 'North West Medical College & Hospital', 'Acute Bronchitis & suspected Asthma', 'Cough with sputum, shortness of breath, and chest tightness for 5 days. Wheezing heard on auscultation. Advised avoiding cold drinks, dust, and using inhaler correctly.', 'In 10 days for review of symptoms.');
INSERT INTO prescription_medicines (prescription_id, name, dosage, instruction, duration) VALUES ('PRES-1110-1', 'Tab. Azithromycin 500mg', '1+0+0', '1 hour before food', '5 Days');
INSERT INTO prescription_medicines (prescription_id, name, dosage, instruction, duration) VALUES ('PRES-1110-1', 'Tab. Montelukast 10mg', '0+0+1', 'At night', '14 Days');
INSERT INTO prescription_medicines (prescription_id, name, dosage, instruction, duration) VALUES ('PRES-1110-1', 'Inhaler Salbutamol 100mcg', '2 Puffs', 'As needed (when short of breath)', 'As needed');
INSERT INTO lab_reports (id, patient_id, test_name, category, date, hospital_name, doctor_name, status, ai_interpretation) VALUES ('LAB-1110-1', 1110, 'Complete Blood Count (CBC)', 'Hematology', NOW() - INTERVAL '24 days', 'North West Medical College & Hospital', 'Dr. Zahid Chowdhury', 'Completed', 'Mild leukocytosis observed, consistent with active respiratory tract infection. Eosinophil counts are slightly elevated, which could point to an allergic component (Asthma).');
INSERT INTO lab_test_results (lab_report_id, parameter, value, unit, reference_range, status) VALUES ('LAB-1110-1', 'Total WBC Count', '11.2', 'x10^9/L', '4.0 - 11.0', 'High');
INSERT INTO lab_test_results (lab_report_id, parameter, value, unit, reference_range, status) VALUES ('LAB-1110-1', 'Hemoglobin (Hb)', '14.5', 'g/dL', '13.5 - 17.5', 'Normal');
INSERT INTO lab_test_results (lab_report_id, parameter, value, unit, reference_range, status) VALUES ('LAB-1110-1', 'Eosinophils', '7', '%', '1 - 6', 'High');
INSERT INTO imaging_reports (id, patient_id, type, body_part, date, hospital_name, doctor_name, findings, impression) VALUES ('IMG-1110-1', 1110, 'X-Ray', 'Chest (P/A View)', NOW() - INTERVAL '24 days', 'North West Medical College & Hospital', 'Dr. Zahid Chowdhury', 'Lungs are hyperinflated. Increased bronchovascular markings seen bilaterally. Both costophrenic angles are clear. Heart size and shape are normal. Bony thorax and dome of diaphragms are intact.', 'Findings are suggestive of Acute Bronchitic changes. No consolidation or pleural effusion.');
INSERT INTO prescriptions (id, patient_id, date, doctor_name, doctor_specialization, hospital_name, diagnosis, clinical_notes, follow_up_date) VALUES ('PRES-1110-2', 1110, NOW() - INTERVAL '18 days', 'Dr. Lipi Begum', 'Psychiatry', 'BSMMU (PG Hospital)', 'Bilateral Osteoarthritis of Knee Joints', 'Pain, stiffness, and cracking sounds in both knees for the last 6 months, worse in the mornings and after sitting. Advised hot compression, avoidance of sitting on floor/squatting, and moderate knee exercises.', 'In 1 Month.');
INSERT INTO prescription_medicines (prescription_id, name, dosage, instruction, duration) VALUES ('PRES-1110-2', 'Tab. Naproxen 500mg', '1+0+1', 'After meals (only when pain is high)', '7 Days');
INSERT INTO prescription_medicines (prescription_id, name, dosage, instruction, duration) VALUES ('PRES-1110-2', 'Cap. Glucosamine + Chondroitin', '1+0+1', 'After meals', '2 Months');
INSERT INTO prescription_medicines (prescription_id, name, dosage, instruction, duration) VALUES ('PRES-1110-2', 'Tab. Omeprazole 20mg', '1+0+1', 'Before breakfast & dinner', '1 Month');
INSERT INTO lab_reports (id, patient_id, test_name, category, date, hospital_name, doctor_name, status, ai_interpretation) VALUES ('LAB-1110-2', 1110, 'Arthritis & Rheumatology Profile', 'Serology', NOW() - INTERVAL '18 days', 'BSMMU (PG Hospital)', 'Dr. Lipi Begum', 'Completed', 'Uric acid level is slightly elevated, but Rheumatoid Factor is negative, suggesting OA rather than Gout or Rheumatoid Arthritis.');
INSERT INTO lab_test_results (lab_report_id, parameter, value, unit, reference_range, status) VALUES ('LAB-1110-2', 'Serum Uric Acid', '7.5', 'mg/dL', '3.5 - 7.2', 'High');
INSERT INTO lab_test_results (lab_report_id, parameter, value, unit, reference_range, status) VALUES ('LAB-1110-2', 'Rheumatoid Factor (RF)', '8', 'IU/mL', '< 14', 'Normal');
INSERT INTO lab_test_results (lab_report_id, parameter, value, unit, reference_range, status) VALUES ('LAB-1110-2', 'C-Reactive Protein (CRP)', '4.2', 'mg/L', '< 5.0', 'Normal');
INSERT INTO imaging_reports (id, patient_id, type, body_part, date, hospital_name, doctor_name, findings, impression) VALUES ('IMG-1110-2', 1110, 'X-Ray', 'Bilateral Knee Joints (AP & Lateral)', NOW() - INTERVAL '18 days', 'BSMMU (PG Hospital)', 'Dr. Lipi Begum', 'Narrowing of the medial joint spaces in both knees. Subchondral sclerosis and osteophyte formation are noted along the margins of both joint surfaces. No joint effusion or fracture.', 'Radiological features of Bilateral Osteoarthritis of Knees (Grade-II).');
INSERT INTO patient_allergies (patient_id, allergen, severity, reaction) VALUES (1110, 'Dust Mites', 'Moderate', 'Sneezing and coughing');
INSERT INTO patient_allergies (patient_id, allergen, severity, reaction) VALUES (1110, 'Pollen', 'Low', 'Runny nose');
INSERT INTO patient_chronic_diseases (patient_id, disease_name, status, diagnosed_date) VALUES (1110, 'Osteoarthritis', 'Active', NOW() - INTERVAL '7 years 8 months');
INSERT INTO patient_chronic_diseases (patient_id, disease_name, status, diagnosed_date) VALUES (1110, 'Bronchial Asthma', 'Controlled', NOW() - INTERVAL '2 years 8 months');
INSERT INTO prescriptions (id, patient_id, date, doctor_name, doctor_specialization, hospital_name, diagnosis, clinical_notes, follow_up_date) VALUES ('PRES-1111-1', 1111, NOW() - INTERVAL '17 days', 'Dr. Fatema Ahmed', 'Ophthalmology', 'Evercare Hospital', 'Acute Bronchitis & suspected Asthma', 'Cough with sputum, shortness of breath, and chest tightness for 5 days. Wheezing heard on auscultation. Advised avoiding cold drinks, dust, and using inhaler correctly.', 'In 10 days for review of symptoms.');
INSERT INTO prescription_medicines (prescription_id, name, dosage, instruction, duration) VALUES ('PRES-1111-1', 'Tab. Azithromycin 500mg', '1+0+0', '1 hour before food', '5 Days');
INSERT INTO prescription_medicines (prescription_id, name, dosage, instruction, duration) VALUES ('PRES-1111-1', 'Tab. Montelukast 10mg', '0+0+1', 'At night', '14 Days');
INSERT INTO prescription_medicines (prescription_id, name, dosage, instruction, duration) VALUES ('PRES-1111-1', 'Inhaler Salbutamol 100mcg', '2 Puffs', 'As needed (when short of breath)', 'As needed');
INSERT INTO lab_reports (id, patient_id, test_name, category, date, hospital_name, doctor_name, status, ai_interpretation) VALUES ('LAB-1111-1', 1111, 'Complete Blood Count (CBC)', 'Hematology', NOW() - INTERVAL '17 days', 'Evercare Hospital', 'Dr. Fatema Ahmed', 'Completed', 'Mild leukocytosis observed, consistent with active respiratory tract infection. Eosinophil counts are slightly elevated, which could point to an allergic component (Asthma).');
INSERT INTO lab_test_results (lab_report_id, parameter, value, unit, reference_range, status) VALUES ('LAB-1111-1', 'Total WBC Count', '11.2', 'x10^9/L', '4.0 - 11.0', 'High');
INSERT INTO lab_test_results (lab_report_id, parameter, value, unit, reference_range, status) VALUES ('LAB-1111-1', 'Hemoglobin (Hb)', '14.5', 'g/dL', '13.5 - 17.5', 'Normal');
INSERT INTO lab_test_results (lab_report_id, parameter, value, unit, reference_range, status) VALUES ('LAB-1111-1', 'Eosinophils', '7', '%', '1 - 6', 'High');
INSERT INTO imaging_reports (id, patient_id, type, body_part, date, hospital_name, doctor_name, findings, impression) VALUES ('IMG-1111-1', 1111, 'X-Ray', 'Chest (P/A View)', NOW() - INTERVAL '17 days', 'Evercare Hospital', 'Dr. Fatema Ahmed', 'Lungs are hyperinflated. Increased bronchovascular markings seen bilaterally. Both costophrenic angles are clear. Heart size and shape are normal. Bony thorax and dome of diaphragms are intact.', 'Findings are suggestive of Acute Bronchitic changes. No consolidation or pleural effusion.');
INSERT INTO patient_allergies (patient_id, allergen, severity, reaction) VALUES (1111, 'Dust Mites', 'Moderate', 'Sneezing and coughing');
INSERT INTO patient_allergies (patient_id, allergen, severity, reaction) VALUES (1111, 'Pollen', 'Low', 'Runny nose');
INSERT INTO patient_chronic_diseases (patient_id, disease_name, status, diagnosed_date) VALUES (1111, 'Bronchial Asthma', 'Controlled', NOW() - INTERVAL '9 years 3 months');
INSERT INTO prescriptions (id, patient_id, date, doctor_name, doctor_specialization, hospital_name, diagnosis, clinical_notes, follow_up_date) VALUES ('PRES-1112-1', 1112, NOW() - INTERVAL '18 days', 'Dr. Rafiq Hasan', 'Orthopedics', 'Mugda Medical College Hospital', 'Acute Bronchitis & suspected Asthma', 'Cough with sputum, shortness of breath, and chest tightness for 5 days. Wheezing heard on auscultation. Advised avoiding cold drinks, dust, and using inhaler correctly.', 'In 10 days for review of symptoms.');
INSERT INTO prescription_medicines (prescription_id, name, dosage, instruction, duration) VALUES ('PRES-1112-1', 'Tab. Azithromycin 500mg', '1+0+0', '1 hour before food', '5 Days');
INSERT INTO prescription_medicines (prescription_id, name, dosage, instruction, duration) VALUES ('PRES-1112-1', 'Tab. Montelukast 10mg', '0+0+1', 'At night', '14 Days');
INSERT INTO prescription_medicines (prescription_id, name, dosage, instruction, duration) VALUES ('PRES-1112-1', 'Inhaler Salbutamol 100mcg', '2 Puffs', 'As needed (when short of breath)', 'As needed');
INSERT INTO lab_reports (id, patient_id, test_name, category, date, hospital_name, doctor_name, status, ai_interpretation) VALUES ('LAB-1112-1', 1112, 'Complete Blood Count (CBC)', 'Hematology', NOW() - INTERVAL '18 days', 'Mugda Medical College Hospital', 'Dr. Rafiq Hasan', 'Completed', 'Mild leukocytosis observed, consistent with active respiratory tract infection. Eosinophil counts are slightly elevated, which could point to an allergic component (Asthma).');
INSERT INTO lab_test_results (lab_report_id, parameter, value, unit, reference_range, status) VALUES ('LAB-1112-1', 'Total WBC Count', '11.2', 'x10^9/L', '4.0 - 11.0', 'High');
INSERT INTO lab_test_results (lab_report_id, parameter, value, unit, reference_range, status) VALUES ('LAB-1112-1', 'Hemoglobin (Hb)', '14.5', 'g/dL', '13.5 - 17.5', 'Normal');
INSERT INTO lab_test_results (lab_report_id, parameter, value, unit, reference_range, status) VALUES ('LAB-1112-1', 'Eosinophils', '7', '%', '1 - 6', 'High');
INSERT INTO imaging_reports (id, patient_id, type, body_part, date, hospital_name, doctor_name, findings, impression) VALUES ('IMG-1112-1', 1112, 'X-Ray', 'Chest (P/A View)', NOW() - INTERVAL '18 days', 'Mugda Medical College Hospital', 'Dr. Rafiq Hasan', 'Lungs are hyperinflated. Increased bronchovascular markings seen bilaterally. Both costophrenic angles are clear. Heart size and shape are normal. Bony thorax and dome of diaphragms are intact.', 'Findings are suggestive of Acute Bronchitic changes. No consolidation or pleural effusion.');
INSERT INTO patient_allergies (patient_id, allergen, severity, reaction) VALUES (1112, 'Dust Mites', 'Moderate', 'Sneezing and coughing');
INSERT INTO patient_allergies (patient_id, allergen, severity, reaction) VALUES (1112, 'Pollen', 'Low', 'Runny nose');
INSERT INTO patient_chronic_diseases (patient_id, disease_name, status, diagnosed_date) VALUES (1112, 'Bronchial Asthma', 'Controlled', NOW() - INTERVAL '4 years 2 months');
INSERT INTO prescriptions (id, patient_id, date, doctor_name, doctor_specialization, hospital_name, diagnosis, clinical_notes, follow_up_date) VALUES ('PRES-1113-1', 1113, NOW() - INTERVAL '6 days', 'Dr. Sadia Begum', 'Urology', 'National Medical Center', 'Gastroesophageal Reflux Disease (GERD)', 'Complains of burning sensation in the chest (heartburn), sour taste in the mouth, and upper abdominal pain after meals. Recommended avoiding spicy foods, sleeping with head elevated, and not lying down immediately after eating.', 'In 2 weeks.');
INSERT INTO prescription_medicines (prescription_id, name, dosage, instruction, duration) VALUES ('PRES-1113-1', 'Cap. Esomeprazole 20mg', '1+0+1', '30 minutes before breakfast & dinner', '1 Month');
INSERT INTO prescription_medicines (prescription_id, name, dosage, instruction, duration) VALUES ('PRES-1113-1', 'Tab. Domperidone 10mg', '1+1+1', '15 minutes before meals', '10 Days');
INSERT INTO prescription_medicines (prescription_id, name, dosage, instruction, duration) VALUES ('PRES-1113-1', 'Syr. Antacid', '2 spoonful', '1 hour after meals', '7 Days');
INSERT INTO lab_reports (id, patient_id, test_name, category, date, hospital_name, doctor_name, status, ai_interpretation) VALUES ('LAB-1113-1', 1113, 'H. Pylori Screening Panel', 'Serology', NOW() - INTERVAL '6 days', 'National Medical Center', 'Dr. Sadia Begum', 'Completed', 'H. Pylori antigen test is negative. Upper GI symptoms are likely due to lifestyle/acid reflux rather than active bacterial infection.');
INSERT INTO lab_test_results (lab_report_id, parameter, value, unit, reference_range, status) VALUES ('LAB-1113-1', 'H. Pylori Ag (Stool)', 'Negative', 'N/A', 'Negative', 'Normal');
INSERT INTO imaging_reports (id, patient_id, type, body_part, date, hospital_name, doctor_name, findings, impression) VALUES ('IMG-1113-1', 1113, 'Ultrasonography', 'Hepatobiliary System (HBS)', NOW() - INTERVAL '6 days', 'National Medical Center', 'Dr. Sadia Begum', 'Gallbladder is distended with normal wall thickness. No gallstones or sludge seen. Common bile duct and intrahepatic biliary channels are normal. Pancreas and spleen are normal.', 'Normal HBS scan. No gallstones detected.');
INSERT INTO prescriptions (id, patient_id, date, doctor_name, doctor_specialization, hospital_name, diagnosis, clinical_notes, follow_up_date) VALUES ('PRES-1113-2', 1113, NOW() - INTERVAL '24 days', 'Dr. Lipi Chowdhury', 'ENT', 'National Institute of Cardiovascular Diseases', 'Acute Bronchitis & suspected Asthma', 'Cough with sputum, shortness of breath, and chest tightness for 5 days. Wheezing heard on auscultation. Advised avoiding cold drinks, dust, and using inhaler correctly.', 'In 10 days for review of symptoms.');
INSERT INTO prescription_medicines (prescription_id, name, dosage, instruction, duration) VALUES ('PRES-1113-2', 'Tab. Azithromycin 500mg', '1+0+0', '1 hour before food', '5 Days');
INSERT INTO prescription_medicines (prescription_id, name, dosage, instruction, duration) VALUES ('PRES-1113-2', 'Tab. Montelukast 10mg', '0+0+1', 'At night', '14 Days');
INSERT INTO prescription_medicines (prescription_id, name, dosage, instruction, duration) VALUES ('PRES-1113-2', 'Inhaler Salbutamol 100mcg', '2 Puffs', 'As needed (when short of breath)', 'As needed');
INSERT INTO lab_reports (id, patient_id, test_name, category, date, hospital_name, doctor_name, status, ai_interpretation) VALUES ('LAB-1113-2', 1113, 'Complete Blood Count (CBC)', 'Hematology', NOW() - INTERVAL '24 days', 'National Institute of Cardiovascular Diseases', 'Dr. Lipi Chowdhury', 'Completed', 'Mild leukocytosis observed, consistent with active respiratory tract infection. Eosinophil counts are slightly elevated, which could point to an allergic component (Asthma).');
INSERT INTO lab_test_results (lab_report_id, parameter, value, unit, reference_range, status) VALUES ('LAB-1113-2', 'Total WBC Count', '11.2', 'x10^9/L', '4.0 - 11.0', 'High');
INSERT INTO lab_test_results (lab_report_id, parameter, value, unit, reference_range, status) VALUES ('LAB-1113-2', 'Hemoglobin (Hb)', '14.5', 'g/dL', '13.5 - 17.5', 'Normal');
INSERT INTO lab_test_results (lab_report_id, parameter, value, unit, reference_range, status) VALUES ('LAB-1113-2', 'Eosinophils', '7', '%', '1 - 6', 'High');
INSERT INTO imaging_reports (id, patient_id, type, body_part, date, hospital_name, doctor_name, findings, impression) VALUES ('IMG-1113-2', 1113, 'X-Ray', 'Chest (P/A View)', NOW() - INTERVAL '24 days', 'National Institute of Cardiovascular Diseases', 'Dr. Lipi Chowdhury', 'Lungs are hyperinflated. Increased bronchovascular markings seen bilaterally. Both costophrenic angles are clear. Heart size and shape are normal. Bony thorax and dome of diaphragms are intact.', 'Findings are suggestive of Acute Bronchitic changes. No consolidation or pleural effusion.');
INSERT INTO patient_allergies (patient_id, allergen, severity, reaction) VALUES (1113, 'Dust Mites', 'Moderate', 'Sneezing and coughing');
INSERT INTO patient_allergies (patient_id, allergen, severity, reaction) VALUES (1113, 'Pollen', 'Low', 'Runny nose');
INSERT INTO patient_chronic_diseases (patient_id, disease_name, status, diagnosed_date) VALUES (1113, 'Gastroesophageal Reflux Disease (GERD)', 'Active', NOW() - INTERVAL '3 years 2 months');
INSERT INTO patient_chronic_diseases (patient_id, disease_name, status, diagnosed_date) VALUES (1113, 'Bronchial Asthma', 'Controlled', NOW() - INTERVAL '3 years 4 months');
INSERT INTO prescriptions (id, patient_id, date, doctor_name, doctor_specialization, hospital_name, diagnosis, clinical_notes, follow_up_date) VALUES ('PRES-1114-1', 1114, NOW() - INTERVAL '25 days', 'Dr. Alam Khan', 'Psychiatry', 'National Medical Center', 'Bilateral Osteoarthritis of Knee Joints', 'Pain, stiffness, and cracking sounds in both knees for the last 6 months, worse in the mornings and after sitting. Advised hot compression, avoidance of sitting on floor/squatting, and moderate knee exercises.', 'In 1 Month.');
INSERT INTO prescription_medicines (prescription_id, name, dosage, instruction, duration) VALUES ('PRES-1114-1', 'Tab. Naproxen 500mg', '1+0+1', 'After meals (only when pain is high)', '7 Days');
INSERT INTO prescription_medicines (prescription_id, name, dosage, instruction, duration) VALUES ('PRES-1114-1', 'Cap. Glucosamine + Chondroitin', '1+0+1', 'After meals', '2 Months');
INSERT INTO prescription_medicines (prescription_id, name, dosage, instruction, duration) VALUES ('PRES-1114-1', 'Tab. Omeprazole 20mg', '1+0+1', 'Before breakfast & dinner', '1 Month');
INSERT INTO lab_reports (id, patient_id, test_name, category, date, hospital_name, doctor_name, status, ai_interpretation) VALUES ('LAB-1114-1', 1114, 'Arthritis & Rheumatology Profile', 'Serology', NOW() - INTERVAL '25 days', 'National Medical Center', 'Dr. Alam Khan', 'Completed', 'Uric acid level is slightly elevated, but Rheumatoid Factor is negative, suggesting OA rather than Gout or Rheumatoid Arthritis.');
INSERT INTO lab_test_results (lab_report_id, parameter, value, unit, reference_range, status) VALUES ('LAB-1114-1', 'Serum Uric Acid', '7.5', 'mg/dL', '3.5 - 7.2', 'High');
INSERT INTO lab_test_results (lab_report_id, parameter, value, unit, reference_range, status) VALUES ('LAB-1114-1', 'Rheumatoid Factor (RF)', '8', 'IU/mL', '< 14', 'Normal');
INSERT INTO lab_test_results (lab_report_id, parameter, value, unit, reference_range, status) VALUES ('LAB-1114-1', 'C-Reactive Protein (CRP)', '4.2', 'mg/L', '< 5.0', 'Normal');
INSERT INTO imaging_reports (id, patient_id, type, body_part, date, hospital_name, doctor_name, findings, impression) VALUES ('IMG-1114-1', 1114, 'X-Ray', 'Bilateral Knee Joints (AP & Lateral)', NOW() - INTERVAL '25 days', 'National Medical Center', 'Dr. Alam Khan', 'Narrowing of the medial joint spaces in both knees. Subchondral sclerosis and osteophyte formation are noted along the margins of both joint surfaces. No joint effusion or fracture.', 'Radiological features of Bilateral Osteoarthritis of Knees (Grade-II).');
INSERT INTO prescriptions (id, patient_id, date, doctor_name, doctor_specialization, hospital_name, diagnosis, clinical_notes, follow_up_date) VALUES ('PRES-1114-2', 1114, NOW() - INTERVAL '16 days', 'Dr. Keya Rahman', 'Urology', 'Anwer Khan Modern Medical College Hospital', 'Gastroesophageal Reflux Disease (GERD)', 'Complains of burning sensation in the chest (heartburn), sour taste in the mouth, and upper abdominal pain after meals. Recommended avoiding spicy foods, sleeping with head elevated, and not lying down immediately after eating.', 'In 2 weeks.');
INSERT INTO prescription_medicines (prescription_id, name, dosage, instruction, duration) VALUES ('PRES-1114-2', 'Cap. Esomeprazole 20mg', '1+0+1', '30 minutes before breakfast & dinner', '1 Month');
INSERT INTO prescription_medicines (prescription_id, name, dosage, instruction, duration) VALUES ('PRES-1114-2', 'Tab. Domperidone 10mg', '1+1+1', '15 minutes before meals', '10 Days');
INSERT INTO prescription_medicines (prescription_id, name, dosage, instruction, duration) VALUES ('PRES-1114-2', 'Syr. Antacid', '2 spoonful', '1 hour after meals', '7 Days');
INSERT INTO lab_reports (id, patient_id, test_name, category, date, hospital_name, doctor_name, status, ai_interpretation) VALUES ('LAB-1114-2', 1114, 'H. Pylori Screening Panel', 'Serology', NOW() - INTERVAL '16 days', 'Anwer Khan Modern Medical College Hospital', 'Dr. Keya Rahman', 'Completed', 'H. Pylori antigen test is negative. Upper GI symptoms are likely due to lifestyle/acid reflux rather than active bacterial infection.');
INSERT INTO lab_test_results (lab_report_id, parameter, value, unit, reference_range, status) VALUES ('LAB-1114-2', 'H. Pylori Ag (Stool)', 'Negative', 'N/A', 'Negative', 'Normal');
INSERT INTO imaging_reports (id, patient_id, type, body_part, date, hospital_name, doctor_name, findings, impression) VALUES ('IMG-1114-2', 1114, 'Ultrasonography', 'Hepatobiliary System (HBS)', NOW() - INTERVAL '16 days', 'Anwer Khan Modern Medical College Hospital', 'Dr. Keya Rahman', 'Gallbladder is distended with normal wall thickness. No gallstones or sludge seen. Common bile duct and intrahepatic biliary channels are normal. Pancreas and spleen are normal.', 'Normal HBS scan. No gallstones detected.');
INSERT INTO patient_chronic_diseases (patient_id, disease_name, status, diagnosed_date) VALUES (1114, 'Migraine', 'Active', NOW() - INTERVAL '1 years 2 months');
INSERT INTO patient_chronic_diseases (patient_id, disease_name, status, diagnosed_date) VALUES (1114, 'Osteoarthritis', 'Active', NOW() - INTERVAL '9 years 8 months');
INSERT INTO patient_chronic_diseases (patient_id, disease_name, status, diagnosed_date) VALUES (1114, 'Gastroesophageal Reflux Disease (GERD)', 'Active', NOW() - INTERVAL '5 years 5 months');
INSERT INTO prescriptions (id, patient_id, date, doctor_name, doctor_specialization, hospital_name, diagnosis, clinical_notes, follow_up_date) VALUES ('PRES-1115-1', 1115, NOW() - INTERVAL '30 days', 'Dr. Tariq Ali', 'Gynaecology & Obstetrics', 'BIRDEM General Hospital', 'Acute Bronchitis & suspected Asthma', 'Cough with sputum, shortness of breath, and chest tightness for 5 days. Wheezing heard on auscultation. Advised avoiding cold drinks, dust, and using inhaler correctly.', 'In 10 days for review of symptoms.');
INSERT INTO prescription_medicines (prescription_id, name, dosage, instruction, duration) VALUES ('PRES-1115-1', 'Tab. Azithromycin 500mg', '1+0+0', '1 hour before food', '5 Days');
INSERT INTO prescription_medicines (prescription_id, name, dosage, instruction, duration) VALUES ('PRES-1115-1', 'Tab. Montelukast 10mg', '0+0+1', 'At night', '14 Days');
INSERT INTO prescription_medicines (prescription_id, name, dosage, instruction, duration) VALUES ('PRES-1115-1', 'Inhaler Salbutamol 100mcg', '2 Puffs', 'As needed (when short of breath)', 'As needed');
INSERT INTO lab_reports (id, patient_id, test_name, category, date, hospital_name, doctor_name, status, ai_interpretation) VALUES ('LAB-1115-1', 1115, 'Complete Blood Count (CBC)', 'Hematology', NOW() - INTERVAL '30 days', 'BIRDEM General Hospital', 'Dr. Tariq Ali', 'Completed', 'Mild leukocytosis observed, consistent with active respiratory tract infection. Eosinophil counts are slightly elevated, which could point to an allergic component (Asthma).');
INSERT INTO lab_test_results (lab_report_id, parameter, value, unit, reference_range, status) VALUES ('LAB-1115-1', 'Total WBC Count', '11.2', 'x10^9/L', '4.0 - 11.0', 'High');
INSERT INTO lab_test_results (lab_report_id, parameter, value, unit, reference_range, status) VALUES ('LAB-1115-1', 'Hemoglobin (Hb)', '14.5', 'g/dL', '13.5 - 17.5', 'Normal');
INSERT INTO lab_test_results (lab_report_id, parameter, value, unit, reference_range, status) VALUES ('LAB-1115-1', 'Eosinophils', '7', '%', '1 - 6', 'High');
INSERT INTO imaging_reports (id, patient_id, type, body_part, date, hospital_name, doctor_name, findings, impression) VALUES ('IMG-1115-1', 1115, 'X-Ray', 'Chest (P/A View)', NOW() - INTERVAL '30 days', 'BIRDEM General Hospital', 'Dr. Tariq Ali', 'Lungs are hyperinflated. Increased bronchovascular markings seen bilaterally. Both costophrenic angles are clear. Heart size and shape are normal. Bony thorax and dome of diaphragms are intact.', 'Findings are suggestive of Acute Bronchitic changes. No consolidation or pleural effusion.');
INSERT INTO prescriptions (id, patient_id, date, doctor_name, doctor_specialization, hospital_name, diagnosis, clinical_notes, follow_up_date) VALUES ('PRES-1115-2', 1115, NOW() - INTERVAL '25 days', 'Dr. Sani Begum', 'Dermatology', 'Chittagong Medical College', 'Type 2 Diabetes Mellitus & Essential Hypertension', 'Patient presents with generalized weakness and occasional dizziness. Blood pressure and fasting blood glucose are elevated. Recommended strict dietary control, low salt, regular walking, and compliance with medications.', 'In 3 months with fasting blood sugar and lipid profile reports.');
INSERT INTO prescription_medicines (prescription_id, name, dosage, instruction, duration) VALUES ('PRES-1115-2', 'Tab. Metformin HCl 500mg', '1+0+1', 'After meals', '3 Months');
INSERT INTO prescription_medicines (prescription_id, name, dosage, instruction, duration) VALUES ('PRES-1115-2', 'Tab. Amlodipine 5mg', '0+0+1', 'At night before sleeping', '1 Month');
INSERT INTO prescription_medicines (prescription_id, name, dosage, instruction, duration) VALUES ('PRES-1115-2', 'Tab. Atorvastatin 10mg', '0+0+1', 'At night after dinner', '2 Months');
INSERT INTO lab_reports (id, patient_id, test_name, category, date, hospital_name, doctor_name, status, ai_interpretation) VALUES ('LAB-1115-2', 1115, 'Diabetes and Kidney Function Panel', 'Biochemistry', NOW() - INTERVAL '25 days', 'Chittagong Medical College', 'Dr. Sani Begum', 'Completed', 'Fasting Blood Glucose is high, indicating suboptimal glycemic control. Renal function (Creatinine) is normal. HbA1c should be monitored next visit.');
INSERT INTO lab_test_results (lab_report_id, parameter, value, unit, reference_range, status) VALUES ('LAB-1115-2', 'Fasting Blood Sugar (FBS)', '142', 'mg/dL', '70 - 100', 'High');
INSERT INTO lab_test_results (lab_report_id, parameter, value, unit, reference_range, status) VALUES ('LAB-1115-2', 'Serum Creatinine', '0.9', 'mg/dL', '0.6 - 1.2', 'Normal');
INSERT INTO lab_test_results (lab_report_id, parameter, value, unit, reference_range, status) VALUES ('LAB-1115-2', 'Blood Urea Nitrogen (BUN)', '14', 'mg/dL', '7 - 20', 'Normal');
INSERT INTO imaging_reports (id, patient_id, type, body_part, date, hospital_name, doctor_name, findings, impression) VALUES ('IMG-1115-2', 1115, 'Ultrasonography', 'Whole Abdomen', NOW() - INTERVAL '25 days', 'Chittagong Medical College', 'Dr. Sani Begum', 'Liver shows normal size but mildly increased parenchymal echotexture, suggestive of Grade-I Fatty Liver. Gallbladder, spleen, kidneys, and urinary bladder are normal in size and shape. No calculi or focal masses seen.', 'Mild Hepatomegaly with Grade-I Fatty Change (Fatty Liver).');
INSERT INTO patient_allergies (patient_id, allergen, severity, reaction) VALUES (1115, 'Dust Mites', 'Moderate', 'Sneezing and coughing');
INSERT INTO patient_allergies (patient_id, allergen, severity, reaction) VALUES (1115, 'Pollen', 'Low', 'Runny nose');
INSERT INTO patient_chronic_diseases (patient_id, disease_name, status, diagnosed_date) VALUES (1115, 'Type 2 Diabetes Mellitus', 'Active', NOW() - INTERVAL '4 years 5 months');
INSERT INTO patient_chronic_diseases (patient_id, disease_name, status, diagnosed_date) VALUES (1115, 'Essential Hypertension', 'Active', NOW() - INTERVAL '9 years 6 months');
INSERT INTO patient_chronic_diseases (patient_id, disease_name, status, diagnosed_date) VALUES (1115, 'Bronchial Asthma', 'Controlled', NOW() - INTERVAL '2 years 5 months');
INSERT INTO prescriptions (id, patient_id, date, doctor_name, doctor_specialization, hospital_name, diagnosis, clinical_notes, follow_up_date) VALUES ('PRES-1116-1', 1116, NOW() - INTERVAL '22 days', 'Dr. Lipi Chowdhury', 'ENT', 'National Institute of Cardiovascular Diseases', 'Type 2 Diabetes Mellitus & Essential Hypertension', 'Patient presents with generalized weakness and occasional dizziness. Blood pressure and fasting blood glucose are elevated. Recommended strict dietary control, low salt, regular walking, and compliance with medications.', 'In 3 months with fasting blood sugar and lipid profile reports.');
INSERT INTO prescription_medicines (prescription_id, name, dosage, instruction, duration) VALUES ('PRES-1116-1', 'Tab. Metformin HCl 500mg', '1+0+1', 'After meals', '3 Months');
INSERT INTO prescription_medicines (prescription_id, name, dosage, instruction, duration) VALUES ('PRES-1116-1', 'Tab. Amlodipine 5mg', '0+0+1', 'At night before sleeping', '1 Month');
INSERT INTO prescription_medicines (prescription_id, name, dosage, instruction, duration) VALUES ('PRES-1116-1', 'Tab. Atorvastatin 10mg', '0+0+1', 'At night after dinner', '2 Months');
INSERT INTO lab_reports (id, patient_id, test_name, category, date, hospital_name, doctor_name, status, ai_interpretation) VALUES ('LAB-1116-1', 1116, 'Diabetes and Kidney Function Panel', 'Biochemistry', NOW() - INTERVAL '22 days', 'National Institute of Cardiovascular Diseases', 'Dr. Lipi Chowdhury', 'Completed', 'Fasting Blood Glucose is high, indicating suboptimal glycemic control. Renal function (Creatinine) is normal. HbA1c should be monitored next visit.');
INSERT INTO lab_test_results (lab_report_id, parameter, value, unit, reference_range, status) VALUES ('LAB-1116-1', 'Fasting Blood Sugar (FBS)', '142', 'mg/dL', '70 - 100', 'High');
INSERT INTO lab_test_results (lab_report_id, parameter, value, unit, reference_range, status) VALUES ('LAB-1116-1', 'Serum Creatinine', '0.9', 'mg/dL', '0.6 - 1.2', 'Normal');
INSERT INTO lab_test_results (lab_report_id, parameter, value, unit, reference_range, status) VALUES ('LAB-1116-1', 'Blood Urea Nitrogen (BUN)', '14', 'mg/dL', '7 - 20', 'Normal');
INSERT INTO imaging_reports (id, patient_id, type, body_part, date, hospital_name, doctor_name, findings, impression) VALUES ('IMG-1116-1', 1116, 'Ultrasonography', 'Whole Abdomen', NOW() - INTERVAL '22 days', 'National Institute of Cardiovascular Diseases', 'Dr. Lipi Chowdhury', 'Liver shows normal size but mildly increased parenchymal echotexture, suggestive of Grade-I Fatty Liver. Gallbladder, spleen, kidneys, and urinary bladder are normal in size and shape. No calculi or focal masses seen.', 'Mild Hepatomegaly with Grade-I Fatty Change (Fatty Liver).');
INSERT INTO prescriptions (id, patient_id, date, doctor_name, doctor_specialization, hospital_name, diagnosis, clinical_notes, follow_up_date) VALUES ('PRES-1116-2', 1116, NOW() - INTERVAL '11 days', 'Dr. Rana Talukder', 'Orthopedics', 'National Medical Center', 'Gastroesophageal Reflux Disease (GERD)', 'Complains of burning sensation in the chest (heartburn), sour taste in the mouth, and upper abdominal pain after meals. Recommended avoiding spicy foods, sleeping with head elevated, and not lying down immediately after eating.', 'In 2 weeks.');
INSERT INTO prescription_medicines (prescription_id, name, dosage, instruction, duration) VALUES ('PRES-1116-2', 'Cap. Esomeprazole 20mg', '1+0+1', '30 minutes before breakfast & dinner', '1 Month');
INSERT INTO prescription_medicines (prescription_id, name, dosage, instruction, duration) VALUES ('PRES-1116-2', 'Tab. Domperidone 10mg', '1+1+1', '15 minutes before meals', '10 Days');
INSERT INTO prescription_medicines (prescription_id, name, dosage, instruction, duration) VALUES ('PRES-1116-2', 'Syr. Antacid', '2 spoonful', '1 hour after meals', '7 Days');
INSERT INTO lab_reports (id, patient_id, test_name, category, date, hospital_name, doctor_name, status, ai_interpretation) VALUES ('LAB-1116-2', 1116, 'H. Pylori Screening Panel', 'Serology', NOW() - INTERVAL '11 days', 'National Medical Center', 'Dr. Rana Talukder', 'Completed', 'H. Pylori antigen test is negative. Upper GI symptoms are likely due to lifestyle/acid reflux rather than active bacterial infection.');
INSERT INTO lab_test_results (lab_report_id, parameter, value, unit, reference_range, status) VALUES ('LAB-1116-2', 'H. Pylori Ag (Stool)', 'Negative', 'N/A', 'Negative', 'Normal');
INSERT INTO imaging_reports (id, patient_id, type, body_part, date, hospital_name, doctor_name, findings, impression) VALUES ('IMG-1116-2', 1116, 'Ultrasonography', 'Hepatobiliary System (HBS)', NOW() - INTERVAL '11 days', 'National Medical Center', 'Dr. Rana Talukder', 'Gallbladder is distended with normal wall thickness. No gallstones or sludge seen. Common bile duct and intrahepatic biliary channels are normal. Pancreas and spleen are normal.', 'Normal HBS scan. No gallstones detected.');
INSERT INTO patient_chronic_diseases (patient_id, disease_name, status, diagnosed_date) VALUES (1116, 'Gastroesophageal Reflux Disease (GERD)', 'Active', NOW() - INTERVAL '7 years 4 months');
INSERT INTO patient_chronic_diseases (patient_id, disease_name, status, diagnosed_date) VALUES (1116, 'Type 2 Diabetes Mellitus', 'Active', NOW() - INTERVAL '3 years 2 months');
INSERT INTO patient_chronic_diseases (patient_id, disease_name, status, diagnosed_date) VALUES (1116, 'Essential Hypertension', 'Active', NOW() - INTERVAL '10 years 2 months');
INSERT INTO prescriptions (id, patient_id, date, doctor_name, doctor_specialization, hospital_name, diagnosis, clinical_notes, follow_up_date) VALUES ('PRES-1117-1', 1117, NOW() - INTERVAL '1 days', 'Dr. Rafiq Siddique', 'General Surgery', 'National Institute of Cardiovascular Diseases', 'Gastroesophageal Reflux Disease (GERD)', 'Complains of burning sensation in the chest (heartburn), sour taste in the mouth, and upper abdominal pain after meals. Recommended avoiding spicy foods, sleeping with head elevated, and not lying down immediately after eating.', 'In 2 weeks.');
INSERT INTO prescription_medicines (prescription_id, name, dosage, instruction, duration) VALUES ('PRES-1117-1', 'Cap. Esomeprazole 20mg', '1+0+1', '30 minutes before breakfast & dinner', '1 Month');
INSERT INTO prescription_medicines (prescription_id, name, dosage, instruction, duration) VALUES ('PRES-1117-1', 'Tab. Domperidone 10mg', '1+1+1', '15 minutes before meals', '10 Days');
INSERT INTO prescription_medicines (prescription_id, name, dosage, instruction, duration) VALUES ('PRES-1117-1', 'Syr. Antacid', '2 spoonful', '1 hour after meals', '7 Days');
INSERT INTO lab_reports (id, patient_id, test_name, category, date, hospital_name, doctor_name, status, ai_interpretation) VALUES ('LAB-1117-1', 1117, 'H. Pylori Screening Panel', 'Serology', NOW() - INTERVAL '1 days', 'National Institute of Cardiovascular Diseases', 'Dr. Rafiq Siddique', 'Completed', 'H. Pylori antigen test is negative. Upper GI symptoms are likely due to lifestyle/acid reflux rather than active bacterial infection.');
INSERT INTO lab_test_results (lab_report_id, parameter, value, unit, reference_range, status) VALUES ('LAB-1117-1', 'H. Pylori Ag (Stool)', 'Negative', 'N/A', 'Negative', 'Normal');
INSERT INTO imaging_reports (id, patient_id, type, body_part, date, hospital_name, doctor_name, findings, impression) VALUES ('IMG-1117-1', 1117, 'Ultrasonography', 'Hepatobiliary System (HBS)', NOW() - INTERVAL '1 days', 'National Institute of Cardiovascular Diseases', 'Dr. Rafiq Siddique', 'Gallbladder is distended with normal wall thickness. No gallstones or sludge seen. Common bile duct and intrahepatic biliary channels are normal. Pancreas and spleen are normal.', 'Normal HBS scan. No gallstones detected.');
INSERT INTO prescriptions (id, patient_id, date, doctor_name, doctor_specialization, hospital_name, diagnosis, clinical_notes, follow_up_date) VALUES ('PRES-1117-2', 1117, NOW() - INTERVAL '15 days', 'Dr. Lipi Chowdhury', 'General Medicine', 'Chittagong Medical College', 'Type 2 Diabetes Mellitus & Essential Hypertension', 'Patient presents with generalized weakness and occasional dizziness. Blood pressure and fasting blood glucose are elevated. Recommended strict dietary control, low salt, regular walking, and compliance with medications.', 'In 3 months with fasting blood sugar and lipid profile reports.');
INSERT INTO prescription_medicines (prescription_id, name, dosage, instruction, duration) VALUES ('PRES-1117-2', 'Tab. Metformin HCl 500mg', '1+0+1', 'After meals', '3 Months');
INSERT INTO prescription_medicines (prescription_id, name, dosage, instruction, duration) VALUES ('PRES-1117-2', 'Tab. Amlodipine 5mg', '0+0+1', 'At night before sleeping', '1 Month');
INSERT INTO prescription_medicines (prescription_id, name, dosage, instruction, duration) VALUES ('PRES-1117-2', 'Tab. Atorvastatin 10mg', '0+0+1', 'At night after dinner', '2 Months');
INSERT INTO lab_reports (id, patient_id, test_name, category, date, hospital_name, doctor_name, status, ai_interpretation) VALUES ('LAB-1117-2', 1117, 'Diabetes and Kidney Function Panel', 'Biochemistry', NOW() - INTERVAL '15 days', 'Chittagong Medical College', 'Dr. Lipi Chowdhury', 'Completed', 'Fasting Blood Glucose is high, indicating suboptimal glycemic control. Renal function (Creatinine) is normal. HbA1c should be monitored next visit.');
INSERT INTO lab_test_results (lab_report_id, parameter, value, unit, reference_range, status) VALUES ('LAB-1117-2', 'Fasting Blood Sugar (FBS)', '142', 'mg/dL', '70 - 100', 'High');
INSERT INTO lab_test_results (lab_report_id, parameter, value, unit, reference_range, status) VALUES ('LAB-1117-2', 'Serum Creatinine', '0.9', 'mg/dL', '0.6 - 1.2', 'Normal');
INSERT INTO lab_test_results (lab_report_id, parameter, value, unit, reference_range, status) VALUES ('LAB-1117-2', 'Blood Urea Nitrogen (BUN)', '14', 'mg/dL', '7 - 20', 'Normal');
INSERT INTO imaging_reports (id, patient_id, type, body_part, date, hospital_name, doctor_name, findings, impression) VALUES ('IMG-1117-2', 1117, 'Ultrasonography', 'Whole Abdomen', NOW() - INTERVAL '15 days', 'Chittagong Medical College', 'Dr. Lipi Chowdhury', 'Liver shows normal size but mildly increased parenchymal echotexture, suggestive of Grade-I Fatty Liver. Gallbladder, spleen, kidneys, and urinary bladder are normal in size and shape. No calculi or focal masses seen.', 'Mild Hepatomegaly with Grade-I Fatty Change (Fatty Liver).');
INSERT INTO patient_chronic_diseases (patient_id, disease_name, status, diagnosed_date) VALUES (1117, 'Gastroesophageal Reflux Disease (GERD)', 'Active', NOW() - INTERVAL '1 years 4 months');
INSERT INTO patient_chronic_diseases (patient_id, disease_name, status, diagnosed_date) VALUES (1117, 'Anemia', 'Active', NOW() - INTERVAL '4 years 4 months');
INSERT INTO patient_chronic_diseases (patient_id, disease_name, status, diagnosed_date) VALUES (1117, 'Type 2 Diabetes Mellitus', 'Active', NOW() - INTERVAL '9 years 4 months');
INSERT INTO patient_chronic_diseases (patient_id, disease_name, status, diagnosed_date) VALUES (1117, 'Essential Hypertension', 'Active', NOW() - INTERVAL '4 years 2 months');
INSERT INTO prescriptions (id, patient_id, date, doctor_name, doctor_specialization, hospital_name, diagnosis, clinical_notes, follow_up_date) VALUES ('PRES-1118-1', 1118, NOW() - INTERVAL '14 days', 'Dr. Sohel Rahman', 'Gastroenterology', 'National Cancer Research Institute & Hospital', 'Acute Bronchitis & suspected Asthma', 'Cough with sputum, shortness of breath, and chest tightness for 5 days. Wheezing heard on auscultation. Advised avoiding cold drinks, dust, and using inhaler correctly.', 'In 10 days for review of symptoms.');
INSERT INTO prescription_medicines (prescription_id, name, dosage, instruction, duration) VALUES ('PRES-1118-1', 'Tab. Azithromycin 500mg', '1+0+0', '1 hour before food', '5 Days');
INSERT INTO prescription_medicines (prescription_id, name, dosage, instruction, duration) VALUES ('PRES-1118-1', 'Tab. Montelukast 10mg', '0+0+1', 'At night', '14 Days');
INSERT INTO prescription_medicines (prescription_id, name, dosage, instruction, duration) VALUES ('PRES-1118-1', 'Inhaler Salbutamol 100mcg', '2 Puffs', 'As needed (when short of breath)', 'As needed');
INSERT INTO lab_reports (id, patient_id, test_name, category, date, hospital_name, doctor_name, status, ai_interpretation) VALUES ('LAB-1118-1', 1118, 'Complete Blood Count (CBC)', 'Hematology', NOW() - INTERVAL '14 days', 'National Cancer Research Institute & Hospital', 'Dr. Sohel Rahman', 'Completed', 'Mild leukocytosis observed, consistent with active respiratory tract infection. Eosinophil counts are slightly elevated, which could point to an allergic component (Asthma).');
INSERT INTO lab_test_results (lab_report_id, parameter, value, unit, reference_range, status) VALUES ('LAB-1118-1', 'Total WBC Count', '11.2', 'x10^9/L', '4.0 - 11.0', 'High');
INSERT INTO lab_test_results (lab_report_id, parameter, value, unit, reference_range, status) VALUES ('LAB-1118-1', 'Hemoglobin (Hb)', '14.5', 'g/dL', '13.5 - 17.5', 'Normal');
INSERT INTO lab_test_results (lab_report_id, parameter, value, unit, reference_range, status) VALUES ('LAB-1118-1', 'Eosinophils', '7', '%', '1 - 6', 'High');
INSERT INTO imaging_reports (id, patient_id, type, body_part, date, hospital_name, doctor_name, findings, impression) VALUES ('IMG-1118-1', 1118, 'X-Ray', 'Chest (P/A View)', NOW() - INTERVAL '14 days', 'National Cancer Research Institute & Hospital', 'Dr. Sohel Rahman', 'Lungs are hyperinflated. Increased bronchovascular markings seen bilaterally. Both costophrenic angles are clear. Heart size and shape are normal. Bony thorax and dome of diaphragms are intact.', 'Findings are suggestive of Acute Bronchitic changes. No consolidation or pleural effusion.');
INSERT INTO prescriptions (id, patient_id, date, doctor_name, doctor_specialization, hospital_name, diagnosis, clinical_notes, follow_up_date) VALUES ('PRES-1118-2', 1118, NOW() - INTERVAL '16 days', 'Dr. Sani Begum', 'Dermatology', 'Chittagong Medical College', 'Type 2 Diabetes Mellitus & Essential Hypertension', 'Patient presents with generalized weakness and occasional dizziness. Blood pressure and fasting blood glucose are elevated. Recommended strict dietary control, low salt, regular walking, and compliance with medications.', 'In 3 months with fasting blood sugar and lipid profile reports.');
INSERT INTO prescription_medicines (prescription_id, name, dosage, instruction, duration) VALUES ('PRES-1118-2', 'Tab. Metformin HCl 500mg', '1+0+1', 'After meals', '3 Months');
INSERT INTO prescription_medicines (prescription_id, name, dosage, instruction, duration) VALUES ('PRES-1118-2', 'Tab. Amlodipine 5mg', '0+0+1', 'At night before sleeping', '1 Month');
INSERT INTO prescription_medicines (prescription_id, name, dosage, instruction, duration) VALUES ('PRES-1118-2', 'Tab. Atorvastatin 10mg', '0+0+1', 'At night after dinner', '2 Months');
INSERT INTO lab_reports (id, patient_id, test_name, category, date, hospital_name, doctor_name, status, ai_interpretation) VALUES ('LAB-1118-2', 1118, 'Diabetes and Kidney Function Panel', 'Biochemistry', NOW() - INTERVAL '16 days', 'Chittagong Medical College', 'Dr. Sani Begum', 'Completed', 'Fasting Blood Glucose is high, indicating suboptimal glycemic control. Renal function (Creatinine) is normal. HbA1c should be monitored next visit.');
INSERT INTO lab_test_results (lab_report_id, parameter, value, unit, reference_range, status) VALUES ('LAB-1118-2', 'Fasting Blood Sugar (FBS)', '142', 'mg/dL', '70 - 100', 'High');
INSERT INTO lab_test_results (lab_report_id, parameter, value, unit, reference_range, status) VALUES ('LAB-1118-2', 'Serum Creatinine', '0.9', 'mg/dL', '0.6 - 1.2', 'Normal');
INSERT INTO lab_test_results (lab_report_id, parameter, value, unit, reference_range, status) VALUES ('LAB-1118-2', 'Blood Urea Nitrogen (BUN)', '14', 'mg/dL', '7 - 20', 'Normal');
INSERT INTO imaging_reports (id, patient_id, type, body_part, date, hospital_name, doctor_name, findings, impression) VALUES ('IMG-1118-2', 1118, 'Ultrasonography', 'Whole Abdomen', NOW() - INTERVAL '16 days', 'Chittagong Medical College', 'Dr. Sani Begum', 'Liver shows normal size but mildly increased parenchymal echotexture, suggestive of Grade-I Fatty Liver. Gallbladder, spleen, kidneys, and urinary bladder are normal in size and shape. No calculi or focal masses seen.', 'Mild Hepatomegaly with Grade-I Fatty Change (Fatty Liver).');
INSERT INTO patient_allergies (patient_id, allergen, severity, reaction) VALUES (1118, 'Sulfa Drugs', 'Moderate', 'Generalized skin rash');
INSERT INTO patient_allergies (patient_id, allergen, severity, reaction) VALUES (1118, 'Dust Mites', 'Moderate', 'Sneezing and coughing');
INSERT INTO patient_allergies (patient_id, allergen, severity, reaction) VALUES (1118, 'Pollen', 'Low', 'Runny nose');
INSERT INTO patient_chronic_diseases (patient_id, disease_name, status, diagnosed_date) VALUES (1118, 'Migraine', 'Active', NOW() - INTERVAL '6 years 11 months');
INSERT INTO patient_chronic_diseases (patient_id, disease_name, status, diagnosed_date) VALUES (1118, 'Type 2 Diabetes Mellitus', 'Active', NOW() - INTERVAL '9 years 5 months');
INSERT INTO patient_chronic_diseases (patient_id, disease_name, status, diagnosed_date) VALUES (1118, 'Essential Hypertension', 'Active', NOW() - INTERVAL '4 years 6 months');
INSERT INTO patient_chronic_diseases (patient_id, disease_name, status, diagnosed_date) VALUES (1118, 'Bronchial Asthma', 'Controlled', NOW() - INTERVAL '5 years 3 months');
INSERT INTO prescriptions (id, patient_id, date, doctor_name, doctor_specialization, hospital_name, diagnosis, clinical_notes, follow_up_date) VALUES ('PRES-1119-1', 1119, NOW() - INTERVAL '23 days', 'Dr. Simin Siddique', 'Urology', 'Kurmitola General Hospital', 'Type 2 Diabetes Mellitus & Essential Hypertension', 'Patient presents with generalized weakness and occasional dizziness. Blood pressure and fasting blood glucose are elevated. Recommended strict dietary control, low salt, regular walking, and compliance with medications.', 'In 3 months with fasting blood sugar and lipid profile reports.');
INSERT INTO prescription_medicines (prescription_id, name, dosage, instruction, duration) VALUES ('PRES-1119-1', 'Tab. Metformin HCl 500mg', '1+0+1', 'After meals', '3 Months');
INSERT INTO prescription_medicines (prescription_id, name, dosage, instruction, duration) VALUES ('PRES-1119-1', 'Tab. Amlodipine 5mg', '0+0+1', 'At night before sleeping', '1 Month');
INSERT INTO prescription_medicines (prescription_id, name, dosage, instruction, duration) VALUES ('PRES-1119-1', 'Tab. Atorvastatin 10mg', '0+0+1', 'At night after dinner', '2 Months');
INSERT INTO lab_reports (id, patient_id, test_name, category, date, hospital_name, doctor_name, status, ai_interpretation) VALUES ('LAB-1119-1', 1119, 'Diabetes and Kidney Function Panel', 'Biochemistry', NOW() - INTERVAL '23 days', 'Kurmitola General Hospital', 'Dr. Simin Siddique', 'Completed', 'Fasting Blood Glucose is high, indicating suboptimal glycemic control. Renal function (Creatinine) is normal. HbA1c should be monitored next visit.');
INSERT INTO lab_test_results (lab_report_id, parameter, value, unit, reference_range, status) VALUES ('LAB-1119-1', 'Fasting Blood Sugar (FBS)', '142', 'mg/dL', '70 - 100', 'High');
INSERT INTO lab_test_results (lab_report_id, parameter, value, unit, reference_range, status) VALUES ('LAB-1119-1', 'Serum Creatinine', '0.9', 'mg/dL', '0.6 - 1.2', 'Normal');
INSERT INTO lab_test_results (lab_report_id, parameter, value, unit, reference_range, status) VALUES ('LAB-1119-1', 'Blood Urea Nitrogen (BUN)', '14', 'mg/dL', '7 - 20', 'Normal');
INSERT INTO imaging_reports (id, patient_id, type, body_part, date, hospital_name, doctor_name, findings, impression) VALUES ('IMG-1119-1', 1119, 'Ultrasonography', 'Whole Abdomen', NOW() - INTERVAL '23 days', 'Kurmitola General Hospital', 'Dr. Simin Siddique', 'Liver shows normal size but mildly increased parenchymal echotexture, suggestive of Grade-I Fatty Liver. Gallbladder, spleen, kidneys, and urinary bladder are normal in size and shape. No calculi or focal masses seen.', 'Mild Hepatomegaly with Grade-I Fatty Change (Fatty Liver).');
INSERT INTO prescriptions (id, patient_id, date, doctor_name, doctor_specialization, hospital_name, diagnosis, clinical_notes, follow_up_date) VALUES ('PRES-1119-2', 1119, NOW() - INTERVAL '10 days', 'Dr. Rashed Begum', 'General Medicine', 'Dhaka Shishu Hospital', 'Gastroesophageal Reflux Disease (GERD)', 'Complains of burning sensation in the chest (heartburn), sour taste in the mouth, and upper abdominal pain after meals. Recommended avoiding spicy foods, sleeping with head elevated, and not lying down immediately after eating.', 'In 2 weeks.');
INSERT INTO prescription_medicines (prescription_id, name, dosage, instruction, duration) VALUES ('PRES-1119-2', 'Cap. Esomeprazole 20mg', '1+0+1', '30 minutes before breakfast & dinner', '1 Month');
INSERT INTO prescription_medicines (prescription_id, name, dosage, instruction, duration) VALUES ('PRES-1119-2', 'Tab. Domperidone 10mg', '1+1+1', '15 minutes before meals', '10 Days');
INSERT INTO prescription_medicines (prescription_id, name, dosage, instruction, duration) VALUES ('PRES-1119-2', 'Syr. Antacid', '2 spoonful', '1 hour after meals', '7 Days');
INSERT INTO lab_reports (id, patient_id, test_name, category, date, hospital_name, doctor_name, status, ai_interpretation) VALUES ('LAB-1119-2', 1119, 'H. Pylori Screening Panel', 'Serology', NOW() - INTERVAL '10 days', 'Dhaka Shishu Hospital', 'Dr. Rashed Begum', 'Completed', 'H. Pylori antigen test is negative. Upper GI symptoms are likely due to lifestyle/acid reflux rather than active bacterial infection.');
INSERT INTO lab_test_results (lab_report_id, parameter, value, unit, reference_range, status) VALUES ('LAB-1119-2', 'H. Pylori Ag (Stool)', 'Negative', 'N/A', 'Negative', 'Normal');
INSERT INTO imaging_reports (id, patient_id, type, body_part, date, hospital_name, doctor_name, findings, impression) VALUES ('IMG-1119-2', 1119, 'Ultrasonography', 'Hepatobiliary System (HBS)', NOW() - INTERVAL '10 days', 'Dhaka Shishu Hospital', 'Dr. Rashed Begum', 'Gallbladder is distended with normal wall thickness. No gallstones or sludge seen. Common bile duct and intrahepatic biliary channels are normal. Pancreas and spleen are normal.', 'Normal HBS scan. No gallstones detected.');
INSERT INTO patient_allergies (patient_id, allergen, severity, reaction) VALUES (1119, 'Sulfa Drugs', 'Moderate', 'Generalized skin rash');
INSERT INTO patient_chronic_diseases (patient_id, disease_name, status, diagnosed_date) VALUES (1119, 'Gastroesophageal Reflux Disease (GERD)', 'Active', NOW() - INTERVAL '2 years 9 months');
INSERT INTO patient_chronic_diseases (patient_id, disease_name, status, diagnosed_date) VALUES (1119, 'Type 2 Diabetes Mellitus', 'Active', NOW() - INTERVAL '6 years 5 months');
INSERT INTO patient_chronic_diseases (patient_id, disease_name, status, diagnosed_date) VALUES (1119, 'Essential Hypertension', 'Active', NOW() - INTERVAL '10 years 11 months');
INSERT INTO prescriptions (id, patient_id, date, doctor_name, doctor_specialization, hospital_name, diagnosis, clinical_notes, follow_up_date) VALUES ('PRES-1120-1', 1120, NOW() - INTERVAL '29 days', 'Dr. Nusrat Begum', 'Urology', 'National Cancer Research Institute & Hospital', 'Bilateral Osteoarthritis of Knee Joints', 'Pain, stiffness, and cracking sounds in both knees for the last 6 months, worse in the mornings and after sitting. Advised hot compression, avoidance of sitting on floor/squatting, and moderate knee exercises.', 'In 1 Month.');
INSERT INTO prescription_medicines (prescription_id, name, dosage, instruction, duration) VALUES ('PRES-1120-1', 'Tab. Naproxen 500mg', '1+0+1', 'After meals (only when pain is high)', '7 Days');
INSERT INTO prescription_medicines (prescription_id, name, dosage, instruction, duration) VALUES ('PRES-1120-1', 'Cap. Glucosamine + Chondroitin', '1+0+1', 'After meals', '2 Months');
INSERT INTO prescription_medicines (prescription_id, name, dosage, instruction, duration) VALUES ('PRES-1120-1', 'Tab. Omeprazole 20mg', '1+0+1', 'Before breakfast & dinner', '1 Month');
INSERT INTO lab_reports (id, patient_id, test_name, category, date, hospital_name, doctor_name, status, ai_interpretation) VALUES ('LAB-1120-1', 1120, 'Arthritis & Rheumatology Profile', 'Serology', NOW() - INTERVAL '29 days', 'National Cancer Research Institute & Hospital', 'Dr. Nusrat Begum', 'Completed', 'Uric acid level is slightly elevated, but Rheumatoid Factor is negative, suggesting OA rather than Gout or Rheumatoid Arthritis.');
INSERT INTO lab_test_results (lab_report_id, parameter, value, unit, reference_range, status) VALUES ('LAB-1120-1', 'Serum Uric Acid', '7.5', 'mg/dL', '3.5 - 7.2', 'High');
INSERT INTO lab_test_results (lab_report_id, parameter, value, unit, reference_range, status) VALUES ('LAB-1120-1', 'Rheumatoid Factor (RF)', '8', 'IU/mL', '< 14', 'Normal');
INSERT INTO lab_test_results (lab_report_id, parameter, value, unit, reference_range, status) VALUES ('LAB-1120-1', 'C-Reactive Protein (CRP)', '4.2', 'mg/L', '< 5.0', 'Normal');
INSERT INTO imaging_reports (id, patient_id, type, body_part, date, hospital_name, doctor_name, findings, impression) VALUES ('IMG-1120-1', 1120, 'X-Ray', 'Bilateral Knee Joints (AP & Lateral)', NOW() - INTERVAL '29 days', 'National Cancer Research Institute & Hospital', 'Dr. Nusrat Begum', 'Narrowing of the medial joint spaces in both knees. Subchondral sclerosis and osteophyte formation are noted along the margins of both joint surfaces. No joint effusion or fracture.', 'Radiological features of Bilateral Osteoarthritis of Knees (Grade-II).');
INSERT INTO patient_chronic_diseases (patient_id, disease_name, status, diagnosed_date) VALUES (1120, 'Osteoarthritis', 'Active', NOW() - INTERVAL '4 years 11 months');
INSERT INTO patient_chronic_diseases (patient_id, disease_name, status, diagnosed_date) VALUES (1120, 'Migraine', 'Active', NOW() - INTERVAL '4 years 3 months');
INSERT INTO prescriptions (id, patient_id, date, doctor_name, doctor_specialization, hospital_name, diagnosis, clinical_notes, follow_up_date) VALUES ('PRES-1121-1', 1121, NOW() - INTERVAL '12 days', 'Dr. Parveen Chowdhury', 'General Medicine', 'BSMMU (PG Hospital)', 'Bilateral Osteoarthritis of Knee Joints', 'Pain, stiffness, and cracking sounds in both knees for the last 6 months, worse in the mornings and after sitting. Advised hot compression, avoidance of sitting on floor/squatting, and moderate knee exercises.', 'In 1 Month.');
INSERT INTO prescription_medicines (prescription_id, name, dosage, instruction, duration) VALUES ('PRES-1121-1', 'Tab. Naproxen 500mg', '1+0+1', 'After meals (only when pain is high)', '7 Days');
INSERT INTO prescription_medicines (prescription_id, name, dosage, instruction, duration) VALUES ('PRES-1121-1', 'Cap. Glucosamine + Chondroitin', '1+0+1', 'After meals', '2 Months');
INSERT INTO prescription_medicines (prescription_id, name, dosage, instruction, duration) VALUES ('PRES-1121-1', 'Tab. Omeprazole 20mg', '1+0+1', 'Before breakfast & dinner', '1 Month');
INSERT INTO lab_reports (id, patient_id, test_name, category, date, hospital_name, doctor_name, status, ai_interpretation) VALUES ('LAB-1121-1', 1121, 'Arthritis & Rheumatology Profile', 'Serology', NOW() - INTERVAL '12 days', 'BSMMU (PG Hospital)', 'Dr. Parveen Chowdhury', 'Completed', 'Uric acid level is slightly elevated, but Rheumatoid Factor is negative, suggesting OA rather than Gout or Rheumatoid Arthritis.');
INSERT INTO lab_test_results (lab_report_id, parameter, value, unit, reference_range, status) VALUES ('LAB-1121-1', 'Serum Uric Acid', '7.5', 'mg/dL', '3.5 - 7.2', 'High');
INSERT INTO lab_test_results (lab_report_id, parameter, value, unit, reference_range, status) VALUES ('LAB-1121-1', 'Rheumatoid Factor (RF)', '8', 'IU/mL', '< 14', 'Normal');
INSERT INTO lab_test_results (lab_report_id, parameter, value, unit, reference_range, status) VALUES ('LAB-1121-1', 'C-Reactive Protein (CRP)', '4.2', 'mg/L', '< 5.0', 'Normal');
INSERT INTO imaging_reports (id, patient_id, type, body_part, date, hospital_name, doctor_name, findings, impression) VALUES ('IMG-1121-1', 1121, 'X-Ray', 'Bilateral Knee Joints (AP & Lateral)', NOW() - INTERVAL '12 days', 'BSMMU (PG Hospital)', 'Dr. Parveen Chowdhury', 'Narrowing of the medial joint spaces in both knees. Subchondral sclerosis and osteophyte formation are noted along the margins of both joint surfaces. No joint effusion or fracture.', 'Radiological features of Bilateral Osteoarthritis of Knees (Grade-II).');
INSERT INTO prescriptions (id, patient_id, date, doctor_name, doctor_specialization, hospital_name, diagnosis, clinical_notes, follow_up_date) VALUES ('PRES-1121-2', 1121, NOW() - INTERVAL '4 days', 'Dr. Parveen Chowdhury', 'General Medicine', 'BSMMU (PG Hospital)', 'Acute Bronchitis & suspected Asthma', 'Cough with sputum, shortness of breath, and chest tightness for 5 days. Wheezing heard on auscultation. Advised avoiding cold drinks, dust, and using inhaler correctly.', 'In 10 days for review of symptoms.');
INSERT INTO prescription_medicines (prescription_id, name, dosage, instruction, duration) VALUES ('PRES-1121-2', 'Tab. Azithromycin 500mg', '1+0+0', '1 hour before food', '5 Days');
INSERT INTO prescription_medicines (prescription_id, name, dosage, instruction, duration) VALUES ('PRES-1121-2', 'Tab. Montelukast 10mg', '0+0+1', 'At night', '14 Days');
INSERT INTO prescription_medicines (prescription_id, name, dosage, instruction, duration) VALUES ('PRES-1121-2', 'Inhaler Salbutamol 100mcg', '2 Puffs', 'As needed (when short of breath)', 'As needed');
INSERT INTO lab_reports (id, patient_id, test_name, category, date, hospital_name, doctor_name, status, ai_interpretation) VALUES ('LAB-1121-2', 1121, 'Complete Blood Count (CBC)', 'Hematology', NOW() - INTERVAL '4 days', 'BSMMU (PG Hospital)', 'Dr. Parveen Chowdhury', 'Completed', 'Mild leukocytosis observed, consistent with active respiratory tract infection. Eosinophil counts are slightly elevated, which could point to an allergic component (Asthma).');
INSERT INTO lab_test_results (lab_report_id, parameter, value, unit, reference_range, status) VALUES ('LAB-1121-2', 'Total WBC Count', '11.2', 'x10^9/L', '4.0 - 11.0', 'High');
INSERT INTO lab_test_results (lab_report_id, parameter, value, unit, reference_range, status) VALUES ('LAB-1121-2', 'Hemoglobin (Hb)', '14.5', 'g/dL', '13.5 - 17.5', 'Normal');
INSERT INTO lab_test_results (lab_report_id, parameter, value, unit, reference_range, status) VALUES ('LAB-1121-2', 'Eosinophils', '7', '%', '1 - 6', 'High');
INSERT INTO imaging_reports (id, patient_id, type, body_part, date, hospital_name, doctor_name, findings, impression) VALUES ('IMG-1121-2', 1121, 'X-Ray', 'Chest (P/A View)', NOW() - INTERVAL '4 days', 'BSMMU (PG Hospital)', 'Dr. Parveen Chowdhury', 'Lungs are hyperinflated. Increased bronchovascular markings seen bilaterally. Both costophrenic angles are clear. Heart size and shape are normal. Bony thorax and dome of diaphragms are intact.', 'Findings are suggestive of Acute Bronchitic changes. No consolidation or pleural effusion.');
INSERT INTO patient_allergies (patient_id, allergen, severity, reaction) VALUES (1121, 'Dust Mites', 'Moderate', 'Sneezing and coughing');
INSERT INTO patient_allergies (patient_id, allergen, severity, reaction) VALUES (1121, 'Pollen', 'Low', 'Runny nose');
INSERT INTO patient_chronic_diseases (patient_id, disease_name, status, diagnosed_date) VALUES (1121, 'Osteoarthritis', 'Active', NOW() - INTERVAL '10 years 1 months');
INSERT INTO patient_chronic_diseases (patient_id, disease_name, status, diagnosed_date) VALUES (1121, 'Chronic Low Back Pain', 'Active', NOW() - INTERVAL '9 years 6 months');
INSERT INTO patient_chronic_diseases (patient_id, disease_name, status, diagnosed_date) VALUES (1121, 'Bronchial Asthma', 'Controlled', NOW() - INTERVAL '10 years 2 months');
INSERT INTO prescriptions (id, patient_id, date, doctor_name, doctor_specialization, hospital_name, diagnosis, clinical_notes, follow_up_date) VALUES ('PRES-1122-1', 1122, NOW() - INTERVAL '7 days', 'Dr. Lubna Akter', 'Pulmonology', 'United Hospital', 'Bilateral Osteoarthritis of Knee Joints', 'Pain, stiffness, and cracking sounds in both knees for the last 6 months, worse in the mornings and after sitting. Advised hot compression, avoidance of sitting on floor/squatting, and moderate knee exercises.', 'In 1 Month.');
INSERT INTO prescription_medicines (prescription_id, name, dosage, instruction, duration) VALUES ('PRES-1122-1', 'Tab. Naproxen 500mg', '1+0+1', 'After meals (only when pain is high)', '7 Days');
INSERT INTO prescription_medicines (prescription_id, name, dosage, instruction, duration) VALUES ('PRES-1122-1', 'Cap. Glucosamine + Chondroitin', '1+0+1', 'After meals', '2 Months');
INSERT INTO prescription_medicines (prescription_id, name, dosage, instruction, duration) VALUES ('PRES-1122-1', 'Tab. Omeprazole 20mg', '1+0+1', 'Before breakfast & dinner', '1 Month');
INSERT INTO lab_reports (id, patient_id, test_name, category, date, hospital_name, doctor_name, status, ai_interpretation) VALUES ('LAB-1122-1', 1122, 'Arthritis & Rheumatology Profile', 'Serology', NOW() - INTERVAL '7 days', 'United Hospital', 'Dr. Lubna Akter', 'Completed', 'Uric acid level is slightly elevated, but Rheumatoid Factor is negative, suggesting OA rather than Gout or Rheumatoid Arthritis.');
INSERT INTO lab_test_results (lab_report_id, parameter, value, unit, reference_range, status) VALUES ('LAB-1122-1', 'Serum Uric Acid', '7.5', 'mg/dL', '3.5 - 7.2', 'High');
INSERT INTO lab_test_results (lab_report_id, parameter, value, unit, reference_range, status) VALUES ('LAB-1122-1', 'Rheumatoid Factor (RF)', '8', 'IU/mL', '< 14', 'Normal');
INSERT INTO lab_test_results (lab_report_id, parameter, value, unit, reference_range, status) VALUES ('LAB-1122-1', 'C-Reactive Protein (CRP)', '4.2', 'mg/L', '< 5.0', 'Normal');
INSERT INTO imaging_reports (id, patient_id, type, body_part, date, hospital_name, doctor_name, findings, impression) VALUES ('IMG-1122-1', 1122, 'X-Ray', 'Bilateral Knee Joints (AP & Lateral)', NOW() - INTERVAL '7 days', 'United Hospital', 'Dr. Lubna Akter', 'Narrowing of the medial joint spaces in both knees. Subchondral sclerosis and osteophyte formation are noted along the margins of both joint surfaces. No joint effusion or fracture.', 'Radiological features of Bilateral Osteoarthritis of Knees (Grade-II).');
INSERT INTO patient_chronic_diseases (patient_id, disease_name, status, diagnosed_date) VALUES (1122, 'Osteoarthritis', 'Active', NOW() - INTERVAL '4 years 3 months');
INSERT INTO prescriptions (id, patient_id, date, doctor_name, doctor_specialization, hospital_name, diagnosis, clinical_notes, follow_up_date) VALUES ('PRES-1123-1', 1123, NOW() - INTERVAL '8 days', 'Dr. Sadia Siddique', 'Endocrinology & Diabetology', 'Delta Hospital', 'Bilateral Osteoarthritis of Knee Joints', 'Pain, stiffness, and cracking sounds in both knees for the last 6 months, worse in the mornings and after sitting. Advised hot compression, avoidance of sitting on floor/squatting, and moderate knee exercises.', 'In 1 Month.');
INSERT INTO prescription_medicines (prescription_id, name, dosage, instruction, duration) VALUES ('PRES-1123-1', 'Tab. Naproxen 500mg', '1+0+1', 'After meals (only when pain is high)', '7 Days');
INSERT INTO prescription_medicines (prescription_id, name, dosage, instruction, duration) VALUES ('PRES-1123-1', 'Cap. Glucosamine + Chondroitin', '1+0+1', 'After meals', '2 Months');
INSERT INTO prescription_medicines (prescription_id, name, dosage, instruction, duration) VALUES ('PRES-1123-1', 'Tab. Omeprazole 20mg', '1+0+1', 'Before breakfast & dinner', '1 Month');
INSERT INTO lab_reports (id, patient_id, test_name, category, date, hospital_name, doctor_name, status, ai_interpretation) VALUES ('LAB-1123-1', 1123, 'Arthritis & Rheumatology Profile', 'Serology', NOW() - INTERVAL '8 days', 'Delta Hospital', 'Dr. Sadia Siddique', 'Completed', 'Uric acid level is slightly elevated, but Rheumatoid Factor is negative, suggesting OA rather than Gout or Rheumatoid Arthritis.');
INSERT INTO lab_test_results (lab_report_id, parameter, value, unit, reference_range, status) VALUES ('LAB-1123-1', 'Serum Uric Acid', '7.5', 'mg/dL', '3.5 - 7.2', 'High');
INSERT INTO lab_test_results (lab_report_id, parameter, value, unit, reference_range, status) VALUES ('LAB-1123-1', 'Rheumatoid Factor (RF)', '8', 'IU/mL', '< 14', 'Normal');
INSERT INTO lab_test_results (lab_report_id, parameter, value, unit, reference_range, status) VALUES ('LAB-1123-1', 'C-Reactive Protein (CRP)', '4.2', 'mg/L', '< 5.0', 'Normal');
INSERT INTO imaging_reports (id, patient_id, type, body_part, date, hospital_name, doctor_name, findings, impression) VALUES ('IMG-1123-1', 1123, 'X-Ray', 'Bilateral Knee Joints (AP & Lateral)', NOW() - INTERVAL '8 days', 'Delta Hospital', 'Dr. Sadia Siddique', 'Narrowing of the medial joint spaces in both knees. Subchondral sclerosis and osteophyte formation are noted along the margins of both joint surfaces. No joint effusion or fracture.', 'Radiological features of Bilateral Osteoarthritis of Knees (Grade-II).');
INSERT INTO patient_allergies (patient_id, allergen, severity, reaction) VALUES (1123, 'Shellfish', 'High', 'Severe hives and dyspnea');
INSERT INTO patient_chronic_diseases (patient_id, disease_name, status, diagnosed_date) VALUES (1123, 'Osteoarthritis', 'Active', NOW() - INTERVAL '10 years 5 months');
INSERT INTO patient_chronic_diseases (patient_id, disease_name, status, diagnosed_date) VALUES (1123, 'Chronic Low Back Pain', 'Active', NOW() - INTERVAL '3 years 11 months');
INSERT INTO prescriptions (id, patient_id, date, doctor_name, doctor_specialization, hospital_name, diagnosis, clinical_notes, follow_up_date) VALUES ('PRES-1124-1', 1124, NOW() - INTERVAL '24 days', 'Dr. Shakib Khan', 'Gastroenterology', 'Sir Salimullah Medical College Hospital', 'Gastroesophageal Reflux Disease (GERD)', 'Complains of burning sensation in the chest (heartburn), sour taste in the mouth, and upper abdominal pain after meals. Recommended avoiding spicy foods, sleeping with head elevated, and not lying down immediately after eating.', 'In 2 weeks.');
INSERT INTO prescription_medicines (prescription_id, name, dosage, instruction, duration) VALUES ('PRES-1124-1', 'Cap. Esomeprazole 20mg', '1+0+1', '30 minutes before breakfast & dinner', '1 Month');
INSERT INTO prescription_medicines (prescription_id, name, dosage, instruction, duration) VALUES ('PRES-1124-1', 'Tab. Domperidone 10mg', '1+1+1', '15 minutes before meals', '10 Days');
INSERT INTO prescription_medicines (prescription_id, name, dosage, instruction, duration) VALUES ('PRES-1124-1', 'Syr. Antacid', '2 spoonful', '1 hour after meals', '7 Days');
INSERT INTO lab_reports (id, patient_id, test_name, category, date, hospital_name, doctor_name, status, ai_interpretation) VALUES ('LAB-1124-1', 1124, 'H. Pylori Screening Panel', 'Serology', NOW() - INTERVAL '24 days', 'Sir Salimullah Medical College Hospital', 'Dr. Shakib Khan', 'Completed', 'H. Pylori antigen test is negative. Upper GI symptoms are likely due to lifestyle/acid reflux rather than active bacterial infection.');
INSERT INTO lab_test_results (lab_report_id, parameter, value, unit, reference_range, status) VALUES ('LAB-1124-1', 'H. Pylori Ag (Stool)', 'Negative', 'N/A', 'Negative', 'Normal');
INSERT INTO imaging_reports (id, patient_id, type, body_part, date, hospital_name, doctor_name, findings, impression) VALUES ('IMG-1124-1', 1124, 'Ultrasonography', 'Hepatobiliary System (HBS)', NOW() - INTERVAL '24 days', 'Sir Salimullah Medical College Hospital', 'Dr. Shakib Khan', 'Gallbladder is distended with normal wall thickness. No gallstones or sludge seen. Common bile duct and intrahepatic biliary channels are normal. Pancreas and spleen are normal.', 'Normal HBS scan. No gallstones detected.');
INSERT INTO patient_allergies (patient_id, allergen, severity, reaction) VALUES (1124, 'Shellfish', 'High', 'Severe hives and dyspnea');
INSERT INTO patient_chronic_diseases (patient_id, disease_name, status, diagnosed_date) VALUES (1124, 'Gastroesophageal Reflux Disease (GERD)', 'Active', NOW() - INTERVAL '7 years 12 months');
INSERT INTO prescriptions (id, patient_id, date, doctor_name, doctor_specialization, hospital_name, diagnosis, clinical_notes, follow_up_date) VALUES ('PRES-1125-1', 1125, NOW() - INTERVAL '29 days', 'Dr. Sadia Begum', 'Urology', 'National Medical Center', 'Type 2 Diabetes Mellitus & Essential Hypertension', 'Patient presents with generalized weakness and occasional dizziness. Blood pressure and fasting blood glucose are elevated. Recommended strict dietary control, low salt, regular walking, and compliance with medications.', 'In 3 months with fasting blood sugar and lipid profile reports.');
INSERT INTO prescription_medicines (prescription_id, name, dosage, instruction, duration) VALUES ('PRES-1125-1', 'Tab. Metformin HCl 500mg', '1+0+1', 'After meals', '3 Months');
INSERT INTO prescription_medicines (prescription_id, name, dosage, instruction, duration) VALUES ('PRES-1125-1', 'Tab. Amlodipine 5mg', '0+0+1', 'At night before sleeping', '1 Month');
INSERT INTO prescription_medicines (prescription_id, name, dosage, instruction, duration) VALUES ('PRES-1125-1', 'Tab. Atorvastatin 10mg', '0+0+1', 'At night after dinner', '2 Months');
INSERT INTO lab_reports (id, patient_id, test_name, category, date, hospital_name, doctor_name, status, ai_interpretation) VALUES ('LAB-1125-1', 1125, 'Diabetes and Kidney Function Panel', 'Biochemistry', NOW() - INTERVAL '29 days', 'National Medical Center', 'Dr. Sadia Begum', 'Completed', 'Fasting Blood Glucose is high, indicating suboptimal glycemic control. Renal function (Creatinine) is normal. HbA1c should be monitored next visit.');
INSERT INTO lab_test_results (lab_report_id, parameter, value, unit, reference_range, status) VALUES ('LAB-1125-1', 'Fasting Blood Sugar (FBS)', '142', 'mg/dL', '70 - 100', 'High');
INSERT INTO lab_test_results (lab_report_id, parameter, value, unit, reference_range, status) VALUES ('LAB-1125-1', 'Serum Creatinine', '0.9', 'mg/dL', '0.6 - 1.2', 'Normal');
INSERT INTO lab_test_results (lab_report_id, parameter, value, unit, reference_range, status) VALUES ('LAB-1125-1', 'Blood Urea Nitrogen (BUN)', '14', 'mg/dL', '7 - 20', 'Normal');
INSERT INTO imaging_reports (id, patient_id, type, body_part, date, hospital_name, doctor_name, findings, impression) VALUES ('IMG-1125-1', 1125, 'Ultrasonography', 'Whole Abdomen', NOW() - INTERVAL '29 days', 'National Medical Center', 'Dr. Sadia Begum', 'Liver shows normal size but mildly increased parenchymal echotexture, suggestive of Grade-I Fatty Liver. Gallbladder, spleen, kidneys, and urinary bladder are normal in size and shape. No calculi or focal masses seen.', 'Mild Hepatomegaly with Grade-I Fatty Change (Fatty Liver).');
INSERT INTO patient_chronic_diseases (patient_id, disease_name, status, diagnosed_date) VALUES (1125, 'Hypothyroidism', 'Active', NOW() - INTERVAL '10 years 8 months');
INSERT INTO patient_chronic_diseases (patient_id, disease_name, status, diagnosed_date) VALUES (1125, 'Type 2 Diabetes Mellitus', 'Active', NOW() - INTERVAL '1 years 10 months');
INSERT INTO patient_chronic_diseases (patient_id, disease_name, status, diagnosed_date) VALUES (1125, 'Essential Hypertension', 'Active', NOW() - INTERVAL '7 years 4 months');
INSERT INTO prescriptions (id, patient_id, date, doctor_name, doctor_specialization, hospital_name, diagnosis, clinical_notes, follow_up_date) VALUES ('PRES-1126-1', 1126, NOW() - INTERVAL '13 days', 'Dr. Begum Siddique', 'Gastroenterology', 'Evercare Hospital', 'Bilateral Osteoarthritis of Knee Joints', 'Pain, stiffness, and cracking sounds in both knees for the last 6 months, worse in the mornings and after sitting. Advised hot compression, avoidance of sitting on floor/squatting, and moderate knee exercises.', 'In 1 Month.');
INSERT INTO prescription_medicines (prescription_id, name, dosage, instruction, duration) VALUES ('PRES-1126-1', 'Tab. Naproxen 500mg', '1+0+1', 'After meals (only when pain is high)', '7 Days');
INSERT INTO prescription_medicines (prescription_id, name, dosage, instruction, duration) VALUES ('PRES-1126-1', 'Cap. Glucosamine + Chondroitin', '1+0+1', 'After meals', '2 Months');
INSERT INTO prescription_medicines (prescription_id, name, dosage, instruction, duration) VALUES ('PRES-1126-1', 'Tab. Omeprazole 20mg', '1+0+1', 'Before breakfast & dinner', '1 Month');
INSERT INTO lab_reports (id, patient_id, test_name, category, date, hospital_name, doctor_name, status, ai_interpretation) VALUES ('LAB-1126-1', 1126, 'Arthritis & Rheumatology Profile', 'Serology', NOW() - INTERVAL '13 days', 'Evercare Hospital', 'Dr. Begum Siddique', 'Completed', 'Uric acid level is slightly elevated, but Rheumatoid Factor is negative, suggesting OA rather than Gout or Rheumatoid Arthritis.');
INSERT INTO lab_test_results (lab_report_id, parameter, value, unit, reference_range, status) VALUES ('LAB-1126-1', 'Serum Uric Acid', '7.5', 'mg/dL', '3.5 - 7.2', 'High');
INSERT INTO lab_test_results (lab_report_id, parameter, value, unit, reference_range, status) VALUES ('LAB-1126-1', 'Rheumatoid Factor (RF)', '8', 'IU/mL', '< 14', 'Normal');
INSERT INTO lab_test_results (lab_report_id, parameter, value, unit, reference_range, status) VALUES ('LAB-1126-1', 'C-Reactive Protein (CRP)', '4.2', 'mg/L', '< 5.0', 'Normal');
INSERT INTO imaging_reports (id, patient_id, type, body_part, date, hospital_name, doctor_name, findings, impression) VALUES ('IMG-1126-1', 1126, 'X-Ray', 'Bilateral Knee Joints (AP & Lateral)', NOW() - INTERVAL '13 days', 'Evercare Hospital', 'Dr. Begum Siddique', 'Narrowing of the medial joint spaces in both knees. Subchondral sclerosis and osteophyte formation are noted along the margins of both joint surfaces. No joint effusion or fracture.', 'Radiological features of Bilateral Osteoarthritis of Knees (Grade-II).');
INSERT INTO patient_allergies (patient_id, allergen, severity, reaction) VALUES (1126, 'Penicillin', 'High', 'Anaphylactic shock and skin hives');
INSERT INTO patient_chronic_diseases (patient_id, disease_name, status, diagnosed_date) VALUES (1126, 'Osteoarthritis', 'Active', NOW() - INTERVAL '7 years 12 months');
INSERT INTO prescriptions (id, patient_id, date, doctor_name, doctor_specialization, hospital_name, diagnosis, clinical_notes, follow_up_date) VALUES ('PRES-1127-1', 1127, NOW() - INTERVAL '5 days', 'Dr. Arif Chowdhury', 'Pulmonology', 'National Medical Center', 'Type 2 Diabetes Mellitus & Essential Hypertension', 'Patient presents with generalized weakness and occasional dizziness. Blood pressure and fasting blood glucose are elevated. Recommended strict dietary control, low salt, regular walking, and compliance with medications.', 'In 3 months with fasting blood sugar and lipid profile reports.');
INSERT INTO prescription_medicines (prescription_id, name, dosage, instruction, duration) VALUES ('PRES-1127-1', 'Tab. Metformin HCl 500mg', '1+0+1', 'After meals', '3 Months');
INSERT INTO prescription_medicines (prescription_id, name, dosage, instruction, duration) VALUES ('PRES-1127-1', 'Tab. Amlodipine 5mg', '0+0+1', 'At night before sleeping', '1 Month');
INSERT INTO prescription_medicines (prescription_id, name, dosage, instruction, duration) VALUES ('PRES-1127-1', 'Tab. Atorvastatin 10mg', '0+0+1', 'At night after dinner', '2 Months');
INSERT INTO lab_reports (id, patient_id, test_name, category, date, hospital_name, doctor_name, status, ai_interpretation) VALUES ('LAB-1127-1', 1127, 'Diabetes and Kidney Function Panel', 'Biochemistry', NOW() - INTERVAL '5 days', 'National Medical Center', 'Dr. Arif Chowdhury', 'Completed', 'Fasting Blood Glucose is high, indicating suboptimal glycemic control. Renal function (Creatinine) is normal. HbA1c should be monitored next visit.');
INSERT INTO lab_test_results (lab_report_id, parameter, value, unit, reference_range, status) VALUES ('LAB-1127-1', 'Fasting Blood Sugar (FBS)', '142', 'mg/dL', '70 - 100', 'High');
INSERT INTO lab_test_results (lab_report_id, parameter, value, unit, reference_range, status) VALUES ('LAB-1127-1', 'Serum Creatinine', '0.9', 'mg/dL', '0.6 - 1.2', 'Normal');
INSERT INTO lab_test_results (lab_report_id, parameter, value, unit, reference_range, status) VALUES ('LAB-1127-1', 'Blood Urea Nitrogen (BUN)', '14', 'mg/dL', '7 - 20', 'Normal');
INSERT INTO imaging_reports (id, patient_id, type, body_part, date, hospital_name, doctor_name, findings, impression) VALUES ('IMG-1127-1', 1127, 'Ultrasonography', 'Whole Abdomen', NOW() - INTERVAL '5 days', 'National Medical Center', 'Dr. Arif Chowdhury', 'Liver shows normal size but mildly increased parenchymal echotexture, suggestive of Grade-I Fatty Liver. Gallbladder, spleen, kidneys, and urinary bladder are normal in size and shape. No calculi or focal masses seen.', 'Mild Hepatomegaly with Grade-I Fatty Change (Fatty Liver).');
INSERT INTO prescriptions (id, patient_id, date, doctor_name, doctor_specialization, hospital_name, diagnosis, clinical_notes, follow_up_date) VALUES ('PRES-1127-2', 1127, NOW() - INTERVAL '16 days', 'Dr. Lipi Begum', 'Psychiatry', 'BSMMU (PG Hospital)', 'Gastroesophageal Reflux Disease (GERD)', 'Complains of burning sensation in the chest (heartburn), sour taste in the mouth, and upper abdominal pain after meals. Recommended avoiding spicy foods, sleeping with head elevated, and not lying down immediately after eating.', 'In 2 weeks.');
INSERT INTO prescription_medicines (prescription_id, name, dosage, instruction, duration) VALUES ('PRES-1127-2', 'Cap. Esomeprazole 20mg', '1+0+1', '30 minutes before breakfast & dinner', '1 Month');
INSERT INTO prescription_medicines (prescription_id, name, dosage, instruction, duration) VALUES ('PRES-1127-2', 'Tab. Domperidone 10mg', '1+1+1', '15 minutes before meals', '10 Days');
INSERT INTO prescription_medicines (prescription_id, name, dosage, instruction, duration) VALUES ('PRES-1127-2', 'Syr. Antacid', '2 spoonful', '1 hour after meals', '7 Days');
INSERT INTO lab_reports (id, patient_id, test_name, category, date, hospital_name, doctor_name, status, ai_interpretation) VALUES ('LAB-1127-2', 1127, 'H. Pylori Screening Panel', 'Serology', NOW() - INTERVAL '16 days', 'BSMMU (PG Hospital)', 'Dr. Lipi Begum', 'Completed', 'H. Pylori antigen test is negative. Upper GI symptoms are likely due to lifestyle/acid reflux rather than active bacterial infection.');
INSERT INTO lab_test_results (lab_report_id, parameter, value, unit, reference_range, status) VALUES ('LAB-1127-2', 'H. Pylori Ag (Stool)', 'Negative', 'N/A', 'Negative', 'Normal');
INSERT INTO imaging_reports (id, patient_id, type, body_part, date, hospital_name, doctor_name, findings, impression) VALUES ('IMG-1127-2', 1127, 'Ultrasonography', 'Hepatobiliary System (HBS)', NOW() - INTERVAL '16 days', 'BSMMU (PG Hospital)', 'Dr. Lipi Begum', 'Gallbladder is distended with normal wall thickness. No gallstones or sludge seen. Common bile duct and intrahepatic biliary channels are normal. Pancreas and spleen are normal.', 'Normal HBS scan. No gallstones detected.');
INSERT INTO patient_chronic_diseases (patient_id, disease_name, status, diagnosed_date) VALUES (1127, 'Gastroesophageal Reflux Disease (GERD)', 'Active', NOW() - INTERVAL '3 years 8 months');
INSERT INTO patient_chronic_diseases (patient_id, disease_name, status, diagnosed_date) VALUES (1127, 'Type 2 Diabetes Mellitus', 'Active', NOW() - INTERVAL '2 years 3 months');
INSERT INTO patient_chronic_diseases (patient_id, disease_name, status, diagnosed_date) VALUES (1127, 'Essential Hypertension', 'Active', NOW() - INTERVAL '6 years 11 months');
INSERT INTO patient_chronic_diseases (patient_id, disease_name, status, diagnosed_date) VALUES (1127, 'Chronic Low Back Pain', 'Active', NOW() - INTERVAL '5 years 7 months');
INSERT INTO prescriptions (id, patient_id, date, doctor_name, doctor_specialization, hospital_name, diagnosis, clinical_notes, follow_up_date) VALUES ('PRES-1128-1', 1128, NOW() - INTERVAL '30 days', 'Dr. Rafiq Siddique', 'Gastroenterology', 'Anwer Khan Modern Medical College Hospital', 'Acute Bronchitis & suspected Asthma', 'Cough with sputum, shortness of breath, and chest tightness for 5 days. Wheezing heard on auscultation. Advised avoiding cold drinks, dust, and using inhaler correctly.', 'In 10 days for review of symptoms.');
INSERT INTO prescription_medicines (prescription_id, name, dosage, instruction, duration) VALUES ('PRES-1128-1', 'Tab. Azithromycin 500mg', '1+0+0', '1 hour before food', '5 Days');
INSERT INTO prescription_medicines (prescription_id, name, dosage, instruction, duration) VALUES ('PRES-1128-1', 'Tab. Montelukast 10mg', '0+0+1', 'At night', '14 Days');
INSERT INTO prescription_medicines (prescription_id, name, dosage, instruction, duration) VALUES ('PRES-1128-1', 'Inhaler Salbutamol 100mcg', '2 Puffs', 'As needed (when short of breath)', 'As needed');
INSERT INTO lab_reports (id, patient_id, test_name, category, date, hospital_name, doctor_name, status, ai_interpretation) VALUES ('LAB-1128-1', 1128, 'Complete Blood Count (CBC)', 'Hematology', NOW() - INTERVAL '30 days', 'Anwer Khan Modern Medical College Hospital', 'Dr. Rafiq Siddique', 'Completed', 'Mild leukocytosis observed, consistent with active respiratory tract infection. Eosinophil counts are slightly elevated, which could point to an allergic component (Asthma).');
INSERT INTO lab_test_results (lab_report_id, parameter, value, unit, reference_range, status) VALUES ('LAB-1128-1', 'Total WBC Count', '11.2', 'x10^9/L', '4.0 - 11.0', 'High');
INSERT INTO lab_test_results (lab_report_id, parameter, value, unit, reference_range, status) VALUES ('LAB-1128-1', 'Hemoglobin (Hb)', '14.5', 'g/dL', '13.5 - 17.5', 'Normal');
INSERT INTO lab_test_results (lab_report_id, parameter, value, unit, reference_range, status) VALUES ('LAB-1128-1', 'Eosinophils', '7', '%', '1 - 6', 'High');
INSERT INTO imaging_reports (id, patient_id, type, body_part, date, hospital_name, doctor_name, findings, impression) VALUES ('IMG-1128-1', 1128, 'X-Ray', 'Chest (P/A View)', NOW() - INTERVAL '30 days', 'Anwer Khan Modern Medical College Hospital', 'Dr. Rafiq Siddique', 'Lungs are hyperinflated. Increased bronchovascular markings seen bilaterally. Both costophrenic angles are clear. Heart size and shape are normal. Bony thorax and dome of diaphragms are intact.', 'Findings are suggestive of Acute Bronchitic changes. No consolidation or pleural effusion.');
INSERT INTO patient_allergies (patient_id, allergen, severity, reaction) VALUES (1128, 'Dust Mites', 'Moderate', 'Sneezing and coughing');
INSERT INTO patient_allergies (patient_id, allergen, severity, reaction) VALUES (1128, 'Pollen', 'Low', 'Runny nose');
INSERT INTO patient_chronic_diseases (patient_id, disease_name, status, diagnosed_date) VALUES (1128, 'Hyperlipidemia', 'Active', NOW() - INTERVAL '8 years 1 months');
INSERT INTO patient_chronic_diseases (patient_id, disease_name, status, diagnosed_date) VALUES (1128, 'Bronchial Asthma', 'Controlled', NOW() - INTERVAL '2 years 10 months');
INSERT INTO prescriptions (id, patient_id, date, doctor_name, doctor_specialization, hospital_name, diagnosis, clinical_notes, follow_up_date) VALUES ('PRES-1129-1', 1129, NOW() - INTERVAL '12 days', 'Dr. Tariq Ali', 'Gynaecology & Obstetrics', 'BIRDEM General Hospital', 'Bilateral Osteoarthritis of Knee Joints', 'Pain, stiffness, and cracking sounds in both knees for the last 6 months, worse in the mornings and after sitting. Advised hot compression, avoidance of sitting on floor/squatting, and moderate knee exercises.', 'In 1 Month.');
INSERT INTO prescription_medicines (prescription_id, name, dosage, instruction, duration) VALUES ('PRES-1129-1', 'Tab. Naproxen 500mg', '1+0+1', 'After meals (only when pain is high)', '7 Days');
INSERT INTO prescription_medicines (prescription_id, name, dosage, instruction, duration) VALUES ('PRES-1129-1', 'Cap. Glucosamine + Chondroitin', '1+0+1', 'After meals', '2 Months');
INSERT INTO prescription_medicines (prescription_id, name, dosage, instruction, duration) VALUES ('PRES-1129-1', 'Tab. Omeprazole 20mg', '1+0+1', 'Before breakfast & dinner', '1 Month');
INSERT INTO lab_reports (id, patient_id, test_name, category, date, hospital_name, doctor_name, status, ai_interpretation) VALUES ('LAB-1129-1', 1129, 'Arthritis & Rheumatology Profile', 'Serology', NOW() - INTERVAL '12 days', 'BIRDEM General Hospital', 'Dr. Tariq Ali', 'Completed', 'Uric acid level is slightly elevated, but Rheumatoid Factor is negative, suggesting OA rather than Gout or Rheumatoid Arthritis.');
INSERT INTO lab_test_results (lab_report_id, parameter, value, unit, reference_range, status) VALUES ('LAB-1129-1', 'Serum Uric Acid', '7.5', 'mg/dL', '3.5 - 7.2', 'High');
INSERT INTO lab_test_results (lab_report_id, parameter, value, unit, reference_range, status) VALUES ('LAB-1129-1', 'Rheumatoid Factor (RF)', '8', 'IU/mL', '< 14', 'Normal');
INSERT INTO lab_test_results (lab_report_id, parameter, value, unit, reference_range, status) VALUES ('LAB-1129-1', 'C-Reactive Protein (CRP)', '4.2', 'mg/L', '< 5.0', 'Normal');
INSERT INTO imaging_reports (id, patient_id, type, body_part, date, hospital_name, doctor_name, findings, impression) VALUES ('IMG-1129-1', 1129, 'X-Ray', 'Bilateral Knee Joints (AP & Lateral)', NOW() - INTERVAL '12 days', 'BIRDEM General Hospital', 'Dr. Tariq Ali', 'Narrowing of the medial joint spaces in both knees. Subchondral sclerosis and osteophyte formation are noted along the margins of both joint surfaces. No joint effusion or fracture.', 'Radiological features of Bilateral Osteoarthritis of Knees (Grade-II).');
INSERT INTO patient_chronic_diseases (patient_id, disease_name, status, diagnosed_date) VALUES (1129, 'Osteoarthritis', 'Active', NOW() - INTERVAL '3 years 11 months');
INSERT INTO prescriptions (id, patient_id, date, doctor_name, doctor_specialization, hospital_name, diagnosis, clinical_notes, follow_up_date) VALUES ('PRES-1130-1', 1130, NOW() - INTERVAL '19 days', 'Dr. Sultana Siddique', 'ENT', 'Dhaka Shishu Hospital', 'Gastroesophageal Reflux Disease (GERD)', 'Complains of burning sensation in the chest (heartburn), sour taste in the mouth, and upper abdominal pain after meals. Recommended avoiding spicy foods, sleeping with head elevated, and not lying down immediately after eating.', 'In 2 weeks.');
INSERT INTO prescription_medicines (prescription_id, name, dosage, instruction, duration) VALUES ('PRES-1130-1', 'Cap. Esomeprazole 20mg', '1+0+1', '30 minutes before breakfast & dinner', '1 Month');
INSERT INTO prescription_medicines (prescription_id, name, dosage, instruction, duration) VALUES ('PRES-1130-1', 'Tab. Domperidone 10mg', '1+1+1', '15 minutes before meals', '10 Days');
INSERT INTO prescription_medicines (prescription_id, name, dosage, instruction, duration) VALUES ('PRES-1130-1', 'Syr. Antacid', '2 spoonful', '1 hour after meals', '7 Days');
INSERT INTO lab_reports (id, patient_id, test_name, category, date, hospital_name, doctor_name, status, ai_interpretation) VALUES ('LAB-1130-1', 1130, 'H. Pylori Screening Panel', 'Serology', NOW() - INTERVAL '19 days', 'Dhaka Shishu Hospital', 'Dr. Sultana Siddique', 'Completed', 'H. Pylori antigen test is negative. Upper GI symptoms are likely due to lifestyle/acid reflux rather than active bacterial infection.');
INSERT INTO lab_test_results (lab_report_id, parameter, value, unit, reference_range, status) VALUES ('LAB-1130-1', 'H. Pylori Ag (Stool)', 'Negative', 'N/A', 'Negative', 'Normal');
INSERT INTO imaging_reports (id, patient_id, type, body_part, date, hospital_name, doctor_name, findings, impression) VALUES ('IMG-1130-1', 1130, 'Ultrasonography', 'Hepatobiliary System (HBS)', NOW() - INTERVAL '19 days', 'Dhaka Shishu Hospital', 'Dr. Sultana Siddique', 'Gallbladder is distended with normal wall thickness. No gallstones or sludge seen. Common bile duct and intrahepatic biliary channels are normal. Pancreas and spleen are normal.', 'Normal HBS scan. No gallstones detected.');
INSERT INTO prescriptions (id, patient_id, date, doctor_name, doctor_specialization, hospital_name, diagnosis, clinical_notes, follow_up_date) VALUES ('PRES-1130-2', 1130, NOW() - INTERVAL '22 days', 'Dr. Poly Akter', 'Pulmonology', 'Ibn Sina Medical College', 'Acute Bronchitis & suspected Asthma', 'Cough with sputum, shortness of breath, and chest tightness for 5 days. Wheezing heard on auscultation. Advised avoiding cold drinks, dust, and using inhaler correctly.', 'In 10 days for review of symptoms.');
INSERT INTO prescription_medicines (prescription_id, name, dosage, instruction, duration) VALUES ('PRES-1130-2', 'Tab. Azithromycin 500mg', '1+0+0', '1 hour before food', '5 Days');
INSERT INTO prescription_medicines (prescription_id, name, dosage, instruction, duration) VALUES ('PRES-1130-2', 'Tab. Montelukast 10mg', '0+0+1', 'At night', '14 Days');
INSERT INTO prescription_medicines (prescription_id, name, dosage, instruction, duration) VALUES ('PRES-1130-2', 'Inhaler Salbutamol 100mcg', '2 Puffs', 'As needed (when short of breath)', 'As needed');
INSERT INTO lab_reports (id, patient_id, test_name, category, date, hospital_name, doctor_name, status, ai_interpretation) VALUES ('LAB-1130-2', 1130, 'Complete Blood Count (CBC)', 'Hematology', NOW() - INTERVAL '22 days', 'Ibn Sina Medical College', 'Dr. Poly Akter', 'Completed', 'Mild leukocytosis observed, consistent with active respiratory tract infection. Eosinophil counts are slightly elevated, which could point to an allergic component (Asthma).');
INSERT INTO lab_test_results (lab_report_id, parameter, value, unit, reference_range, status) VALUES ('LAB-1130-2', 'Total WBC Count', '11.2', 'x10^9/L', '4.0 - 11.0', 'High');
INSERT INTO lab_test_results (lab_report_id, parameter, value, unit, reference_range, status) VALUES ('LAB-1130-2', 'Hemoglobin (Hb)', '14.5', 'g/dL', '13.5 - 17.5', 'Normal');
INSERT INTO lab_test_results (lab_report_id, parameter, value, unit, reference_range, status) VALUES ('LAB-1130-2', 'Eosinophils', '7', '%', '1 - 6', 'High');
INSERT INTO imaging_reports (id, patient_id, type, body_part, date, hospital_name, doctor_name, findings, impression) VALUES ('IMG-1130-2', 1130, 'X-Ray', 'Chest (P/A View)', NOW() - INTERVAL '22 days', 'Ibn Sina Medical College', 'Dr. Poly Akter', 'Lungs are hyperinflated. Increased bronchovascular markings seen bilaterally. Both costophrenic angles are clear. Heart size and shape are normal. Bony thorax and dome of diaphragms are intact.', 'Findings are suggestive of Acute Bronchitic changes. No consolidation or pleural effusion.');
INSERT INTO patient_allergies (patient_id, allergen, severity, reaction) VALUES (1130, 'Dust Mites', 'Moderate', 'Sneezing and coughing');
INSERT INTO patient_allergies (patient_id, allergen, severity, reaction) VALUES (1130, 'Pollen', 'Low', 'Runny nose');
INSERT INTO patient_chronic_diseases (patient_id, disease_name, status, diagnosed_date) VALUES (1130, 'Gastroesophageal Reflux Disease (GERD)', 'Active', NOW() - INTERVAL '2 years 10 months');
INSERT INTO patient_chronic_diseases (patient_id, disease_name, status, diagnosed_date) VALUES (1130, 'Bronchial Asthma', 'Controlled', NOW() - INTERVAL '9 years 11 months');
INSERT INTO prescriptions (id, patient_id, date, doctor_name, doctor_specialization, hospital_name, diagnosis, clinical_notes, follow_up_date) VALUES ('PRES-1131-1', 1131, NOW() - INTERVAL '4 days', 'Dr. Faruq Begum', 'Neuromedicine', 'Square Hospitals Ltd.', 'Gastroesophageal Reflux Disease (GERD)', 'Complains of burning sensation in the chest (heartburn), sour taste in the mouth, and upper abdominal pain after meals. Recommended avoiding spicy foods, sleeping with head elevated, and not lying down immediately after eating.', 'In 2 weeks.');
INSERT INTO prescription_medicines (prescription_id, name, dosage, instruction, duration) VALUES ('PRES-1131-1', 'Cap. Esomeprazole 20mg', '1+0+1', '30 minutes before breakfast & dinner', '1 Month');
INSERT INTO prescription_medicines (prescription_id, name, dosage, instruction, duration) VALUES ('PRES-1131-1', 'Tab. Domperidone 10mg', '1+1+1', '15 minutes before meals', '10 Days');
INSERT INTO prescription_medicines (prescription_id, name, dosage, instruction, duration) VALUES ('PRES-1131-1', 'Syr. Antacid', '2 spoonful', '1 hour after meals', '7 Days');
INSERT INTO lab_reports (id, patient_id, test_name, category, date, hospital_name, doctor_name, status, ai_interpretation) VALUES ('LAB-1131-1', 1131, 'H. Pylori Screening Panel', 'Serology', NOW() - INTERVAL '4 days', 'Square Hospitals Ltd.', 'Dr. Faruq Begum', 'Completed', 'H. Pylori antigen test is negative. Upper GI symptoms are likely due to lifestyle/acid reflux rather than active bacterial infection.');
INSERT INTO lab_test_results (lab_report_id, parameter, value, unit, reference_range, status) VALUES ('LAB-1131-1', 'H. Pylori Ag (Stool)', 'Negative', 'N/A', 'Negative', 'Normal');
INSERT INTO imaging_reports (id, patient_id, type, body_part, date, hospital_name, doctor_name, findings, impression) VALUES ('IMG-1131-1', 1131, 'Ultrasonography', 'Hepatobiliary System (HBS)', NOW() - INTERVAL '4 days', 'Square Hospitals Ltd.', 'Dr. Faruq Begum', 'Gallbladder is distended with normal wall thickness. No gallstones or sludge seen. Common bile duct and intrahepatic biliary channels are normal. Pancreas and spleen are normal.', 'Normal HBS scan. No gallstones detected.');
INSERT INTO prescriptions (id, patient_id, date, doctor_name, doctor_specialization, hospital_name, diagnosis, clinical_notes, follow_up_date) VALUES ('PRES-1131-2', 1131, NOW() - INTERVAL '29 days', 'Dr. Nusrat Begum', 'Urology', 'National Cancer Research Institute & Hospital', 'Type 2 Diabetes Mellitus & Essential Hypertension', 'Patient presents with generalized weakness and occasional dizziness. Blood pressure and fasting blood glucose are elevated. Recommended strict dietary control, low salt, regular walking, and compliance with medications.', 'In 3 months with fasting blood sugar and lipid profile reports.');
INSERT INTO prescription_medicines (prescription_id, name, dosage, instruction, duration) VALUES ('PRES-1131-2', 'Tab. Metformin HCl 500mg', '1+0+1', 'After meals', '3 Months');
INSERT INTO prescription_medicines (prescription_id, name, dosage, instruction, duration) VALUES ('PRES-1131-2', 'Tab. Amlodipine 5mg', '0+0+1', 'At night before sleeping', '1 Month');
INSERT INTO prescription_medicines (prescription_id, name, dosage, instruction, duration) VALUES ('PRES-1131-2', 'Tab. Atorvastatin 10mg', '0+0+1', 'At night after dinner', '2 Months');
INSERT INTO lab_reports (id, patient_id, test_name, category, date, hospital_name, doctor_name, status, ai_interpretation) VALUES ('LAB-1131-2', 1131, 'Diabetes and Kidney Function Panel', 'Biochemistry', NOW() - INTERVAL '29 days', 'National Cancer Research Institute & Hospital', 'Dr. Nusrat Begum', 'Completed', 'Fasting Blood Glucose is high, indicating suboptimal glycemic control. Renal function (Creatinine) is normal. HbA1c should be monitored next visit.');
INSERT INTO lab_test_results (lab_report_id, parameter, value, unit, reference_range, status) VALUES ('LAB-1131-2', 'Fasting Blood Sugar (FBS)', '142', 'mg/dL', '70 - 100', 'High');
INSERT INTO lab_test_results (lab_report_id, parameter, value, unit, reference_range, status) VALUES ('LAB-1131-2', 'Serum Creatinine', '0.9', 'mg/dL', '0.6 - 1.2', 'Normal');
INSERT INTO lab_test_results (lab_report_id, parameter, value, unit, reference_range, status) VALUES ('LAB-1131-2', 'Blood Urea Nitrogen (BUN)', '14', 'mg/dL', '7 - 20', 'Normal');
INSERT INTO imaging_reports (id, patient_id, type, body_part, date, hospital_name, doctor_name, findings, impression) VALUES ('IMG-1131-2', 1131, 'Ultrasonography', 'Whole Abdomen', NOW() - INTERVAL '29 days', 'National Cancer Research Institute & Hospital', 'Dr. Nusrat Begum', 'Liver shows normal size but mildly increased parenchymal echotexture, suggestive of Grade-I Fatty Liver. Gallbladder, spleen, kidneys, and urinary bladder are normal in size and shape. No calculi or focal masses seen.', 'Mild Hepatomegaly with Grade-I Fatty Change (Fatty Liver).');
INSERT INTO patient_chronic_diseases (patient_id, disease_name, status, diagnosed_date) VALUES (1131, 'Gastroesophageal Reflux Disease (GERD)', 'Active', NOW() - INTERVAL '2 years 12 months');
INSERT INTO patient_chronic_diseases (patient_id, disease_name, status, diagnosed_date) VALUES (1131, 'Type 2 Diabetes Mellitus', 'Active', NOW() - INTERVAL '9 years 5 months');
INSERT INTO patient_chronic_diseases (patient_id, disease_name, status, diagnosed_date) VALUES (1131, 'Essential Hypertension', 'Active', NOW() - INTERVAL '1 years 10 months');
INSERT INTO prescriptions (id, patient_id, date, doctor_name, doctor_specialization, hospital_name, diagnosis, clinical_notes, follow_up_date) VALUES ('PRES-1132-1', 1132, NOW() - INTERVAL '3 days', 'Dr. Nusrat Begum', 'Urology', 'National Cancer Research Institute & Hospital', 'Type 2 Diabetes Mellitus & Essential Hypertension', 'Patient presents with generalized weakness and occasional dizziness. Blood pressure and fasting blood glucose are elevated. Recommended strict dietary control, low salt, regular walking, and compliance with medications.', 'In 3 months with fasting blood sugar and lipid profile reports.');
INSERT INTO prescription_medicines (prescription_id, name, dosage, instruction, duration) VALUES ('PRES-1132-1', 'Tab. Metformin HCl 500mg', '1+0+1', 'After meals', '3 Months');
INSERT INTO prescription_medicines (prescription_id, name, dosage, instruction, duration) VALUES ('PRES-1132-1', 'Tab. Amlodipine 5mg', '0+0+1', 'At night before sleeping', '1 Month');
INSERT INTO prescription_medicines (prescription_id, name, dosage, instruction, duration) VALUES ('PRES-1132-1', 'Tab. Atorvastatin 10mg', '0+0+1', 'At night after dinner', '2 Months');
INSERT INTO lab_reports (id, patient_id, test_name, category, date, hospital_name, doctor_name, status, ai_interpretation) VALUES ('LAB-1132-1', 1132, 'Diabetes and Kidney Function Panel', 'Biochemistry', NOW() - INTERVAL '3 days', 'National Cancer Research Institute & Hospital', 'Dr. Nusrat Begum', 'Completed', 'Fasting Blood Glucose is high, indicating suboptimal glycemic control. Renal function (Creatinine) is normal. HbA1c should be monitored next visit.');
INSERT INTO lab_test_results (lab_report_id, parameter, value, unit, reference_range, status) VALUES ('LAB-1132-1', 'Fasting Blood Sugar (FBS)', '142', 'mg/dL', '70 - 100', 'High');
INSERT INTO lab_test_results (lab_report_id, parameter, value, unit, reference_range, status) VALUES ('LAB-1132-1', 'Serum Creatinine', '0.9', 'mg/dL', '0.6 - 1.2', 'Normal');
INSERT INTO lab_test_results (lab_report_id, parameter, value, unit, reference_range, status) VALUES ('LAB-1132-1', 'Blood Urea Nitrogen (BUN)', '14', 'mg/dL', '7 - 20', 'Normal');
INSERT INTO imaging_reports (id, patient_id, type, body_part, date, hospital_name, doctor_name, findings, impression) VALUES ('IMG-1132-1', 1132, 'Ultrasonography', 'Whole Abdomen', NOW() - INTERVAL '3 days', 'National Cancer Research Institute & Hospital', 'Dr. Nusrat Begum', 'Liver shows normal size but mildly increased parenchymal echotexture, suggestive of Grade-I Fatty Liver. Gallbladder, spleen, kidneys, and urinary bladder are normal in size and shape. No calculi or focal masses seen.', 'Mild Hepatomegaly with Grade-I Fatty Change (Fatty Liver).');
INSERT INTO patient_allergies (patient_id, allergen, severity, reaction) VALUES (1132, 'Aspirin', 'High', 'Bronchospasm and asthma flare-up');
INSERT INTO patient_chronic_diseases (patient_id, disease_name, status, diagnosed_date) VALUES (1132, 'Allergic Rhinitis', 'Controlled', NOW() - INTERVAL '5 years 7 months');
INSERT INTO patient_chronic_diseases (patient_id, disease_name, status, diagnosed_date) VALUES (1132, 'Type 2 Diabetes Mellitus', 'Active', NOW() - INTERVAL '2 years 12 months');
INSERT INTO patient_chronic_diseases (patient_id, disease_name, status, diagnosed_date) VALUES (1132, 'Essential Hypertension', 'Active', NOW() - INTERVAL '9 years 10 months');
INSERT INTO prescriptions (id, patient_id, date, doctor_name, doctor_specialization, hospital_name, diagnosis, clinical_notes, follow_up_date) VALUES ('PRES-1133-1', 1133, NOW() - INTERVAL '23 days', 'Dr. Taniya Siddique', 'General Surgery', 'Delta Hospital', 'Bilateral Osteoarthritis of Knee Joints', 'Pain, stiffness, and cracking sounds in both knees for the last 6 months, worse in the mornings and after sitting. Advised hot compression, avoidance of sitting on floor/squatting, and moderate knee exercises.', 'In 1 Month.');
INSERT INTO prescription_medicines (prescription_id, name, dosage, instruction, duration) VALUES ('PRES-1133-1', 'Tab. Naproxen 500mg', '1+0+1', 'After meals (only when pain is high)', '7 Days');
INSERT INTO prescription_medicines (prescription_id, name, dosage, instruction, duration) VALUES ('PRES-1133-1', 'Cap. Glucosamine + Chondroitin', '1+0+1', 'After meals', '2 Months');
INSERT INTO prescription_medicines (prescription_id, name, dosage, instruction, duration) VALUES ('PRES-1133-1', 'Tab. Omeprazole 20mg', '1+0+1', 'Before breakfast & dinner', '1 Month');
INSERT INTO lab_reports (id, patient_id, test_name, category, date, hospital_name, doctor_name, status, ai_interpretation) VALUES ('LAB-1133-1', 1133, 'Arthritis & Rheumatology Profile', 'Serology', NOW() - INTERVAL '23 days', 'Delta Hospital', 'Dr. Taniya Siddique', 'Completed', 'Uric acid level is slightly elevated, but Rheumatoid Factor is negative, suggesting OA rather than Gout or Rheumatoid Arthritis.');
INSERT INTO lab_test_results (lab_report_id, parameter, value, unit, reference_range, status) VALUES ('LAB-1133-1', 'Serum Uric Acid', '7.5', 'mg/dL', '3.5 - 7.2', 'High');
INSERT INTO lab_test_results (lab_report_id, parameter, value, unit, reference_range, status) VALUES ('LAB-1133-1', 'Rheumatoid Factor (RF)', '8', 'IU/mL', '< 14', 'Normal');
INSERT INTO lab_test_results (lab_report_id, parameter, value, unit, reference_range, status) VALUES ('LAB-1133-1', 'C-Reactive Protein (CRP)', '4.2', 'mg/L', '< 5.0', 'Normal');
INSERT INTO imaging_reports (id, patient_id, type, body_part, date, hospital_name, doctor_name, findings, impression) VALUES ('IMG-1133-1', 1133, 'X-Ray', 'Bilateral Knee Joints (AP & Lateral)', NOW() - INTERVAL '23 days', 'Delta Hospital', 'Dr. Taniya Siddique', 'Narrowing of the medial joint spaces in both knees. Subchondral sclerosis and osteophyte formation are noted along the margins of both joint surfaces. No joint effusion or fracture.', 'Radiological features of Bilateral Osteoarthritis of Knees (Grade-II).');
INSERT INTO prescriptions (id, patient_id, date, doctor_name, doctor_specialization, hospital_name, diagnosis, clinical_notes, follow_up_date) VALUES ('PRES-1133-2', 1133, NOW() - INTERVAL '10 days', 'Dr. Begum Begum', 'Psychiatry', 'Apollo Imperial Hospital', 'Gastroesophageal Reflux Disease (GERD)', 'Complains of burning sensation in the chest (heartburn), sour taste in the mouth, and upper abdominal pain after meals. Recommended avoiding spicy foods, sleeping with head elevated, and not lying down immediately after eating.', 'In 2 weeks.');
INSERT INTO prescription_medicines (prescription_id, name, dosage, instruction, duration) VALUES ('PRES-1133-2', 'Cap. Esomeprazole 20mg', '1+0+1', '30 minutes before breakfast & dinner', '1 Month');
INSERT INTO prescription_medicines (prescription_id, name, dosage, instruction, duration) VALUES ('PRES-1133-2', 'Tab. Domperidone 10mg', '1+1+1', '15 minutes before meals', '10 Days');
INSERT INTO prescription_medicines (prescription_id, name, dosage, instruction, duration) VALUES ('PRES-1133-2', 'Syr. Antacid', '2 spoonful', '1 hour after meals', '7 Days');
INSERT INTO lab_reports (id, patient_id, test_name, category, date, hospital_name, doctor_name, status, ai_interpretation) VALUES ('LAB-1133-2', 1133, 'H. Pylori Screening Panel', 'Serology', NOW() - INTERVAL '10 days', 'Apollo Imperial Hospital', 'Dr. Begum Begum', 'Completed', 'H. Pylori antigen test is negative. Upper GI symptoms are likely due to lifestyle/acid reflux rather than active bacterial infection.');
INSERT INTO lab_test_results (lab_report_id, parameter, value, unit, reference_range, status) VALUES ('LAB-1133-2', 'H. Pylori Ag (Stool)', 'Negative', 'N/A', 'Negative', 'Normal');
INSERT INTO imaging_reports (id, patient_id, type, body_part, date, hospital_name, doctor_name, findings, impression) VALUES ('IMG-1133-2', 1133, 'Ultrasonography', 'Hepatobiliary System (HBS)', NOW() - INTERVAL '10 days', 'Apollo Imperial Hospital', 'Dr. Begum Begum', 'Gallbladder is distended with normal wall thickness. No gallstones or sludge seen. Common bile duct and intrahepatic biliary channels are normal. Pancreas and spleen are normal.', 'Normal HBS scan. No gallstones detected.');
INSERT INTO patient_chronic_diseases (patient_id, disease_name, status, diagnosed_date) VALUES (1133, 'Osteoarthritis', 'Active', NOW() - INTERVAL '6 years 1 months');
INSERT INTO patient_chronic_diseases (patient_id, disease_name, status, diagnosed_date) VALUES (1133, 'Allergic Rhinitis', 'Controlled', NOW() - INTERVAL '2 years 2 months');
INSERT INTO patient_chronic_diseases (patient_id, disease_name, status, diagnosed_date) VALUES (1133, 'Gastroesophageal Reflux Disease (GERD)', 'Active', NOW() - INTERVAL '9 years 3 months');
INSERT INTO prescriptions (id, patient_id, date, doctor_name, doctor_specialization, hospital_name, diagnosis, clinical_notes, follow_up_date) VALUES ('PRES-1134-1', 1134, NOW() - INTERVAL '14 days', 'Dr. Al-Amin Ahmed', 'Orthopedics', 'Popular Diagnostic & Hospital', 'Gastroesophageal Reflux Disease (GERD)', 'Complains of burning sensation in the chest (heartburn), sour taste in the mouth, and upper abdominal pain after meals. Recommended avoiding spicy foods, sleeping with head elevated, and not lying down immediately after eating.', 'In 2 weeks.');
INSERT INTO prescription_medicines (prescription_id, name, dosage, instruction, duration) VALUES ('PRES-1134-1', 'Cap. Esomeprazole 20mg', '1+0+1', '30 minutes before breakfast & dinner', '1 Month');
INSERT INTO prescription_medicines (prescription_id, name, dosage, instruction, duration) VALUES ('PRES-1134-1', 'Tab. Domperidone 10mg', '1+1+1', '15 minutes before meals', '10 Days');
INSERT INTO prescription_medicines (prescription_id, name, dosage, instruction, duration) VALUES ('PRES-1134-1', 'Syr. Antacid', '2 spoonful', '1 hour after meals', '7 Days');
INSERT INTO lab_reports (id, patient_id, test_name, category, date, hospital_name, doctor_name, status, ai_interpretation) VALUES ('LAB-1134-1', 1134, 'H. Pylori Screening Panel', 'Serology', NOW() - INTERVAL '14 days', 'Popular Diagnostic & Hospital', 'Dr. Al-Amin Ahmed', 'Completed', 'H. Pylori antigen test is negative. Upper GI symptoms are likely due to lifestyle/acid reflux rather than active bacterial infection.');
INSERT INTO lab_test_results (lab_report_id, parameter, value, unit, reference_range, status) VALUES ('LAB-1134-1', 'H. Pylori Ag (Stool)', 'Negative', 'N/A', 'Negative', 'Normal');
INSERT INTO imaging_reports (id, patient_id, type, body_part, date, hospital_name, doctor_name, findings, impression) VALUES ('IMG-1134-1', 1134, 'Ultrasonography', 'Hepatobiliary System (HBS)', NOW() - INTERVAL '14 days', 'Popular Diagnostic & Hospital', 'Dr. Al-Amin Ahmed', 'Gallbladder is distended with normal wall thickness. No gallstones or sludge seen. Common bile duct and intrahepatic biliary channels are normal. Pancreas and spleen are normal.', 'Normal HBS scan. No gallstones detected.');
INSERT INTO patient_chronic_diseases (patient_id, disease_name, status, diagnosed_date) VALUES (1134, 'Gastroesophageal Reflux Disease (GERD)', 'Active', NOW() - INTERVAL '6 years 4 months');
INSERT INTO patient_chronic_diseases (patient_id, disease_name, status, diagnosed_date) VALUES (1134, 'Hyperlipidemia', 'Active', NOW() - INTERVAL '7 years 8 months');
INSERT INTO prescriptions (id, patient_id, date, doctor_name, doctor_specialization, hospital_name, diagnosis, clinical_notes, follow_up_date) VALUES ('PRES-1135-1', 1135, NOW() - INTERVAL '12 days', 'Dr. Lipi Chowdhury', 'ENT', 'National Institute of Cardiovascular Diseases', 'Acute Bronchitis & suspected Asthma', 'Cough with sputum, shortness of breath, and chest tightness for 5 days. Wheezing heard on auscultation. Advised avoiding cold drinks, dust, and using inhaler correctly.', 'In 10 days for review of symptoms.');
INSERT INTO prescription_medicines (prescription_id, name, dosage, instruction, duration) VALUES ('PRES-1135-1', 'Tab. Azithromycin 500mg', '1+0+0', '1 hour before food', '5 Days');
INSERT INTO prescription_medicines (prescription_id, name, dosage, instruction, duration) VALUES ('PRES-1135-1', 'Tab. Montelukast 10mg', '0+0+1', 'At night', '14 Days');
INSERT INTO prescription_medicines (prescription_id, name, dosage, instruction, duration) VALUES ('PRES-1135-1', 'Inhaler Salbutamol 100mcg', '2 Puffs', 'As needed (when short of breath)', 'As needed');
INSERT INTO lab_reports (id, patient_id, test_name, category, date, hospital_name, doctor_name, status, ai_interpretation) VALUES ('LAB-1135-1', 1135, 'Complete Blood Count (CBC)', 'Hematology', NOW() - INTERVAL '12 days', 'National Institute of Cardiovascular Diseases', 'Dr. Lipi Chowdhury', 'Completed', 'Mild leukocytosis observed, consistent with active respiratory tract infection. Eosinophil counts are slightly elevated, which could point to an allergic component (Asthma).');
INSERT INTO lab_test_results (lab_report_id, parameter, value, unit, reference_range, status) VALUES ('LAB-1135-1', 'Total WBC Count', '11.2', 'x10^9/L', '4.0 - 11.0', 'High');
INSERT INTO lab_test_results (lab_report_id, parameter, value, unit, reference_range, status) VALUES ('LAB-1135-1', 'Hemoglobin (Hb)', '14.5', 'g/dL', '13.5 - 17.5', 'Normal');
INSERT INTO lab_test_results (lab_report_id, parameter, value, unit, reference_range, status) VALUES ('LAB-1135-1', 'Eosinophils', '7', '%', '1 - 6', 'High');
INSERT INTO imaging_reports (id, patient_id, type, body_part, date, hospital_name, doctor_name, findings, impression) VALUES ('IMG-1135-1', 1135, 'X-Ray', 'Chest (P/A View)', NOW() - INTERVAL '12 days', 'National Institute of Cardiovascular Diseases', 'Dr. Lipi Chowdhury', 'Lungs are hyperinflated. Increased bronchovascular markings seen bilaterally. Both costophrenic angles are clear. Heart size and shape are normal. Bony thorax and dome of diaphragms are intact.', 'Findings are suggestive of Acute Bronchitic changes. No consolidation or pleural effusion.');
INSERT INTO prescriptions (id, patient_id, date, doctor_name, doctor_specialization, hospital_name, diagnosis, clinical_notes, follow_up_date) VALUES ('PRES-1135-2', 1135, NOW() - INTERVAL '5 days', 'Dr. Nehal Begum', 'Endocrinology & Diabetology', 'Sir Salimullah Medical College Hospital', 'Bilateral Osteoarthritis of Knee Joints', 'Pain, stiffness, and cracking sounds in both knees for the last 6 months, worse in the mornings and after sitting. Advised hot compression, avoidance of sitting on floor/squatting, and moderate knee exercises.', 'In 1 Month.');
INSERT INTO prescription_medicines (prescription_id, name, dosage, instruction, duration) VALUES ('PRES-1135-2', 'Tab. Naproxen 500mg', '1+0+1', 'After meals (only when pain is high)', '7 Days');
INSERT INTO prescription_medicines (prescription_id, name, dosage, instruction, duration) VALUES ('PRES-1135-2', 'Cap. Glucosamine + Chondroitin', '1+0+1', 'After meals', '2 Months');
INSERT INTO prescription_medicines (prescription_id, name, dosage, instruction, duration) VALUES ('PRES-1135-2', 'Tab. Omeprazole 20mg', '1+0+1', 'Before breakfast & dinner', '1 Month');
INSERT INTO lab_reports (id, patient_id, test_name, category, date, hospital_name, doctor_name, status, ai_interpretation) VALUES ('LAB-1135-2', 1135, 'Arthritis & Rheumatology Profile', 'Serology', NOW() - INTERVAL '5 days', 'Sir Salimullah Medical College Hospital', 'Dr. Nehal Begum', 'Completed', 'Uric acid level is slightly elevated, but Rheumatoid Factor is negative, suggesting OA rather than Gout or Rheumatoid Arthritis.');
INSERT INTO lab_test_results (lab_report_id, parameter, value, unit, reference_range, status) VALUES ('LAB-1135-2', 'Serum Uric Acid', '7.5', 'mg/dL', '3.5 - 7.2', 'High');
INSERT INTO lab_test_results (lab_report_id, parameter, value, unit, reference_range, status) VALUES ('LAB-1135-2', 'Rheumatoid Factor (RF)', '8', 'IU/mL', '< 14', 'Normal');
INSERT INTO lab_test_results (lab_report_id, parameter, value, unit, reference_range, status) VALUES ('LAB-1135-2', 'C-Reactive Protein (CRP)', '4.2', 'mg/L', '< 5.0', 'Normal');
INSERT INTO imaging_reports (id, patient_id, type, body_part, date, hospital_name, doctor_name, findings, impression) VALUES ('IMG-1135-2', 1135, 'X-Ray', 'Bilateral Knee Joints (AP & Lateral)', NOW() - INTERVAL '5 days', 'Sir Salimullah Medical College Hospital', 'Dr. Nehal Begum', 'Narrowing of the medial joint spaces in both knees. Subchondral sclerosis and osteophyte formation are noted along the margins of both joint surfaces. No joint effusion or fracture.', 'Radiological features of Bilateral Osteoarthritis of Knees (Grade-II).');
INSERT INTO patient_allergies (patient_id, allergen, severity, reaction) VALUES (1135, 'Dust Mites', 'Moderate', 'Sneezing and coughing');
INSERT INTO patient_allergies (patient_id, allergen, severity, reaction) VALUES (1135, 'Pollen', 'Low', 'Runny nose');
INSERT INTO patient_chronic_diseases (patient_id, disease_name, status, diagnosed_date) VALUES (1135, 'Osteoarthritis', 'Active', NOW() - INTERVAL '10 years 5 months');
INSERT INTO patient_chronic_diseases (patient_id, disease_name, status, diagnosed_date) VALUES (1135, 'Chronic Low Back Pain', 'Active', NOW() - INTERVAL '4 years 10 months');
INSERT INTO patient_chronic_diseases (patient_id, disease_name, status, diagnosed_date) VALUES (1135, 'Bronchial Asthma', 'Controlled', NOW() - INTERVAL '5 years 10 months');
INSERT INTO prescriptions (id, patient_id, date, doctor_name, doctor_specialization, hospital_name, diagnosis, clinical_notes, follow_up_date) VALUES ('PRES-1136-1', 1136, NOW() - INTERVAL '12 days', 'Dr. Nehal Begum', 'Endocrinology & Diabetology', 'Sir Salimullah Medical College Hospital', 'Bilateral Osteoarthritis of Knee Joints', 'Pain, stiffness, and cracking sounds in both knees for the last 6 months, worse in the mornings and after sitting. Advised hot compression, avoidance of sitting on floor/squatting, and moderate knee exercises.', 'In 1 Month.');
INSERT INTO prescription_medicines (prescription_id, name, dosage, instruction, duration) VALUES ('PRES-1136-1', 'Tab. Naproxen 500mg', '1+0+1', 'After meals (only when pain is high)', '7 Days');
INSERT INTO prescription_medicines (prescription_id, name, dosage, instruction, duration) VALUES ('PRES-1136-1', 'Cap. Glucosamine + Chondroitin', '1+0+1', 'After meals', '2 Months');
INSERT INTO prescription_medicines (prescription_id, name, dosage, instruction, duration) VALUES ('PRES-1136-1', 'Tab. Omeprazole 20mg', '1+0+1', 'Before breakfast & dinner', '1 Month');
INSERT INTO lab_reports (id, patient_id, test_name, category, date, hospital_name, doctor_name, status, ai_interpretation) VALUES ('LAB-1136-1', 1136, 'Arthritis & Rheumatology Profile', 'Serology', NOW() - INTERVAL '12 days', 'Sir Salimullah Medical College Hospital', 'Dr. Nehal Begum', 'Completed', 'Uric acid level is slightly elevated, but Rheumatoid Factor is negative, suggesting OA rather than Gout or Rheumatoid Arthritis.');
INSERT INTO lab_test_results (lab_report_id, parameter, value, unit, reference_range, status) VALUES ('LAB-1136-1', 'Serum Uric Acid', '7.5', 'mg/dL', '3.5 - 7.2', 'High');
INSERT INTO lab_test_results (lab_report_id, parameter, value, unit, reference_range, status) VALUES ('LAB-1136-1', 'Rheumatoid Factor (RF)', '8', 'IU/mL', '< 14', 'Normal');
INSERT INTO lab_test_results (lab_report_id, parameter, value, unit, reference_range, status) VALUES ('LAB-1136-1', 'C-Reactive Protein (CRP)', '4.2', 'mg/L', '< 5.0', 'Normal');
INSERT INTO imaging_reports (id, patient_id, type, body_part, date, hospital_name, doctor_name, findings, impression) VALUES ('IMG-1136-1', 1136, 'X-Ray', 'Bilateral Knee Joints (AP & Lateral)', NOW() - INTERVAL '12 days', 'Sir Salimullah Medical College Hospital', 'Dr. Nehal Begum', 'Narrowing of the medial joint spaces in both knees. Subchondral sclerosis and osteophyte formation are noted along the margins of both joint surfaces. No joint effusion or fracture.', 'Radiological features of Bilateral Osteoarthritis of Knees (Grade-II).');
INSERT INTO patient_chronic_diseases (patient_id, disease_name, status, diagnosed_date) VALUES (1136, 'Osteoarthritis', 'Active', NOW() - INTERVAL '10 years 2 months');
INSERT INTO patient_chronic_diseases (patient_id, disease_name, status, diagnosed_date) VALUES (1136, 'Hyperlipidemia', 'Active', NOW() - INTERVAL '4 years 5 months');
INSERT INTO prescriptions (id, patient_id, date, doctor_name, doctor_specialization, hospital_name, diagnosis, clinical_notes, follow_up_date) VALUES ('PRES-1137-1', 1137, NOW() - INTERVAL '25 days', 'Dr. Sultana Siddique', 'ENT', 'Dhaka Shishu Hospital', 'Bilateral Osteoarthritis of Knee Joints', 'Pain, stiffness, and cracking sounds in both knees for the last 6 months, worse in the mornings and after sitting. Advised hot compression, avoidance of sitting on floor/squatting, and moderate knee exercises.', 'In 1 Month.');
INSERT INTO prescription_medicines (prescription_id, name, dosage, instruction, duration) VALUES ('PRES-1137-1', 'Tab. Naproxen 500mg', '1+0+1', 'After meals (only when pain is high)', '7 Days');
INSERT INTO prescription_medicines (prescription_id, name, dosage, instruction, duration) VALUES ('PRES-1137-1', 'Cap. Glucosamine + Chondroitin', '1+0+1', 'After meals', '2 Months');
INSERT INTO prescription_medicines (prescription_id, name, dosage, instruction, duration) VALUES ('PRES-1137-1', 'Tab. Omeprazole 20mg', '1+0+1', 'Before breakfast & dinner', '1 Month');
INSERT INTO lab_reports (id, patient_id, test_name, category, date, hospital_name, doctor_name, status, ai_interpretation) VALUES ('LAB-1137-1', 1137, 'Arthritis & Rheumatology Profile', 'Serology', NOW() - INTERVAL '25 days', 'Dhaka Shishu Hospital', 'Dr. Sultana Siddique', 'Completed', 'Uric acid level is slightly elevated, but Rheumatoid Factor is negative, suggesting OA rather than Gout or Rheumatoid Arthritis.');
INSERT INTO lab_test_results (lab_report_id, parameter, value, unit, reference_range, status) VALUES ('LAB-1137-1', 'Serum Uric Acid', '7.5', 'mg/dL', '3.5 - 7.2', 'High');
INSERT INTO lab_test_results (lab_report_id, parameter, value, unit, reference_range, status) VALUES ('LAB-1137-1', 'Rheumatoid Factor (RF)', '8', 'IU/mL', '< 14', 'Normal');
INSERT INTO lab_test_results (lab_report_id, parameter, value, unit, reference_range, status) VALUES ('LAB-1137-1', 'C-Reactive Protein (CRP)', '4.2', 'mg/L', '< 5.0', 'Normal');
INSERT INTO imaging_reports (id, patient_id, type, body_part, date, hospital_name, doctor_name, findings, impression) VALUES ('IMG-1137-1', 1137, 'X-Ray', 'Bilateral Knee Joints (AP & Lateral)', NOW() - INTERVAL '25 days', 'Dhaka Shishu Hospital', 'Dr. Sultana Siddique', 'Narrowing of the medial joint spaces in both knees. Subchondral sclerosis and osteophyte formation are noted along the margins of both joint surfaces. No joint effusion or fracture.', 'Radiological features of Bilateral Osteoarthritis of Knees (Grade-II).');
INSERT INTO patient_chronic_diseases (patient_id, disease_name, status, diagnosed_date) VALUES (1137, 'Osteoarthritis', 'Active', NOW() - INTERVAL '6 years 6 months');
INSERT INTO prescriptions (id, patient_id, date, doctor_name, doctor_specialization, hospital_name, diagnosis, clinical_notes, follow_up_date) VALUES ('PRES-1138-1', 1138, NOW() - INTERVAL '24 days', 'Dr. Faruq Akter', 'Neuromedicine', 'Jashore General Hospital', 'Acute Bronchitis & suspected Asthma', 'Cough with sputum, shortness of breath, and chest tightness for 5 days. Wheezing heard on auscultation. Advised avoiding cold drinks, dust, and using inhaler correctly.', 'In 10 days for review of symptoms.');
INSERT INTO prescription_medicines (prescription_id, name, dosage, instruction, duration) VALUES ('PRES-1138-1', 'Tab. Azithromycin 500mg', '1+0+0', '1 hour before food', '5 Days');
INSERT INTO prescription_medicines (prescription_id, name, dosage, instruction, duration) VALUES ('PRES-1138-1', 'Tab. Montelukast 10mg', '0+0+1', 'At night', '14 Days');
INSERT INTO prescription_medicines (prescription_id, name, dosage, instruction, duration) VALUES ('PRES-1138-1', 'Inhaler Salbutamol 100mcg', '2 Puffs', 'As needed (when short of breath)', 'As needed');
INSERT INTO lab_reports (id, patient_id, test_name, category, date, hospital_name, doctor_name, status, ai_interpretation) VALUES ('LAB-1138-1', 1138, 'Complete Blood Count (CBC)', 'Hematology', NOW() - INTERVAL '24 days', 'Jashore General Hospital', 'Dr. Faruq Akter', 'Completed', 'Mild leukocytosis observed, consistent with active respiratory tract infection. Eosinophil counts are slightly elevated, which could point to an allergic component (Asthma).');
INSERT INTO lab_test_results (lab_report_id, parameter, value, unit, reference_range, status) VALUES ('LAB-1138-1', 'Total WBC Count', '11.2', 'x10^9/L', '4.0 - 11.0', 'High');
INSERT INTO lab_test_results (lab_report_id, parameter, value, unit, reference_range, status) VALUES ('LAB-1138-1', 'Hemoglobin (Hb)', '14.5', 'g/dL', '13.5 - 17.5', 'Normal');
INSERT INTO lab_test_results (lab_report_id, parameter, value, unit, reference_range, status) VALUES ('LAB-1138-1', 'Eosinophils', '7', '%', '1 - 6', 'High');
INSERT INTO imaging_reports (id, patient_id, type, body_part, date, hospital_name, doctor_name, findings, impression) VALUES ('IMG-1138-1', 1138, 'X-Ray', 'Chest (P/A View)', NOW() - INTERVAL '24 days', 'Jashore General Hospital', 'Dr. Faruq Akter', 'Lungs are hyperinflated. Increased bronchovascular markings seen bilaterally. Both costophrenic angles are clear. Heart size and shape are normal. Bony thorax and dome of diaphragms are intact.', 'Findings are suggestive of Acute Bronchitic changes. No consolidation or pleural effusion.');
INSERT INTO prescriptions (id, patient_id, date, doctor_name, doctor_specialization, hospital_name, diagnosis, clinical_notes, follow_up_date) VALUES ('PRES-1138-2', 1138, NOW() - INTERVAL '16 days', 'Dr. Al-Amin Ahmed', 'Orthopedics', 'Popular Diagnostic & Hospital', 'Bilateral Osteoarthritis of Knee Joints', 'Pain, stiffness, and cracking sounds in both knees for the last 6 months, worse in the mornings and after sitting. Advised hot compression, avoidance of sitting on floor/squatting, and moderate knee exercises.', 'In 1 Month.');
INSERT INTO prescription_medicines (prescription_id, name, dosage, instruction, duration) VALUES ('PRES-1138-2', 'Tab. Naproxen 500mg', '1+0+1', 'After meals (only when pain is high)', '7 Days');
INSERT INTO prescription_medicines (prescription_id, name, dosage, instruction, duration) VALUES ('PRES-1138-2', 'Cap. Glucosamine + Chondroitin', '1+0+1', 'After meals', '2 Months');
INSERT INTO prescription_medicines (prescription_id, name, dosage, instruction, duration) VALUES ('PRES-1138-2', 'Tab. Omeprazole 20mg', '1+0+1', 'Before breakfast & dinner', '1 Month');
INSERT INTO lab_reports (id, patient_id, test_name, category, date, hospital_name, doctor_name, status, ai_interpretation) VALUES ('LAB-1138-2', 1138, 'Arthritis & Rheumatology Profile', 'Serology', NOW() - INTERVAL '16 days', 'Popular Diagnostic & Hospital', 'Dr. Al-Amin Ahmed', 'Completed', 'Uric acid level is slightly elevated, but Rheumatoid Factor is negative, suggesting OA rather than Gout or Rheumatoid Arthritis.');
INSERT INTO lab_test_results (lab_report_id, parameter, value, unit, reference_range, status) VALUES ('LAB-1138-2', 'Serum Uric Acid', '7.5', 'mg/dL', '3.5 - 7.2', 'High');
INSERT INTO lab_test_results (lab_report_id, parameter, value, unit, reference_range, status) VALUES ('LAB-1138-2', 'Rheumatoid Factor (RF)', '8', 'IU/mL', '< 14', 'Normal');
INSERT INTO lab_test_results (lab_report_id, parameter, value, unit, reference_range, status) VALUES ('LAB-1138-2', 'C-Reactive Protein (CRP)', '4.2', 'mg/L', '< 5.0', 'Normal');
INSERT INTO imaging_reports (id, patient_id, type, body_part, date, hospital_name, doctor_name, findings, impression) VALUES ('IMG-1138-2', 1138, 'X-Ray', 'Bilateral Knee Joints (AP & Lateral)', NOW() - INTERVAL '16 days', 'Popular Diagnostic & Hospital', 'Dr. Al-Amin Ahmed', 'Narrowing of the medial joint spaces in both knees. Subchondral sclerosis and osteophyte formation are noted along the margins of both joint surfaces. No joint effusion or fracture.', 'Radiological features of Bilateral Osteoarthritis of Knees (Grade-II).');
INSERT INTO patient_allergies (patient_id, allergen, severity, reaction) VALUES (1138, 'Dust Mites', 'Moderate', 'Sneezing and coughing');
INSERT INTO patient_allergies (patient_id, allergen, severity, reaction) VALUES (1138, 'Pollen', 'Low', 'Runny nose');
INSERT INTO patient_allergies (patient_id, allergen, severity, reaction) VALUES (1138, 'Peanuts', 'High', 'Anaphylaxis and facial swelling');
INSERT INTO patient_chronic_diseases (patient_id, disease_name, status, diagnosed_date) VALUES (1138, 'Osteoarthritis', 'Active', NOW() - INTERVAL '2 years 5 months');
INSERT INTO patient_chronic_diseases (patient_id, disease_name, status, diagnosed_date) VALUES (1138, 'Hyperlipidemia', 'Active', NOW() - INTERVAL '2 years 9 months');
INSERT INTO patient_chronic_diseases (patient_id, disease_name, status, diagnosed_date) VALUES (1138, 'Bronchial Asthma', 'Controlled', NOW() - INTERVAL '7 years 5 months');
INSERT INTO prescriptions (id, patient_id, date, doctor_name, doctor_specialization, hospital_name, diagnosis, clinical_notes, follow_up_date) VALUES ('PRES-1139-1', 1139, NOW() - INTERVAL '21 days', 'Dr. Tariq Ali', 'Gynaecology & Obstetrics', 'BIRDEM General Hospital', 'Acute Bronchitis & suspected Asthma', 'Cough with sputum, shortness of breath, and chest tightness for 5 days. Wheezing heard on auscultation. Advised avoiding cold drinks, dust, and using inhaler correctly.', 'In 10 days for review of symptoms.');
INSERT INTO prescription_medicines (prescription_id, name, dosage, instruction, duration) VALUES ('PRES-1139-1', 'Tab. Azithromycin 500mg', '1+0+0', '1 hour before food', '5 Days');
INSERT INTO prescription_medicines (prescription_id, name, dosage, instruction, duration) VALUES ('PRES-1139-1', 'Tab. Montelukast 10mg', '0+0+1', 'At night', '14 Days');
INSERT INTO prescription_medicines (prescription_id, name, dosage, instruction, duration) VALUES ('PRES-1139-1', 'Inhaler Salbutamol 100mcg', '2 Puffs', 'As needed (when short of breath)', 'As needed');
INSERT INTO lab_reports (id, patient_id, test_name, category, date, hospital_name, doctor_name, status, ai_interpretation) VALUES ('LAB-1139-1', 1139, 'Complete Blood Count (CBC)', 'Hematology', NOW() - INTERVAL '21 days', 'BIRDEM General Hospital', 'Dr. Tariq Ali', 'Completed', 'Mild leukocytosis observed, consistent with active respiratory tract infection. Eosinophil counts are slightly elevated, which could point to an allergic component (Asthma).');
INSERT INTO lab_test_results (lab_report_id, parameter, value, unit, reference_range, status) VALUES ('LAB-1139-1', 'Total WBC Count', '11.2', 'x10^9/L', '4.0 - 11.0', 'High');
INSERT INTO lab_test_results (lab_report_id, parameter, value, unit, reference_range, status) VALUES ('LAB-1139-1', 'Hemoglobin (Hb)', '14.5', 'g/dL', '13.5 - 17.5', 'Normal');
INSERT INTO lab_test_results (lab_report_id, parameter, value, unit, reference_range, status) VALUES ('LAB-1139-1', 'Eosinophils', '7', '%', '1 - 6', 'High');
INSERT INTO imaging_reports (id, patient_id, type, body_part, date, hospital_name, doctor_name, findings, impression) VALUES ('IMG-1139-1', 1139, 'X-Ray', 'Chest (P/A View)', NOW() - INTERVAL '21 days', 'BIRDEM General Hospital', 'Dr. Tariq Ali', 'Lungs are hyperinflated. Increased bronchovascular markings seen bilaterally. Both costophrenic angles are clear. Heart size and shape are normal. Bony thorax and dome of diaphragms are intact.', 'Findings are suggestive of Acute Bronchitic changes. No consolidation or pleural effusion.');
INSERT INTO patient_allergies (patient_id, allergen, severity, reaction) VALUES (1139, 'Dust Mites', 'Moderate', 'Sneezing and coughing');
INSERT INTO patient_allergies (patient_id, allergen, severity, reaction) VALUES (1139, 'Pollen', 'Low', 'Runny nose');
INSERT INTO patient_allergies (patient_id, allergen, severity, reaction) VALUES (1139, 'Peanuts', 'High', 'Anaphylaxis and facial swelling');
INSERT INTO patient_chronic_diseases (patient_id, disease_name, status, diagnosed_date) VALUES (1139, 'Migraine', 'Active', NOW() - INTERVAL '2 years 4 months');
INSERT INTO patient_chronic_diseases (patient_id, disease_name, status, diagnosed_date) VALUES (1139, 'Bronchial Asthma', 'Controlled', NOW() - INTERVAL '3 years 10 months');
INSERT INTO prescriptions (id, patient_id, date, doctor_name, doctor_specialization, hospital_name, diagnosis, clinical_notes, follow_up_date) VALUES ('PRES-1140-1', 1140, NOW() - INTERVAL '15 days', 'Dr. Puja Khan', 'Gastroenterology', 'National Institute of Cardiovascular Diseases', 'Type 2 Diabetes Mellitus & Essential Hypertension', 'Patient presents with generalized weakness and occasional dizziness. Blood pressure and fasting blood glucose are elevated. Recommended strict dietary control, low salt, regular walking, and compliance with medications.', 'In 3 months with fasting blood sugar and lipid profile reports.');
INSERT INTO prescription_medicines (prescription_id, name, dosage, instruction, duration) VALUES ('PRES-1140-1', 'Tab. Metformin HCl 500mg', '1+0+1', 'After meals', '3 Months');
INSERT INTO prescription_medicines (prescription_id, name, dosage, instruction, duration) VALUES ('PRES-1140-1', 'Tab. Amlodipine 5mg', '0+0+1', 'At night before sleeping', '1 Month');
INSERT INTO prescription_medicines (prescription_id, name, dosage, instruction, duration) VALUES ('PRES-1140-1', 'Tab. Atorvastatin 10mg', '0+0+1', 'At night after dinner', '2 Months');
INSERT INTO lab_reports (id, patient_id, test_name, category, date, hospital_name, doctor_name, status, ai_interpretation) VALUES ('LAB-1140-1', 1140, 'Diabetes and Kidney Function Panel', 'Biochemistry', NOW() - INTERVAL '15 days', 'National Institute of Cardiovascular Diseases', 'Dr. Puja Khan', 'Completed', 'Fasting Blood Glucose is high, indicating suboptimal glycemic control. Renal function (Creatinine) is normal. HbA1c should be monitored next visit.');
INSERT INTO lab_test_results (lab_report_id, parameter, value, unit, reference_range, status) VALUES ('LAB-1140-1', 'Fasting Blood Sugar (FBS)', '142', 'mg/dL', '70 - 100', 'High');
INSERT INTO lab_test_results (lab_report_id, parameter, value, unit, reference_range, status) VALUES ('LAB-1140-1', 'Serum Creatinine', '0.9', 'mg/dL', '0.6 - 1.2', 'Normal');
INSERT INTO lab_test_results (lab_report_id, parameter, value, unit, reference_range, status) VALUES ('LAB-1140-1', 'Blood Urea Nitrogen (BUN)', '14', 'mg/dL', '7 - 20', 'Normal');
INSERT INTO imaging_reports (id, patient_id, type, body_part, date, hospital_name, doctor_name, findings, impression) VALUES ('IMG-1140-1', 1140, 'Ultrasonography', 'Whole Abdomen', NOW() - INTERVAL '15 days', 'National Institute of Cardiovascular Diseases', 'Dr. Puja Khan', 'Liver shows normal size but mildly increased parenchymal echotexture, suggestive of Grade-I Fatty Liver. Gallbladder, spleen, kidneys, and urinary bladder are normal in size and shape. No calculi or focal masses seen.', 'Mild Hepatomegaly with Grade-I Fatty Change (Fatty Liver).');
INSERT INTO prescriptions (id, patient_id, date, doctor_name, doctor_specialization, hospital_name, diagnosis, clinical_notes, follow_up_date) VALUES ('PRES-1140-2', 1140, NOW() - INTERVAL '17 days', 'Dr. Sabbir Chowdhury', 'Pediatrics', 'National Institute of Kidney Diseases & Urology', 'Acute Bronchitis & suspected Asthma', 'Cough with sputum, shortness of breath, and chest tightness for 5 days. Wheezing heard on auscultation. Advised avoiding cold drinks, dust, and using inhaler correctly.', 'In 10 days for review of symptoms.');
INSERT INTO prescription_medicines (prescription_id, name, dosage, instruction, duration) VALUES ('PRES-1140-2', 'Tab. Azithromycin 500mg', '1+0+0', '1 hour before food', '5 Days');
INSERT INTO prescription_medicines (prescription_id, name, dosage, instruction, duration) VALUES ('PRES-1140-2', 'Tab. Montelukast 10mg', '0+0+1', 'At night', '14 Days');
INSERT INTO prescription_medicines (prescription_id, name, dosage, instruction, duration) VALUES ('PRES-1140-2', 'Inhaler Salbutamol 100mcg', '2 Puffs', 'As needed (when short of breath)', 'As needed');
INSERT INTO lab_reports (id, patient_id, test_name, category, date, hospital_name, doctor_name, status, ai_interpretation) VALUES ('LAB-1140-2', 1140, 'Complete Blood Count (CBC)', 'Hematology', NOW() - INTERVAL '17 days', 'National Institute of Kidney Diseases & Urology', 'Dr. Sabbir Chowdhury', 'Completed', 'Mild leukocytosis observed, consistent with active respiratory tract infection. Eosinophil counts are slightly elevated, which could point to an allergic component (Asthma).');
INSERT INTO lab_test_results (lab_report_id, parameter, value, unit, reference_range, status) VALUES ('LAB-1140-2', 'Total WBC Count', '11.2', 'x10^9/L', '4.0 - 11.0', 'High');
INSERT INTO lab_test_results (lab_report_id, parameter, value, unit, reference_range, status) VALUES ('LAB-1140-2', 'Hemoglobin (Hb)', '14.5', 'g/dL', '13.5 - 17.5', 'Normal');
INSERT INTO lab_test_results (lab_report_id, parameter, value, unit, reference_range, status) VALUES ('LAB-1140-2', 'Eosinophils', '7', '%', '1 - 6', 'High');
INSERT INTO imaging_reports (id, patient_id, type, body_part, date, hospital_name, doctor_name, findings, impression) VALUES ('IMG-1140-2', 1140, 'X-Ray', 'Chest (P/A View)', NOW() - INTERVAL '17 days', 'National Institute of Kidney Diseases & Urology', 'Dr. Sabbir Chowdhury', 'Lungs are hyperinflated. Increased bronchovascular markings seen bilaterally. Both costophrenic angles are clear. Heart size and shape are normal. Bony thorax and dome of diaphragms are intact.', 'Findings are suggestive of Acute Bronchitic changes. No consolidation or pleural effusion.');
INSERT INTO patient_allergies (patient_id, allergen, severity, reaction) VALUES (1140, 'Dust Mites', 'Moderate', 'Sneezing and coughing');
INSERT INTO patient_allergies (patient_id, allergen, severity, reaction) VALUES (1140, 'Pollen', 'Low', 'Runny nose');
INSERT INTO patient_chronic_diseases (patient_id, disease_name, status, diagnosed_date) VALUES (1140, 'Anemia', 'Active', NOW() - INTERVAL '1 years 4 months');
INSERT INTO patient_chronic_diseases (patient_id, disease_name, status, diagnosed_date) VALUES (1140, 'Type 2 Diabetes Mellitus', 'Active', NOW() - INTERVAL '6 years 12 months');
INSERT INTO patient_chronic_diseases (patient_id, disease_name, status, diagnosed_date) VALUES (1140, 'Essential Hypertension', 'Active', NOW() - INTERVAL '4 years 10 months');
INSERT INTO patient_chronic_diseases (patient_id, disease_name, status, diagnosed_date) VALUES (1140, 'Bronchial Asthma', 'Controlled', NOW() - INTERVAL '10 years 11 months');
INSERT INTO prescriptions (id, patient_id, date, doctor_name, doctor_specialization, hospital_name, diagnosis, clinical_notes, follow_up_date) VALUES ('PRES-1141-1', 1141, NOW() - INTERVAL '6 days', 'Dr. Rashed Begum', 'General Medicine', 'Dhaka Shishu Hospital', 'Type 2 Diabetes Mellitus & Essential Hypertension', 'Patient presents with generalized weakness and occasional dizziness. Blood pressure and fasting blood glucose are elevated. Recommended strict dietary control, low salt, regular walking, and compliance with medications.', 'In 3 months with fasting blood sugar and lipid profile reports.');
INSERT INTO prescription_medicines (prescription_id, name, dosage, instruction, duration) VALUES ('PRES-1141-1', 'Tab. Metformin HCl 500mg', '1+0+1', 'After meals', '3 Months');
INSERT INTO prescription_medicines (prescription_id, name, dosage, instruction, duration) VALUES ('PRES-1141-1', 'Tab. Amlodipine 5mg', '0+0+1', 'At night before sleeping', '1 Month');
INSERT INTO prescription_medicines (prescription_id, name, dosage, instruction, duration) VALUES ('PRES-1141-1', 'Tab. Atorvastatin 10mg', '0+0+1', 'At night after dinner', '2 Months');
INSERT INTO lab_reports (id, patient_id, test_name, category, date, hospital_name, doctor_name, status, ai_interpretation) VALUES ('LAB-1141-1', 1141, 'Diabetes and Kidney Function Panel', 'Biochemistry', NOW() - INTERVAL '6 days', 'Dhaka Shishu Hospital', 'Dr. Rashed Begum', 'Completed', 'Fasting Blood Glucose is high, indicating suboptimal glycemic control. Renal function (Creatinine) is normal. HbA1c should be monitored next visit.');
INSERT INTO lab_test_results (lab_report_id, parameter, value, unit, reference_range, status) VALUES ('LAB-1141-1', 'Fasting Blood Sugar (FBS)', '142', 'mg/dL', '70 - 100', 'High');
INSERT INTO lab_test_results (lab_report_id, parameter, value, unit, reference_range, status) VALUES ('LAB-1141-1', 'Serum Creatinine', '0.9', 'mg/dL', '0.6 - 1.2', 'Normal');
INSERT INTO lab_test_results (lab_report_id, parameter, value, unit, reference_range, status) VALUES ('LAB-1141-1', 'Blood Urea Nitrogen (BUN)', '14', 'mg/dL', '7 - 20', 'Normal');
INSERT INTO imaging_reports (id, patient_id, type, body_part, date, hospital_name, doctor_name, findings, impression) VALUES ('IMG-1141-1', 1141, 'Ultrasonography', 'Whole Abdomen', NOW() - INTERVAL '6 days', 'Dhaka Shishu Hospital', 'Dr. Rashed Begum', 'Liver shows normal size but mildly increased parenchymal echotexture, suggestive of Grade-I Fatty Liver. Gallbladder, spleen, kidneys, and urinary bladder are normal in size and shape. No calculi or focal masses seen.', 'Mild Hepatomegaly with Grade-I Fatty Change (Fatty Liver).');
INSERT INTO patient_chronic_diseases (patient_id, disease_name, status, diagnosed_date) VALUES (1141, 'Type 2 Diabetes Mellitus', 'Active', NOW() - INTERVAL '5 years 9 months');
INSERT INTO patient_chronic_diseases (patient_id, disease_name, status, diagnosed_date) VALUES (1141, 'Essential Hypertension', 'Active', NOW() - INTERVAL '1 years 6 months');
INSERT INTO prescriptions (id, patient_id, date, doctor_name, doctor_specialization, hospital_name, diagnosis, clinical_notes, follow_up_date) VALUES ('PRES-1142-1', 1142, NOW() - INTERVAL '20 days', 'Dr. Mahbub Islam', 'Gastroenterology', 'Dhaka Medical College Hospital', 'Bilateral Osteoarthritis of Knee Joints', 'Pain, stiffness, and cracking sounds in both knees for the last 6 months, worse in the mornings and after sitting. Advised hot compression, avoidance of sitting on floor/squatting, and moderate knee exercises.', 'In 1 Month.');
INSERT INTO prescription_medicines (prescription_id, name, dosage, instruction, duration) VALUES ('PRES-1142-1', 'Tab. Naproxen 500mg', '1+0+1', 'After meals (only when pain is high)', '7 Days');
INSERT INTO prescription_medicines (prescription_id, name, dosage, instruction, duration) VALUES ('PRES-1142-1', 'Cap. Glucosamine + Chondroitin', '1+0+1', 'After meals', '2 Months');
INSERT INTO prescription_medicines (prescription_id, name, dosage, instruction, duration) VALUES ('PRES-1142-1', 'Tab. Omeprazole 20mg', '1+0+1', 'Before breakfast & dinner', '1 Month');
INSERT INTO lab_reports (id, patient_id, test_name, category, date, hospital_name, doctor_name, status, ai_interpretation) VALUES ('LAB-1142-1', 1142, 'Arthritis & Rheumatology Profile', 'Serology', NOW() - INTERVAL '20 days', 'Dhaka Medical College Hospital', 'Dr. Mahbub Islam', 'Completed', 'Uric acid level is slightly elevated, but Rheumatoid Factor is negative, suggesting OA rather than Gout or Rheumatoid Arthritis.');
INSERT INTO lab_test_results (lab_report_id, parameter, value, unit, reference_range, status) VALUES ('LAB-1142-1', 'Serum Uric Acid', '7.5', 'mg/dL', '3.5 - 7.2', 'High');
INSERT INTO lab_test_results (lab_report_id, parameter, value, unit, reference_range, status) VALUES ('LAB-1142-1', 'Rheumatoid Factor (RF)', '8', 'IU/mL', '< 14', 'Normal');
INSERT INTO lab_test_results (lab_report_id, parameter, value, unit, reference_range, status) VALUES ('LAB-1142-1', 'C-Reactive Protein (CRP)', '4.2', 'mg/L', '< 5.0', 'Normal');
INSERT INTO imaging_reports (id, patient_id, type, body_part, date, hospital_name, doctor_name, findings, impression) VALUES ('IMG-1142-1', 1142, 'X-Ray', 'Bilateral Knee Joints (AP & Lateral)', NOW() - INTERVAL '20 days', 'Dhaka Medical College Hospital', 'Dr. Mahbub Islam', 'Narrowing of the medial joint spaces in both knees. Subchondral sclerosis and osteophyte formation are noted along the margins of both joint surfaces. No joint effusion or fracture.', 'Radiological features of Bilateral Osteoarthritis of Knees (Grade-II).');
INSERT INTO prescriptions (id, patient_id, date, doctor_name, doctor_specialization, hospital_name, diagnosis, clinical_notes, follow_up_date) VALUES ('PRES-1142-2', 1142, NOW() - INTERVAL '18 days', 'Dr. Sarah Siddique', 'Orthopedics', 'North West Medical College & Hospital', 'Gastroesophageal Reflux Disease (GERD)', 'Complains of burning sensation in the chest (heartburn), sour taste in the mouth, and upper abdominal pain after meals. Recommended avoiding spicy foods, sleeping with head elevated, and not lying down immediately after eating.', 'In 2 weeks.');
INSERT INTO prescription_medicines (prescription_id, name, dosage, instruction, duration) VALUES ('PRES-1142-2', 'Cap. Esomeprazole 20mg', '1+0+1', '30 minutes before breakfast & dinner', '1 Month');
INSERT INTO prescription_medicines (prescription_id, name, dosage, instruction, duration) VALUES ('PRES-1142-2', 'Tab. Domperidone 10mg', '1+1+1', '15 minutes before meals', '10 Days');
INSERT INTO prescription_medicines (prescription_id, name, dosage, instruction, duration) VALUES ('PRES-1142-2', 'Syr. Antacid', '2 spoonful', '1 hour after meals', '7 Days');
INSERT INTO lab_reports (id, patient_id, test_name, category, date, hospital_name, doctor_name, status, ai_interpretation) VALUES ('LAB-1142-2', 1142, 'H. Pylori Screening Panel', 'Serology', NOW() - INTERVAL '18 days', 'North West Medical College & Hospital', 'Dr. Sarah Siddique', 'Completed', 'H. Pylori antigen test is negative. Upper GI symptoms are likely due to lifestyle/acid reflux rather than active bacterial infection.');
INSERT INTO lab_test_results (lab_report_id, parameter, value, unit, reference_range, status) VALUES ('LAB-1142-2', 'H. Pylori Ag (Stool)', 'Negative', 'N/A', 'Negative', 'Normal');
INSERT INTO imaging_reports (id, patient_id, type, body_part, date, hospital_name, doctor_name, findings, impression) VALUES ('IMG-1142-2', 1142, 'Ultrasonography', 'Hepatobiliary System (HBS)', NOW() - INTERVAL '18 days', 'North West Medical College & Hospital', 'Dr. Sarah Siddique', 'Gallbladder is distended with normal wall thickness. No gallstones or sludge seen. Common bile duct and intrahepatic biliary channels are normal. Pancreas and spleen are normal.', 'Normal HBS scan. No gallstones detected.');
INSERT INTO patient_chronic_diseases (patient_id, disease_name, status, diagnosed_date) VALUES (1142, 'Osteoarthritis', 'Active', NOW() - INTERVAL '2 years 4 months');
INSERT INTO patient_chronic_diseases (patient_id, disease_name, status, diagnosed_date) VALUES (1142, 'Hypothyroidism', 'Active', NOW() - INTERVAL '8 years 4 months');
INSERT INTO patient_chronic_diseases (patient_id, disease_name, status, diagnosed_date) VALUES (1142, 'Gastroesophageal Reflux Disease (GERD)', 'Active', NOW() - INTERVAL '2 years 1 months');
INSERT INTO prescriptions (id, patient_id, date, doctor_name, doctor_specialization, hospital_name, diagnosis, clinical_notes, follow_up_date) VALUES ('PRES-1143-1', 1143, NOW() - INTERVAL '12 days', 'Dr. Sani Ahmed', 'Endocrinology & Diabetology', 'Sir Salimullah Medical College Hospital', 'Type 2 Diabetes Mellitus & Essential Hypertension', 'Patient presents with generalized weakness and occasional dizziness. Blood pressure and fasting blood glucose are elevated. Recommended strict dietary control, low salt, regular walking, and compliance with medications.', 'In 3 months with fasting blood sugar and lipid profile reports.');
INSERT INTO prescription_medicines (prescription_id, name, dosage, instruction, duration) VALUES ('PRES-1143-1', 'Tab. Metformin HCl 500mg', '1+0+1', 'After meals', '3 Months');
INSERT INTO prescription_medicines (prescription_id, name, dosage, instruction, duration) VALUES ('PRES-1143-1', 'Tab. Amlodipine 5mg', '0+0+1', 'At night before sleeping', '1 Month');
INSERT INTO prescription_medicines (prescription_id, name, dosage, instruction, duration) VALUES ('PRES-1143-1', 'Tab. Atorvastatin 10mg', '0+0+1', 'At night after dinner', '2 Months');
INSERT INTO lab_reports (id, patient_id, test_name, category, date, hospital_name, doctor_name, status, ai_interpretation) VALUES ('LAB-1143-1', 1143, 'Diabetes and Kidney Function Panel', 'Biochemistry', NOW() - INTERVAL '12 days', 'Sir Salimullah Medical College Hospital', 'Dr. Sani Ahmed', 'Completed', 'Fasting Blood Glucose is high, indicating suboptimal glycemic control. Renal function (Creatinine) is normal. HbA1c should be monitored next visit.');
INSERT INTO lab_test_results (lab_report_id, parameter, value, unit, reference_range, status) VALUES ('LAB-1143-1', 'Fasting Blood Sugar (FBS)', '142', 'mg/dL', '70 - 100', 'High');
INSERT INTO lab_test_results (lab_report_id, parameter, value, unit, reference_range, status) VALUES ('LAB-1143-1', 'Serum Creatinine', '0.9', 'mg/dL', '0.6 - 1.2', 'Normal');
INSERT INTO lab_test_results (lab_report_id, parameter, value, unit, reference_range, status) VALUES ('LAB-1143-1', 'Blood Urea Nitrogen (BUN)', '14', 'mg/dL', '7 - 20', 'Normal');
INSERT INTO imaging_reports (id, patient_id, type, body_part, date, hospital_name, doctor_name, findings, impression) VALUES ('IMG-1143-1', 1143, 'Ultrasonography', 'Whole Abdomen', NOW() - INTERVAL '12 days', 'Sir Salimullah Medical College Hospital', 'Dr. Sani Ahmed', 'Liver shows normal size but mildly increased parenchymal echotexture, suggestive of Grade-I Fatty Liver. Gallbladder, spleen, kidneys, and urinary bladder are normal in size and shape. No calculi or focal masses seen.', 'Mild Hepatomegaly with Grade-I Fatty Change (Fatty Liver).');
INSERT INTO patient_chronic_diseases (patient_id, disease_name, status, diagnosed_date) VALUES (1143, 'Type 2 Diabetes Mellitus', 'Active', NOW() - INTERVAL '4 years 5 months');
INSERT INTO patient_chronic_diseases (patient_id, disease_name, status, diagnosed_date) VALUES (1143, 'Essential Hypertension', 'Active', NOW() - INTERVAL '5 years 8 months');
INSERT INTO patient_chronic_diseases (patient_id, disease_name, status, diagnosed_date) VALUES (1143, 'Chronic Low Back Pain', 'Active', NOW() - INTERVAL '7 years 4 months');
INSERT INTO prescriptions (id, patient_id, date, doctor_name, doctor_specialization, hospital_name, diagnosis, clinical_notes, follow_up_date) VALUES ('PRES-1144-1', 1144, NOW() - INTERVAL '16 days', 'Dr. Shahanaz Siddique', 'Pediatrics', 'Delta Hospital', 'Type 2 Diabetes Mellitus & Essential Hypertension', 'Patient presents with generalized weakness and occasional dizziness. Blood pressure and fasting blood glucose are elevated. Recommended strict dietary control, low salt, regular walking, and compliance with medications.', 'In 3 months with fasting blood sugar and lipid profile reports.');
INSERT INTO prescription_medicines (prescription_id, name, dosage, instruction, duration) VALUES ('PRES-1144-1', 'Tab. Metformin HCl 500mg', '1+0+1', 'After meals', '3 Months');
INSERT INTO prescription_medicines (prescription_id, name, dosage, instruction, duration) VALUES ('PRES-1144-1', 'Tab. Amlodipine 5mg', '0+0+1', 'At night before sleeping', '1 Month');
INSERT INTO prescription_medicines (prescription_id, name, dosage, instruction, duration) VALUES ('PRES-1144-1', 'Tab. Atorvastatin 10mg', '0+0+1', 'At night after dinner', '2 Months');
INSERT INTO lab_reports (id, patient_id, test_name, category, date, hospital_name, doctor_name, status, ai_interpretation) VALUES ('LAB-1144-1', 1144, 'Diabetes and Kidney Function Panel', 'Biochemistry', NOW() - INTERVAL '16 days', 'Delta Hospital', 'Dr. Shahanaz Siddique', 'Completed', 'Fasting Blood Glucose is high, indicating suboptimal glycemic control. Renal function (Creatinine) is normal. HbA1c should be monitored next visit.');
INSERT INTO lab_test_results (lab_report_id, parameter, value, unit, reference_range, status) VALUES ('LAB-1144-1', 'Fasting Blood Sugar (FBS)', '142', 'mg/dL', '70 - 100', 'High');
INSERT INTO lab_test_results (lab_report_id, parameter, value, unit, reference_range, status) VALUES ('LAB-1144-1', 'Serum Creatinine', '0.9', 'mg/dL', '0.6 - 1.2', 'Normal');
INSERT INTO lab_test_results (lab_report_id, parameter, value, unit, reference_range, status) VALUES ('LAB-1144-1', 'Blood Urea Nitrogen (BUN)', '14', 'mg/dL', '7 - 20', 'Normal');
INSERT INTO imaging_reports (id, patient_id, type, body_part, date, hospital_name, doctor_name, findings, impression) VALUES ('IMG-1144-1', 1144, 'Ultrasonography', 'Whole Abdomen', NOW() - INTERVAL '16 days', 'Delta Hospital', 'Dr. Shahanaz Siddique', 'Liver shows normal size but mildly increased parenchymal echotexture, suggestive of Grade-I Fatty Liver. Gallbladder, spleen, kidneys, and urinary bladder are normal in size and shape. No calculi or focal masses seen.', 'Mild Hepatomegaly with Grade-I Fatty Change (Fatty Liver).');
INSERT INTO prescriptions (id, patient_id, date, doctor_name, doctor_specialization, hospital_name, diagnosis, clinical_notes, follow_up_date) VALUES ('PRES-1144-2', 1144, NOW() - INTERVAL '11 days', 'Dr. Lipi Chowdhury', 'General Medicine', 'Chittagong Medical College', 'Gastroesophageal Reflux Disease (GERD)', 'Complains of burning sensation in the chest (heartburn), sour taste in the mouth, and upper abdominal pain after meals. Recommended avoiding spicy foods, sleeping with head elevated, and not lying down immediately after eating.', 'In 2 weeks.');
INSERT INTO prescription_medicines (prescription_id, name, dosage, instruction, duration) VALUES ('PRES-1144-2', 'Cap. Esomeprazole 20mg', '1+0+1', '30 minutes before breakfast & dinner', '1 Month');
INSERT INTO prescription_medicines (prescription_id, name, dosage, instruction, duration) VALUES ('PRES-1144-2', 'Tab. Domperidone 10mg', '1+1+1', '15 minutes before meals', '10 Days');
INSERT INTO prescription_medicines (prescription_id, name, dosage, instruction, duration) VALUES ('PRES-1144-2', 'Syr. Antacid', '2 spoonful', '1 hour after meals', '7 Days');
INSERT INTO lab_reports (id, patient_id, test_name, category, date, hospital_name, doctor_name, status, ai_interpretation) VALUES ('LAB-1144-2', 1144, 'H. Pylori Screening Panel', 'Serology', NOW() - INTERVAL '11 days', 'Chittagong Medical College', 'Dr. Lipi Chowdhury', 'Completed', 'H. Pylori antigen test is negative. Upper GI symptoms are likely due to lifestyle/acid reflux rather than active bacterial infection.');
INSERT INTO lab_test_results (lab_report_id, parameter, value, unit, reference_range, status) VALUES ('LAB-1144-2', 'H. Pylori Ag (Stool)', 'Negative', 'N/A', 'Negative', 'Normal');
INSERT INTO imaging_reports (id, patient_id, type, body_part, date, hospital_name, doctor_name, findings, impression) VALUES ('IMG-1144-2', 1144, 'Ultrasonography', 'Hepatobiliary System (HBS)', NOW() - INTERVAL '11 days', 'Chittagong Medical College', 'Dr. Lipi Chowdhury', 'Gallbladder is distended with normal wall thickness. No gallstones or sludge seen. Common bile duct and intrahepatic biliary channels are normal. Pancreas and spleen are normal.', 'Normal HBS scan. No gallstones detected.');
INSERT INTO patient_chronic_diseases (patient_id, disease_name, status, diagnosed_date) VALUES (1144, 'Gastroesophageal Reflux Disease (GERD)', 'Active', NOW() - INTERVAL '6 years 5 months');
INSERT INTO patient_chronic_diseases (patient_id, disease_name, status, diagnosed_date) VALUES (1144, 'Type 2 Diabetes Mellitus', 'Active', NOW() - INTERVAL '8 years 12 months');
INSERT INTO patient_chronic_diseases (patient_id, disease_name, status, diagnosed_date) VALUES (1144, 'Essential Hypertension', 'Active', NOW() - INTERVAL '10 years 3 months');
INSERT INTO patient_chronic_diseases (patient_id, disease_name, status, diagnosed_date) VALUES (1144, 'Chronic Low Back Pain', 'Active', NOW() - INTERVAL '3 years 12 months');
INSERT INTO prescriptions (id, patient_id, date, doctor_name, doctor_specialization, hospital_name, diagnosis, clinical_notes, follow_up_date) VALUES ('PRES-1145-1', 1145, NOW() - INTERVAL '1 days', 'Dr. Begum Siddique', 'Gastroenterology', 'Evercare Hospital', 'Gastroesophageal Reflux Disease (GERD)', 'Complains of burning sensation in the chest (heartburn), sour taste in the mouth, and upper abdominal pain after meals. Recommended avoiding spicy foods, sleeping with head elevated, and not lying down immediately after eating.', 'In 2 weeks.');
INSERT INTO prescription_medicines (prescription_id, name, dosage, instruction, duration) VALUES ('PRES-1145-1', 'Cap. Esomeprazole 20mg', '1+0+1', '30 minutes before breakfast & dinner', '1 Month');
INSERT INTO prescription_medicines (prescription_id, name, dosage, instruction, duration) VALUES ('PRES-1145-1', 'Tab. Domperidone 10mg', '1+1+1', '15 minutes before meals', '10 Days');
INSERT INTO prescription_medicines (prescription_id, name, dosage, instruction, duration) VALUES ('PRES-1145-1', 'Syr. Antacid', '2 spoonful', '1 hour after meals', '7 Days');
INSERT INTO lab_reports (id, patient_id, test_name, category, date, hospital_name, doctor_name, status, ai_interpretation) VALUES ('LAB-1145-1', 1145, 'H. Pylori Screening Panel', 'Serology', NOW() - INTERVAL '1 days', 'Evercare Hospital', 'Dr. Begum Siddique', 'Completed', 'H. Pylori antigen test is negative. Upper GI symptoms are likely due to lifestyle/acid reflux rather than active bacterial infection.');
INSERT INTO lab_test_results (lab_report_id, parameter, value, unit, reference_range, status) VALUES ('LAB-1145-1', 'H. Pylori Ag (Stool)', 'Negative', 'N/A', 'Negative', 'Normal');
INSERT INTO imaging_reports (id, patient_id, type, body_part, date, hospital_name, doctor_name, findings, impression) VALUES ('IMG-1145-1', 1145, 'Ultrasonography', 'Hepatobiliary System (HBS)', NOW() - INTERVAL '1 days', 'Evercare Hospital', 'Dr. Begum Siddique', 'Gallbladder is distended with normal wall thickness. No gallstones or sludge seen. Common bile duct and intrahepatic biliary channels are normal. Pancreas and spleen are normal.', 'Normal HBS scan. No gallstones detected.');
INSERT INTO prescriptions (id, patient_id, date, doctor_name, doctor_specialization, hospital_name, diagnosis, clinical_notes, follow_up_date) VALUES ('PRES-1145-2', 1145, NOW() - INTERVAL '8 days', 'Dr. Keya Rahman', 'Urology', 'Anwer Khan Modern Medical College Hospital', 'Type 2 Diabetes Mellitus & Essential Hypertension', 'Patient presents with generalized weakness and occasional dizziness. Blood pressure and fasting blood glucose are elevated. Recommended strict dietary control, low salt, regular walking, and compliance with medications.', 'In 3 months with fasting blood sugar and lipid profile reports.');
INSERT INTO prescription_medicines (prescription_id, name, dosage, instruction, duration) VALUES ('PRES-1145-2', 'Tab. Metformin HCl 500mg', '1+0+1', 'After meals', '3 Months');
INSERT INTO prescription_medicines (prescription_id, name, dosage, instruction, duration) VALUES ('PRES-1145-2', 'Tab. Amlodipine 5mg', '0+0+1', 'At night before sleeping', '1 Month');
INSERT INTO prescription_medicines (prescription_id, name, dosage, instruction, duration) VALUES ('PRES-1145-2', 'Tab. Atorvastatin 10mg', '0+0+1', 'At night after dinner', '2 Months');
INSERT INTO lab_reports (id, patient_id, test_name, category, date, hospital_name, doctor_name, status, ai_interpretation) VALUES ('LAB-1145-2', 1145, 'Diabetes and Kidney Function Panel', 'Biochemistry', NOW() - INTERVAL '8 days', 'Anwer Khan Modern Medical College Hospital', 'Dr. Keya Rahman', 'Completed', 'Fasting Blood Glucose is high, indicating suboptimal glycemic control. Renal function (Creatinine) is normal. HbA1c should be monitored next visit.');
INSERT INTO lab_test_results (lab_report_id, parameter, value, unit, reference_range, status) VALUES ('LAB-1145-2', 'Fasting Blood Sugar (FBS)', '142', 'mg/dL', '70 - 100', 'High');
INSERT INTO lab_test_results (lab_report_id, parameter, value, unit, reference_range, status) VALUES ('LAB-1145-2', 'Serum Creatinine', '0.9', 'mg/dL', '0.6 - 1.2', 'Normal');
INSERT INTO lab_test_results (lab_report_id, parameter, value, unit, reference_range, status) VALUES ('LAB-1145-2', 'Blood Urea Nitrogen (BUN)', '14', 'mg/dL', '7 - 20', 'Normal');
INSERT INTO imaging_reports (id, patient_id, type, body_part, date, hospital_name, doctor_name, findings, impression) VALUES ('IMG-1145-2', 1145, 'Ultrasonography', 'Whole Abdomen', NOW() - INTERVAL '8 days', 'Anwer Khan Modern Medical College Hospital', 'Dr. Keya Rahman', 'Liver shows normal size but mildly increased parenchymal echotexture, suggestive of Grade-I Fatty Liver. Gallbladder, spleen, kidneys, and urinary bladder are normal in size and shape. No calculi or focal masses seen.', 'Mild Hepatomegaly with Grade-I Fatty Change (Fatty Liver).');
INSERT INTO patient_chronic_diseases (patient_id, disease_name, status, diagnosed_date) VALUES (1145, 'Migraine', 'Active', NOW() - INTERVAL '3 years 6 months');
INSERT INTO patient_chronic_diseases (patient_id, disease_name, status, diagnosed_date) VALUES (1145, 'Gastroesophageal Reflux Disease (GERD)', 'Active', NOW() - INTERVAL '5 years 3 months');
INSERT INTO patient_chronic_diseases (patient_id, disease_name, status, diagnosed_date) VALUES (1145, 'Type 2 Diabetes Mellitus', 'Active', NOW() - INTERVAL '1 years 7 months');
INSERT INTO patient_chronic_diseases (patient_id, disease_name, status, diagnosed_date) VALUES (1145, 'Essential Hypertension', 'Active', NOW() - INTERVAL '4 years 4 months');
INSERT INTO prescriptions (id, patient_id, date, doctor_name, doctor_specialization, hospital_name, diagnosis, clinical_notes, follow_up_date) VALUES ('PRES-1146-1', 1146, NOW() - INTERVAL '10 days', 'Dr. Selim Hasan', 'General Medicine', 'Anwer Khan Modern Medical College Hospital', 'Type 2 Diabetes Mellitus & Essential Hypertension', 'Patient presents with generalized weakness and occasional dizziness. Blood pressure and fasting blood glucose are elevated. Recommended strict dietary control, low salt, regular walking, and compliance with medications.', 'In 3 months with fasting blood sugar and lipid profile reports.');
INSERT INTO prescription_medicines (prescription_id, name, dosage, instruction, duration) VALUES ('PRES-1146-1', 'Tab. Metformin HCl 500mg', '1+0+1', 'After meals', '3 Months');
INSERT INTO prescription_medicines (prescription_id, name, dosage, instruction, duration) VALUES ('PRES-1146-1', 'Tab. Amlodipine 5mg', '0+0+1', 'At night before sleeping', '1 Month');
INSERT INTO prescription_medicines (prescription_id, name, dosage, instruction, duration) VALUES ('PRES-1146-1', 'Tab. Atorvastatin 10mg', '0+0+1', 'At night after dinner', '2 Months');
INSERT INTO lab_reports (id, patient_id, test_name, category, date, hospital_name, doctor_name, status, ai_interpretation) VALUES ('LAB-1146-1', 1146, 'Diabetes and Kidney Function Panel', 'Biochemistry', NOW() - INTERVAL '10 days', 'Anwer Khan Modern Medical College Hospital', 'Dr. Selim Hasan', 'Completed', 'Fasting Blood Glucose is high, indicating suboptimal glycemic control. Renal function (Creatinine) is normal. HbA1c should be monitored next visit.');
INSERT INTO lab_test_results (lab_report_id, parameter, value, unit, reference_range, status) VALUES ('LAB-1146-1', 'Fasting Blood Sugar (FBS)', '142', 'mg/dL', '70 - 100', 'High');
INSERT INTO lab_test_results (lab_report_id, parameter, value, unit, reference_range, status) VALUES ('LAB-1146-1', 'Serum Creatinine', '0.9', 'mg/dL', '0.6 - 1.2', 'Normal');
INSERT INTO lab_test_results (lab_report_id, parameter, value, unit, reference_range, status) VALUES ('LAB-1146-1', 'Blood Urea Nitrogen (BUN)', '14', 'mg/dL', '7 - 20', 'Normal');
INSERT INTO imaging_reports (id, patient_id, type, body_part, date, hospital_name, doctor_name, findings, impression) VALUES ('IMG-1146-1', 1146, 'Ultrasonography', 'Whole Abdomen', NOW() - INTERVAL '10 days', 'Anwer Khan Modern Medical College Hospital', 'Dr. Selim Hasan', 'Liver shows normal size but mildly increased parenchymal echotexture, suggestive of Grade-I Fatty Liver. Gallbladder, spleen, kidneys, and urinary bladder are normal in size and shape. No calculi or focal masses seen.', 'Mild Hepatomegaly with Grade-I Fatty Change (Fatty Liver).');
INSERT INTO prescriptions (id, patient_id, date, doctor_name, doctor_specialization, hospital_name, diagnosis, clinical_notes, follow_up_date) VALUES ('PRES-1146-2', 1146, NOW() - INTERVAL '18 days', 'Dr. Salam Ali', 'Pulmonology', 'Apollo Imperial Hospital', 'Gastroesophageal Reflux Disease (GERD)', 'Complains of burning sensation in the chest (heartburn), sour taste in the mouth, and upper abdominal pain after meals. Recommended avoiding spicy foods, sleeping with head elevated, and not lying down immediately after eating.', 'In 2 weeks.');
INSERT INTO prescription_medicines (prescription_id, name, dosage, instruction, duration) VALUES ('PRES-1146-2', 'Cap. Esomeprazole 20mg', '1+0+1', '30 minutes before breakfast & dinner', '1 Month');
INSERT INTO prescription_medicines (prescription_id, name, dosage, instruction, duration) VALUES ('PRES-1146-2', 'Tab. Domperidone 10mg', '1+1+1', '15 minutes before meals', '10 Days');
INSERT INTO prescription_medicines (prescription_id, name, dosage, instruction, duration) VALUES ('PRES-1146-2', 'Syr. Antacid', '2 spoonful', '1 hour after meals', '7 Days');
INSERT INTO lab_reports (id, patient_id, test_name, category, date, hospital_name, doctor_name, status, ai_interpretation) VALUES ('LAB-1146-2', 1146, 'H. Pylori Screening Panel', 'Serology', NOW() - INTERVAL '18 days', 'Apollo Imperial Hospital', 'Dr. Salam Ali', 'Completed', 'H. Pylori antigen test is negative. Upper GI symptoms are likely due to lifestyle/acid reflux rather than active bacterial infection.');
INSERT INTO lab_test_results (lab_report_id, parameter, value, unit, reference_range, status) VALUES ('LAB-1146-2', 'H. Pylori Ag (Stool)', 'Negative', 'N/A', 'Negative', 'Normal');
INSERT INTO imaging_reports (id, patient_id, type, body_part, date, hospital_name, doctor_name, findings, impression) VALUES ('IMG-1146-2', 1146, 'Ultrasonography', 'Hepatobiliary System (HBS)', NOW() - INTERVAL '18 days', 'Apollo Imperial Hospital', 'Dr. Salam Ali', 'Gallbladder is distended with normal wall thickness. No gallstones or sludge seen. Common bile duct and intrahepatic biliary channels are normal. Pancreas and spleen are normal.', 'Normal HBS scan. No gallstones detected.');
INSERT INTO patient_chronic_diseases (patient_id, disease_name, status, diagnosed_date) VALUES (1146, 'Gastroesophageal Reflux Disease (GERD)', 'Active', NOW() - INTERVAL '10 years 1 months');
INSERT INTO patient_chronic_diseases (patient_id, disease_name, status, diagnosed_date) VALUES (1146, 'Type 2 Diabetes Mellitus', 'Active', NOW() - INTERVAL '7 years 12 months');
INSERT INTO patient_chronic_diseases (patient_id, disease_name, status, diagnosed_date) VALUES (1146, 'Essential Hypertension', 'Active', NOW() - INTERVAL '3 years 3 months');
INSERT INTO prescriptions (id, patient_id, date, doctor_name, doctor_specialization, hospital_name, diagnosis, clinical_notes, follow_up_date) VALUES ('PRES-1147-1', 1147, NOW() - INTERVAL '10 days', 'Dr. Helal Uddin', 'Gastroenterology', 'National Medical Center', 'Type 2 Diabetes Mellitus & Essential Hypertension', 'Patient presents with generalized weakness and occasional dizziness. Blood pressure and fasting blood glucose are elevated. Recommended strict dietary control, low salt, regular walking, and compliance with medications.', 'In 3 months with fasting blood sugar and lipid profile reports.');
INSERT INTO prescription_medicines (prescription_id, name, dosage, instruction, duration) VALUES ('PRES-1147-1', 'Tab. Metformin HCl 500mg', '1+0+1', 'After meals', '3 Months');
INSERT INTO prescription_medicines (prescription_id, name, dosage, instruction, duration) VALUES ('PRES-1147-1', 'Tab. Amlodipine 5mg', '0+0+1', 'At night before sleeping', '1 Month');
INSERT INTO prescription_medicines (prescription_id, name, dosage, instruction, duration) VALUES ('PRES-1147-1', 'Tab. Atorvastatin 10mg', '0+0+1', 'At night after dinner', '2 Months');
INSERT INTO lab_reports (id, patient_id, test_name, category, date, hospital_name, doctor_name, status, ai_interpretation) VALUES ('LAB-1147-1', 1147, 'Diabetes and Kidney Function Panel', 'Biochemistry', NOW() - INTERVAL '10 days', 'National Medical Center', 'Dr. Helal Uddin', 'Completed', 'Fasting Blood Glucose is high, indicating suboptimal glycemic control. Renal function (Creatinine) is normal. HbA1c should be monitored next visit.');
INSERT INTO lab_test_results (lab_report_id, parameter, value, unit, reference_range, status) VALUES ('LAB-1147-1', 'Fasting Blood Sugar (FBS)', '142', 'mg/dL', '70 - 100', 'High');
INSERT INTO lab_test_results (lab_report_id, parameter, value, unit, reference_range, status) VALUES ('LAB-1147-1', 'Serum Creatinine', '0.9', 'mg/dL', '0.6 - 1.2', 'Normal');
INSERT INTO lab_test_results (lab_report_id, parameter, value, unit, reference_range, status) VALUES ('LAB-1147-1', 'Blood Urea Nitrogen (BUN)', '14', 'mg/dL', '7 - 20', 'Normal');
INSERT INTO imaging_reports (id, patient_id, type, body_part, date, hospital_name, doctor_name, findings, impression) VALUES ('IMG-1147-1', 1147, 'Ultrasonography', 'Whole Abdomen', NOW() - INTERVAL '10 days', 'National Medical Center', 'Dr. Helal Uddin', 'Liver shows normal size but mildly increased parenchymal echotexture, suggestive of Grade-I Fatty Liver. Gallbladder, spleen, kidneys, and urinary bladder are normal in size and shape. No calculi or focal masses seen.', 'Mild Hepatomegaly with Grade-I Fatty Change (Fatty Liver).');
INSERT INTO patient_chronic_diseases (patient_id, disease_name, status, diagnosed_date) VALUES (1147, 'Type 2 Diabetes Mellitus', 'Active', NOW() - INTERVAL '3 years 1 months');
INSERT INTO patient_chronic_diseases (patient_id, disease_name, status, diagnosed_date) VALUES (1147, 'Essential Hypertension', 'Active', NOW() - INTERVAL '7 years 3 months');
INSERT INTO prescriptions (id, patient_id, date, doctor_name, doctor_specialization, hospital_name, diagnosis, clinical_notes, follow_up_date) VALUES ('PRES-1148-1', 1148, NOW() - INTERVAL '24 days', 'Dr. Al-Amin Ahmed', 'Orthopedics', 'Popular Diagnostic & Hospital', 'Gastroesophageal Reflux Disease (GERD)', 'Complains of burning sensation in the chest (heartburn), sour taste in the mouth, and upper abdominal pain after meals. Recommended avoiding spicy foods, sleeping with head elevated, and not lying down immediately after eating.', 'In 2 weeks.');
INSERT INTO prescription_medicines (prescription_id, name, dosage, instruction, duration) VALUES ('PRES-1148-1', 'Cap. Esomeprazole 20mg', '1+0+1', '30 minutes before breakfast & dinner', '1 Month');
INSERT INTO prescription_medicines (prescription_id, name, dosage, instruction, duration) VALUES ('PRES-1148-1', 'Tab. Domperidone 10mg', '1+1+1', '15 minutes before meals', '10 Days');
INSERT INTO prescription_medicines (prescription_id, name, dosage, instruction, duration) VALUES ('PRES-1148-1', 'Syr. Antacid', '2 spoonful', '1 hour after meals', '7 Days');
INSERT INTO lab_reports (id, patient_id, test_name, category, date, hospital_name, doctor_name, status, ai_interpretation) VALUES ('LAB-1148-1', 1148, 'H. Pylori Screening Panel', 'Serology', NOW() - INTERVAL '24 days', 'Popular Diagnostic & Hospital', 'Dr. Al-Amin Ahmed', 'Completed', 'H. Pylori antigen test is negative. Upper GI symptoms are likely due to lifestyle/acid reflux rather than active bacterial infection.');
INSERT INTO lab_test_results (lab_report_id, parameter, value, unit, reference_range, status) VALUES ('LAB-1148-1', 'H. Pylori Ag (Stool)', 'Negative', 'N/A', 'Negative', 'Normal');
INSERT INTO imaging_reports (id, patient_id, type, body_part, date, hospital_name, doctor_name, findings, impression) VALUES ('IMG-1148-1', 1148, 'Ultrasonography', 'Hepatobiliary System (HBS)', NOW() - INTERVAL '24 days', 'Popular Diagnostic & Hospital', 'Dr. Al-Amin Ahmed', 'Gallbladder is distended with normal wall thickness. No gallstones or sludge seen. Common bile duct and intrahepatic biliary channels are normal. Pancreas and spleen are normal.', 'Normal HBS scan. No gallstones detected.');
INSERT INTO prescriptions (id, patient_id, date, doctor_name, doctor_specialization, hospital_name, diagnosis, clinical_notes, follow_up_date) VALUES ('PRES-1148-2', 1148, NOW() - INTERVAL '8 days', 'Dr. Poly Talukder', 'Psychiatry', 'Square Hospitals Ltd.', 'Acute Bronchitis & suspected Asthma', 'Cough with sputum, shortness of breath, and chest tightness for 5 days. Wheezing heard on auscultation. Advised avoiding cold drinks, dust, and using inhaler correctly.', 'In 10 days for review of symptoms.');
INSERT INTO prescription_medicines (prescription_id, name, dosage, instruction, duration) VALUES ('PRES-1148-2', 'Tab. Azithromycin 500mg', '1+0+0', '1 hour before food', '5 Days');
INSERT INTO prescription_medicines (prescription_id, name, dosage, instruction, duration) VALUES ('PRES-1148-2', 'Tab. Montelukast 10mg', '0+0+1', 'At night', '14 Days');
INSERT INTO prescription_medicines (prescription_id, name, dosage, instruction, duration) VALUES ('PRES-1148-2', 'Inhaler Salbutamol 100mcg', '2 Puffs', 'As needed (when short of breath)', 'As needed');
INSERT INTO lab_reports (id, patient_id, test_name, category, date, hospital_name, doctor_name, status, ai_interpretation) VALUES ('LAB-1148-2', 1148, 'Complete Blood Count (CBC)', 'Hematology', NOW() - INTERVAL '8 days', 'Square Hospitals Ltd.', 'Dr. Poly Talukder', 'Completed', 'Mild leukocytosis observed, consistent with active respiratory tract infection. Eosinophil counts are slightly elevated, which could point to an allergic component (Asthma).');
INSERT INTO lab_test_results (lab_report_id, parameter, value, unit, reference_range, status) VALUES ('LAB-1148-2', 'Total WBC Count', '11.2', 'x10^9/L', '4.0 - 11.0', 'High');
INSERT INTO lab_test_results (lab_report_id, parameter, value, unit, reference_range, status) VALUES ('LAB-1148-2', 'Hemoglobin (Hb)', '14.5', 'g/dL', '13.5 - 17.5', 'Normal');
INSERT INTO lab_test_results (lab_report_id, parameter, value, unit, reference_range, status) VALUES ('LAB-1148-2', 'Eosinophils', '7', '%', '1 - 6', 'High');
INSERT INTO imaging_reports (id, patient_id, type, body_part, date, hospital_name, doctor_name, findings, impression) VALUES ('IMG-1148-2', 1148, 'X-Ray', 'Chest (P/A View)', NOW() - INTERVAL '8 days', 'Square Hospitals Ltd.', 'Dr. Poly Talukder', 'Lungs are hyperinflated. Increased bronchovascular markings seen bilaterally. Both costophrenic angles are clear. Heart size and shape are normal. Bony thorax and dome of diaphragms are intact.', 'Findings are suggestive of Acute Bronchitic changes. No consolidation or pleural effusion.');
INSERT INTO patient_allergies (patient_id, allergen, severity, reaction) VALUES (1148, 'Dust Mites', 'Moderate', 'Sneezing and coughing');
INSERT INTO patient_allergies (patient_id, allergen, severity, reaction) VALUES (1148, 'Pollen', 'Low', 'Runny nose');
INSERT INTO patient_chronic_diseases (patient_id, disease_name, status, diagnosed_date) VALUES (1148, 'Gastroesophageal Reflux Disease (GERD)', 'Active', NOW() - INTERVAL '9 years 7 months');
INSERT INTO patient_chronic_diseases (patient_id, disease_name, status, diagnosed_date) VALUES (1148, 'Bronchial Asthma', 'Controlled', NOW() - INTERVAL '1 years 9 months');
INSERT INTO prescriptions (id, patient_id, date, doctor_name, doctor_specialization, hospital_name, diagnosis, clinical_notes, follow_up_date) VALUES ('PRES-1149-1', 1149, NOW() - INTERVAL '2 days', 'Dr. Poly Talukder', 'Psychiatry', 'Square Hospitals Ltd.', 'Type 2 Diabetes Mellitus & Essential Hypertension', 'Patient presents with generalized weakness and occasional dizziness. Blood pressure and fasting blood glucose are elevated. Recommended strict dietary control, low salt, regular walking, and compliance with medications.', 'In 3 months with fasting blood sugar and lipid profile reports.');
INSERT INTO prescription_medicines (prescription_id, name, dosage, instruction, duration) VALUES ('PRES-1149-1', 'Tab. Metformin HCl 500mg', '1+0+1', 'After meals', '3 Months');
INSERT INTO prescription_medicines (prescription_id, name, dosage, instruction, duration) VALUES ('PRES-1149-1', 'Tab. Amlodipine 5mg', '0+0+1', 'At night before sleeping', '1 Month');
INSERT INTO prescription_medicines (prescription_id, name, dosage, instruction, duration) VALUES ('PRES-1149-1', 'Tab. Atorvastatin 10mg', '0+0+1', 'At night after dinner', '2 Months');
INSERT INTO lab_reports (id, patient_id, test_name, category, date, hospital_name, doctor_name, status, ai_interpretation) VALUES ('LAB-1149-1', 1149, 'Diabetes and Kidney Function Panel', 'Biochemistry', NOW() - INTERVAL '2 days', 'Square Hospitals Ltd.', 'Dr. Poly Talukder', 'Completed', 'Fasting Blood Glucose is high, indicating suboptimal glycemic control. Renal function (Creatinine) is normal. HbA1c should be monitored next visit.');
INSERT INTO lab_test_results (lab_report_id, parameter, value, unit, reference_range, status) VALUES ('LAB-1149-1', 'Fasting Blood Sugar (FBS)', '142', 'mg/dL', '70 - 100', 'High');
INSERT INTO lab_test_results (lab_report_id, parameter, value, unit, reference_range, status) VALUES ('LAB-1149-1', 'Serum Creatinine', '0.9', 'mg/dL', '0.6 - 1.2', 'Normal');
INSERT INTO lab_test_results (lab_report_id, parameter, value, unit, reference_range, status) VALUES ('LAB-1149-1', 'Blood Urea Nitrogen (BUN)', '14', 'mg/dL', '7 - 20', 'Normal');
INSERT INTO imaging_reports (id, patient_id, type, body_part, date, hospital_name, doctor_name, findings, impression) VALUES ('IMG-1149-1', 1149, 'Ultrasonography', 'Whole Abdomen', NOW() - INTERVAL '2 days', 'Square Hospitals Ltd.', 'Dr. Poly Talukder', 'Liver shows normal size but mildly increased parenchymal echotexture, suggestive of Grade-I Fatty Liver. Gallbladder, spleen, kidneys, and urinary bladder are normal in size and shape. No calculi or focal masses seen.', 'Mild Hepatomegaly with Grade-I Fatty Change (Fatty Liver).');
INSERT INTO prescriptions (id, patient_id, date, doctor_name, doctor_specialization, hospital_name, diagnosis, clinical_notes, follow_up_date) VALUES ('PRES-1149-2', 1149, NOW() - INTERVAL '13 days', 'Dr. Simin Siddique', 'Urology', 'Kurmitola General Hospital', 'Bilateral Osteoarthritis of Knee Joints', 'Pain, stiffness, and cracking sounds in both knees for the last 6 months, worse in the mornings and after sitting. Advised hot compression, avoidance of sitting on floor/squatting, and moderate knee exercises.', 'In 1 Month.');
INSERT INTO prescription_medicines (prescription_id, name, dosage, instruction, duration) VALUES ('PRES-1149-2', 'Tab. Naproxen 500mg', '1+0+1', 'After meals (only when pain is high)', '7 Days');
INSERT INTO prescription_medicines (prescription_id, name, dosage, instruction, duration) VALUES ('PRES-1149-2', 'Cap. Glucosamine + Chondroitin', '1+0+1', 'After meals', '2 Months');
INSERT INTO prescription_medicines (prescription_id, name, dosage, instruction, duration) VALUES ('PRES-1149-2', 'Tab. Omeprazole 20mg', '1+0+1', 'Before breakfast & dinner', '1 Month');
INSERT INTO lab_reports (id, patient_id, test_name, category, date, hospital_name, doctor_name, status, ai_interpretation) VALUES ('LAB-1149-2', 1149, 'Arthritis & Rheumatology Profile', 'Serology', NOW() - INTERVAL '13 days', 'Kurmitola General Hospital', 'Dr. Simin Siddique', 'Completed', 'Uric acid level is slightly elevated, but Rheumatoid Factor is negative, suggesting OA rather than Gout or Rheumatoid Arthritis.');
INSERT INTO lab_test_results (lab_report_id, parameter, value, unit, reference_range, status) VALUES ('LAB-1149-2', 'Serum Uric Acid', '7.5', 'mg/dL', '3.5 - 7.2', 'High');
INSERT INTO lab_test_results (lab_report_id, parameter, value, unit, reference_range, status) VALUES ('LAB-1149-2', 'Rheumatoid Factor (RF)', '8', 'IU/mL', '< 14', 'Normal');
INSERT INTO lab_test_results (lab_report_id, parameter, value, unit, reference_range, status) VALUES ('LAB-1149-2', 'C-Reactive Protein (CRP)', '4.2', 'mg/L', '< 5.0', 'Normal');
INSERT INTO imaging_reports (id, patient_id, type, body_part, date, hospital_name, doctor_name, findings, impression) VALUES ('IMG-1149-2', 1149, 'X-Ray', 'Bilateral Knee Joints (AP & Lateral)', NOW() - INTERVAL '13 days', 'Kurmitola General Hospital', 'Dr. Simin Siddique', 'Narrowing of the medial joint spaces in both knees. Subchondral sclerosis and osteophyte formation are noted along the margins of both joint surfaces. No joint effusion or fracture.', 'Radiological features of Bilateral Osteoarthritis of Knees (Grade-II).');
INSERT INTO patient_chronic_diseases (patient_id, disease_name, status, diagnosed_date) VALUES (1149, 'Osteoarthritis', 'Active', NOW() - INTERVAL '4 years 11 months');
INSERT INTO patient_chronic_diseases (patient_id, disease_name, status, diagnosed_date) VALUES (1149, 'Type 2 Diabetes Mellitus', 'Active', NOW() - INTERVAL '7 years 7 months');
INSERT INTO patient_chronic_diseases (patient_id, disease_name, status, diagnosed_date) VALUES (1149, 'Essential Hypertension', 'Active', NOW() - INTERVAL '6 years 2 months');
INSERT INTO prescriptions (id, patient_id, date, doctor_name, doctor_specialization, hospital_name, diagnosis, clinical_notes, follow_up_date) VALUES ('PRES-1150-1', 1150, NOW() - INTERVAL '21 days', 'Dr. Rahim Akter', 'General Surgery', 'Apollo Imperial Hospital', 'Gastroesophageal Reflux Disease (GERD)', 'Complains of burning sensation in the chest (heartburn), sour taste in the mouth, and upper abdominal pain after meals. Recommended avoiding spicy foods, sleeping with head elevated, and not lying down immediately after eating.', 'In 2 weeks.');
INSERT INTO prescription_medicines (prescription_id, name, dosage, instruction, duration) VALUES ('PRES-1150-1', 'Cap. Esomeprazole 20mg', '1+0+1', '30 minutes before breakfast & dinner', '1 Month');
INSERT INTO prescription_medicines (prescription_id, name, dosage, instruction, duration) VALUES ('PRES-1150-1', 'Tab. Domperidone 10mg', '1+1+1', '15 minutes before meals', '10 Days');
INSERT INTO prescription_medicines (prescription_id, name, dosage, instruction, duration) VALUES ('PRES-1150-1', 'Syr. Antacid', '2 spoonful', '1 hour after meals', '7 Days');
INSERT INTO lab_reports (id, patient_id, test_name, category, date, hospital_name, doctor_name, status, ai_interpretation) VALUES ('LAB-1150-1', 1150, 'H. Pylori Screening Panel', 'Serology', NOW() - INTERVAL '21 days', 'Apollo Imperial Hospital', 'Dr. Rahim Akter', 'Completed', 'H. Pylori antigen test is negative. Upper GI symptoms are likely due to lifestyle/acid reflux rather than active bacterial infection.');
INSERT INTO lab_test_results (lab_report_id, parameter, value, unit, reference_range, status) VALUES ('LAB-1150-1', 'H. Pylori Ag (Stool)', 'Negative', 'N/A', 'Negative', 'Normal');
INSERT INTO imaging_reports (id, patient_id, type, body_part, date, hospital_name, doctor_name, findings, impression) VALUES ('IMG-1150-1', 1150, 'Ultrasonography', 'Hepatobiliary System (HBS)', NOW() - INTERVAL '21 days', 'Apollo Imperial Hospital', 'Dr. Rahim Akter', 'Gallbladder is distended with normal wall thickness. No gallstones or sludge seen. Common bile duct and intrahepatic biliary channels are normal. Pancreas and spleen are normal.', 'Normal HBS scan. No gallstones detected.');
INSERT INTO prescriptions (id, patient_id, date, doctor_name, doctor_specialization, hospital_name, diagnosis, clinical_notes, follow_up_date) VALUES ('PRES-1150-2', 1150, NOW() - INTERVAL '30 days', 'Dr. Monir Ali', 'Gastroenterology', 'Ibn Sina Medical College', 'Acute Bronchitis & suspected Asthma', 'Cough with sputum, shortness of breath, and chest tightness for 5 days. Wheezing heard on auscultation. Advised avoiding cold drinks, dust, and using inhaler correctly.', 'In 10 days for review of symptoms.');
INSERT INTO prescription_medicines (prescription_id, name, dosage, instruction, duration) VALUES ('PRES-1150-2', 'Tab. Azithromycin 500mg', '1+0+0', '1 hour before food', '5 Days');
INSERT INTO prescription_medicines (prescription_id, name, dosage, instruction, duration) VALUES ('PRES-1150-2', 'Tab. Montelukast 10mg', '0+0+1', 'At night', '14 Days');
INSERT INTO prescription_medicines (prescription_id, name, dosage, instruction, duration) VALUES ('PRES-1150-2', 'Inhaler Salbutamol 100mcg', '2 Puffs', 'As needed (when short of breath)', 'As needed');
INSERT INTO lab_reports (id, patient_id, test_name, category, date, hospital_name, doctor_name, status, ai_interpretation) VALUES ('LAB-1150-2', 1150, 'Complete Blood Count (CBC)', 'Hematology', NOW() - INTERVAL '30 days', 'Ibn Sina Medical College', 'Dr. Monir Ali', 'Completed', 'Mild leukocytosis observed, consistent with active respiratory tract infection. Eosinophil counts are slightly elevated, which could point to an allergic component (Asthma).');
INSERT INTO lab_test_results (lab_report_id, parameter, value, unit, reference_range, status) VALUES ('LAB-1150-2', 'Total WBC Count', '11.2', 'x10^9/L', '4.0 - 11.0', 'High');
INSERT INTO lab_test_results (lab_report_id, parameter, value, unit, reference_range, status) VALUES ('LAB-1150-2', 'Hemoglobin (Hb)', '14.5', 'g/dL', '13.5 - 17.5', 'Normal');
INSERT INTO lab_test_results (lab_report_id, parameter, value, unit, reference_range, status) VALUES ('LAB-1150-2', 'Eosinophils', '7', '%', '1 - 6', 'High');
INSERT INTO imaging_reports (id, patient_id, type, body_part, date, hospital_name, doctor_name, findings, impression) VALUES ('IMG-1150-2', 1150, 'X-Ray', 'Chest (P/A View)', NOW() - INTERVAL '30 days', 'Ibn Sina Medical College', 'Dr. Monir Ali', 'Lungs are hyperinflated. Increased bronchovascular markings seen bilaterally. Both costophrenic angles are clear. Heart size and shape are normal. Bony thorax and dome of diaphragms are intact.', 'Findings are suggestive of Acute Bronchitic changes. No consolidation or pleural effusion.');
INSERT INTO patient_allergies (patient_id, allergen, severity, reaction) VALUES (1150, 'Penicillin', 'High', 'Anaphylactic shock and skin hives');
INSERT INTO patient_allergies (patient_id, allergen, severity, reaction) VALUES (1150, 'Dust Mites', 'Moderate', 'Sneezing and coughing');
INSERT INTO patient_allergies (patient_id, allergen, severity, reaction) VALUES (1150, 'Pollen', 'Low', 'Runny nose');
INSERT INTO patient_chronic_diseases (patient_id, disease_name, status, diagnosed_date) VALUES (1150, 'Gastroesophageal Reflux Disease (GERD)', 'Active', NOW() - INTERVAL '3 years 5 months');
INSERT INTO patient_chronic_diseases (patient_id, disease_name, status, diagnosed_date) VALUES (1150, 'Chronic Low Back Pain', 'Active', NOW() - INTERVAL '1 years 7 months');
INSERT INTO patient_chronic_diseases (patient_id, disease_name, status, diagnosed_date) VALUES (1150, 'Bronchial Asthma', 'Controlled', NOW() - INTERVAL '8 years 2 months');
INSERT INTO prescriptions (id, patient_id, date, doctor_name, doctor_specialization, hospital_name, diagnosis, clinical_notes, follow_up_date) VALUES ('PRES-1151-1', 1151, NOW() - INTERVAL '16 days', 'Dr. Sadia Siddique', 'Endocrinology & Diabetology', 'Delta Hospital', 'Gastroesophageal Reflux Disease (GERD)', 'Complains of burning sensation in the chest (heartburn), sour taste in the mouth, and upper abdominal pain after meals. Recommended avoiding spicy foods, sleeping with head elevated, and not lying down immediately after eating.', 'In 2 weeks.');
INSERT INTO prescription_medicines (prescription_id, name, dosage, instruction, duration) VALUES ('PRES-1151-1', 'Cap. Esomeprazole 20mg', '1+0+1', '30 minutes before breakfast & dinner', '1 Month');
INSERT INTO prescription_medicines (prescription_id, name, dosage, instruction, duration) VALUES ('PRES-1151-1', 'Tab. Domperidone 10mg', '1+1+1', '15 minutes before meals', '10 Days');
INSERT INTO prescription_medicines (prescription_id, name, dosage, instruction, duration) VALUES ('PRES-1151-1', 'Syr. Antacid', '2 spoonful', '1 hour after meals', '7 Days');
INSERT INTO lab_reports (id, patient_id, test_name, category, date, hospital_name, doctor_name, status, ai_interpretation) VALUES ('LAB-1151-1', 1151, 'H. Pylori Screening Panel', 'Serology', NOW() - INTERVAL '16 days', 'Delta Hospital', 'Dr. Sadia Siddique', 'Completed', 'H. Pylori antigen test is negative. Upper GI symptoms are likely due to lifestyle/acid reflux rather than active bacterial infection.');
INSERT INTO lab_test_results (lab_report_id, parameter, value, unit, reference_range, status) VALUES ('LAB-1151-1', 'H. Pylori Ag (Stool)', 'Negative', 'N/A', 'Negative', 'Normal');
INSERT INTO imaging_reports (id, patient_id, type, body_part, date, hospital_name, doctor_name, findings, impression) VALUES ('IMG-1151-1', 1151, 'Ultrasonography', 'Hepatobiliary System (HBS)', NOW() - INTERVAL '16 days', 'Delta Hospital', 'Dr. Sadia Siddique', 'Gallbladder is distended with normal wall thickness. No gallstones or sludge seen. Common bile duct and intrahepatic biliary channels are normal. Pancreas and spleen are normal.', 'Normal HBS scan. No gallstones detected.');
INSERT INTO prescriptions (id, patient_id, date, doctor_name, doctor_specialization, hospital_name, diagnosis, clinical_notes, follow_up_date) VALUES ('PRES-1151-2', 1151, NOW() - INTERVAL '8 days', 'Dr. Rashed Siddique', 'Gynaecology & Obstetrics', 'Jashore General Hospital', 'Bilateral Osteoarthritis of Knee Joints', 'Pain, stiffness, and cracking sounds in both knees for the last 6 months, worse in the mornings and after sitting. Advised hot compression, avoidance of sitting on floor/squatting, and moderate knee exercises.', 'In 1 Month.');
INSERT INTO prescription_medicines (prescription_id, name, dosage, instruction, duration) VALUES ('PRES-1151-2', 'Tab. Naproxen 500mg', '1+0+1', 'After meals (only when pain is high)', '7 Days');
INSERT INTO prescription_medicines (prescription_id, name, dosage, instruction, duration) VALUES ('PRES-1151-2', 'Cap. Glucosamine + Chondroitin', '1+0+1', 'After meals', '2 Months');
INSERT INTO prescription_medicines (prescription_id, name, dosage, instruction, duration) VALUES ('PRES-1151-2', 'Tab. Omeprazole 20mg', '1+0+1', 'Before breakfast & dinner', '1 Month');
INSERT INTO lab_reports (id, patient_id, test_name, category, date, hospital_name, doctor_name, status, ai_interpretation) VALUES ('LAB-1151-2', 1151, 'Arthritis & Rheumatology Profile', 'Serology', NOW() - INTERVAL '8 days', 'Jashore General Hospital', 'Dr. Rashed Siddique', 'Completed', 'Uric acid level is slightly elevated, but Rheumatoid Factor is negative, suggesting OA rather than Gout or Rheumatoid Arthritis.');
INSERT INTO lab_test_results (lab_report_id, parameter, value, unit, reference_range, status) VALUES ('LAB-1151-2', 'Serum Uric Acid', '7.5', 'mg/dL', '3.5 - 7.2', 'High');
INSERT INTO lab_test_results (lab_report_id, parameter, value, unit, reference_range, status) VALUES ('LAB-1151-2', 'Rheumatoid Factor (RF)', '8', 'IU/mL', '< 14', 'Normal');
INSERT INTO lab_test_results (lab_report_id, parameter, value, unit, reference_range, status) VALUES ('LAB-1151-2', 'C-Reactive Protein (CRP)', '4.2', 'mg/L', '< 5.0', 'Normal');
INSERT INTO imaging_reports (id, patient_id, type, body_part, date, hospital_name, doctor_name, findings, impression) VALUES ('IMG-1151-2', 1151, 'X-Ray', 'Bilateral Knee Joints (AP & Lateral)', NOW() - INTERVAL '8 days', 'Jashore General Hospital', 'Dr. Rashed Siddique', 'Narrowing of the medial joint spaces in both knees. Subchondral sclerosis and osteophyte formation are noted along the margins of both joint surfaces. No joint effusion or fracture.', 'Radiological features of Bilateral Osteoarthritis of Knees (Grade-II).');
INSERT INTO patient_chronic_diseases (patient_id, disease_name, status, diagnosed_date) VALUES (1151, 'Osteoarthritis', 'Active', NOW() - INTERVAL '8 years 8 months');
INSERT INTO patient_chronic_diseases (patient_id, disease_name, status, diagnosed_date) VALUES (1151, 'Gastroesophageal Reflux Disease (GERD)', 'Active', NOW() - INTERVAL '6 years 11 months');
INSERT INTO prescriptions (id, patient_id, date, doctor_name, doctor_specialization, hospital_name, diagnosis, clinical_notes, follow_up_date) VALUES ('PRES-1152-1', 1152, NOW() - INTERVAL '20 days', 'Dr. Sadia Siddique', 'Endocrinology & Diabetology', 'Delta Hospital', 'Acute Bronchitis & suspected Asthma', 'Cough with sputum, shortness of breath, and chest tightness for 5 days. Wheezing heard on auscultation. Advised avoiding cold drinks, dust, and using inhaler correctly.', 'In 10 days for review of symptoms.');
INSERT INTO prescription_medicines (prescription_id, name, dosage, instruction, duration) VALUES ('PRES-1152-1', 'Tab. Azithromycin 500mg', '1+0+0', '1 hour before food', '5 Days');
INSERT INTO prescription_medicines (prescription_id, name, dosage, instruction, duration) VALUES ('PRES-1152-1', 'Tab. Montelukast 10mg', '0+0+1', 'At night', '14 Days');
INSERT INTO prescription_medicines (prescription_id, name, dosage, instruction, duration) VALUES ('PRES-1152-1', 'Inhaler Salbutamol 100mcg', '2 Puffs', 'As needed (when short of breath)', 'As needed');
INSERT INTO lab_reports (id, patient_id, test_name, category, date, hospital_name, doctor_name, status, ai_interpretation) VALUES ('LAB-1152-1', 1152, 'Complete Blood Count (CBC)', 'Hematology', NOW() - INTERVAL '20 days', 'Delta Hospital', 'Dr. Sadia Siddique', 'Completed', 'Mild leukocytosis observed, consistent with active respiratory tract infection. Eosinophil counts are slightly elevated, which could point to an allergic component (Asthma).');
INSERT INTO lab_test_results (lab_report_id, parameter, value, unit, reference_range, status) VALUES ('LAB-1152-1', 'Total WBC Count', '11.2', 'x10^9/L', '4.0 - 11.0', 'High');
INSERT INTO lab_test_results (lab_report_id, parameter, value, unit, reference_range, status) VALUES ('LAB-1152-1', 'Hemoglobin (Hb)', '14.5', 'g/dL', '13.5 - 17.5', 'Normal');
INSERT INTO lab_test_results (lab_report_id, parameter, value, unit, reference_range, status) VALUES ('LAB-1152-1', 'Eosinophils', '7', '%', '1 - 6', 'High');
INSERT INTO imaging_reports (id, patient_id, type, body_part, date, hospital_name, doctor_name, findings, impression) VALUES ('IMG-1152-1', 1152, 'X-Ray', 'Chest (P/A View)', NOW() - INTERVAL '20 days', 'Delta Hospital', 'Dr. Sadia Siddique', 'Lungs are hyperinflated. Increased bronchovascular markings seen bilaterally. Both costophrenic angles are clear. Heart size and shape are normal. Bony thorax and dome of diaphragms are intact.', 'Findings are suggestive of Acute Bronchitic changes. No consolidation or pleural effusion.');
INSERT INTO patient_allergies (patient_id, allergen, severity, reaction) VALUES (1152, 'Dust Mites', 'Moderate', 'Sneezing and coughing');
INSERT INTO patient_allergies (patient_id, allergen, severity, reaction) VALUES (1152, 'Pollen', 'Low', 'Runny nose');
INSERT INTO patient_allergies (patient_id, allergen, severity, reaction) VALUES (1152, 'Shellfish', 'High', 'Severe hives and dyspnea');
INSERT INTO patient_chronic_diseases (patient_id, disease_name, status, diagnosed_date) VALUES (1152, 'Hyperlipidemia', 'Active', NOW() - INTERVAL '4 years 5 months');
INSERT INTO patient_chronic_diseases (patient_id, disease_name, status, diagnosed_date) VALUES (1152, 'Bronchial Asthma', 'Controlled', NOW() - INTERVAL '2 years 4 months');
INSERT INTO prescriptions (id, patient_id, date, doctor_name, doctor_specialization, hospital_name, diagnosis, clinical_notes, follow_up_date) VALUES ('PRES-1153-1', 1153, NOW() - INTERVAL '28 days', 'Dr. Parveen Chowdhury', 'General Medicine', 'BSMMU (PG Hospital)', 'Bilateral Osteoarthritis of Knee Joints', 'Pain, stiffness, and cracking sounds in both knees for the last 6 months, worse in the mornings and after sitting. Advised hot compression, avoidance of sitting on floor/squatting, and moderate knee exercises.', 'In 1 Month.');
INSERT INTO prescription_medicines (prescription_id, name, dosage, instruction, duration) VALUES ('PRES-1153-1', 'Tab. Naproxen 500mg', '1+0+1', 'After meals (only when pain is high)', '7 Days');
INSERT INTO prescription_medicines (prescription_id, name, dosage, instruction, duration) VALUES ('PRES-1153-1', 'Cap. Glucosamine + Chondroitin', '1+0+1', 'After meals', '2 Months');
INSERT INTO prescription_medicines (prescription_id, name, dosage, instruction, duration) VALUES ('PRES-1153-1', 'Tab. Omeprazole 20mg', '1+0+1', 'Before breakfast & dinner', '1 Month');
INSERT INTO lab_reports (id, patient_id, test_name, category, date, hospital_name, doctor_name, status, ai_interpretation) VALUES ('LAB-1153-1', 1153, 'Arthritis & Rheumatology Profile', 'Serology', NOW() - INTERVAL '28 days', 'BSMMU (PG Hospital)', 'Dr. Parveen Chowdhury', 'Completed', 'Uric acid level is slightly elevated, but Rheumatoid Factor is negative, suggesting OA rather than Gout or Rheumatoid Arthritis.');
INSERT INTO lab_test_results (lab_report_id, parameter, value, unit, reference_range, status) VALUES ('LAB-1153-1', 'Serum Uric Acid', '7.5', 'mg/dL', '3.5 - 7.2', 'High');
INSERT INTO lab_test_results (lab_report_id, parameter, value, unit, reference_range, status) VALUES ('LAB-1153-1', 'Rheumatoid Factor (RF)', '8', 'IU/mL', '< 14', 'Normal');
INSERT INTO lab_test_results (lab_report_id, parameter, value, unit, reference_range, status) VALUES ('LAB-1153-1', 'C-Reactive Protein (CRP)', '4.2', 'mg/L', '< 5.0', 'Normal');
INSERT INTO imaging_reports (id, patient_id, type, body_part, date, hospital_name, doctor_name, findings, impression) VALUES ('IMG-1153-1', 1153, 'X-Ray', 'Bilateral Knee Joints (AP & Lateral)', NOW() - INTERVAL '28 days', 'BSMMU (PG Hospital)', 'Dr. Parveen Chowdhury', 'Narrowing of the medial joint spaces in both knees. Subchondral sclerosis and osteophyte formation are noted along the margins of both joint surfaces. No joint effusion or fracture.', 'Radiological features of Bilateral Osteoarthritis of Knees (Grade-II).');
INSERT INTO prescriptions (id, patient_id, date, doctor_name, doctor_specialization, hospital_name, diagnosis, clinical_notes, follow_up_date) VALUES ('PRES-1153-2', 1153, NOW() - INTERVAL '27 days', 'Dr. Shilpi Siddique', 'Urology', 'Kurmitola General Hospital', 'Acute Bronchitis & suspected Asthma', 'Cough with sputum, shortness of breath, and chest tightness for 5 days. Wheezing heard on auscultation. Advised avoiding cold drinks, dust, and using inhaler correctly.', 'In 10 days for review of symptoms.');
INSERT INTO prescription_medicines (prescription_id, name, dosage, instruction, duration) VALUES ('PRES-1153-2', 'Tab. Azithromycin 500mg', '1+0+0', '1 hour before food', '5 Days');
INSERT INTO prescription_medicines (prescription_id, name, dosage, instruction, duration) VALUES ('PRES-1153-2', 'Tab. Montelukast 10mg', '0+0+1', 'At night', '14 Days');
INSERT INTO prescription_medicines (prescription_id, name, dosage, instruction, duration) VALUES ('PRES-1153-2', 'Inhaler Salbutamol 100mcg', '2 Puffs', 'As needed (when short of breath)', 'As needed');
INSERT INTO lab_reports (id, patient_id, test_name, category, date, hospital_name, doctor_name, status, ai_interpretation) VALUES ('LAB-1153-2', 1153, 'Complete Blood Count (CBC)', 'Hematology', NOW() - INTERVAL '27 days', 'Kurmitola General Hospital', 'Dr. Shilpi Siddique', 'Completed', 'Mild leukocytosis observed, consistent with active respiratory tract infection. Eosinophil counts are slightly elevated, which could point to an allergic component (Asthma).');
INSERT INTO lab_test_results (lab_report_id, parameter, value, unit, reference_range, status) VALUES ('LAB-1153-2', 'Total WBC Count', '11.2', 'x10^9/L', '4.0 - 11.0', 'High');
INSERT INTO lab_test_results (lab_report_id, parameter, value, unit, reference_range, status) VALUES ('LAB-1153-2', 'Hemoglobin (Hb)', '14.5', 'g/dL', '13.5 - 17.5', 'Normal');
INSERT INTO lab_test_results (lab_report_id, parameter, value, unit, reference_range, status) VALUES ('LAB-1153-2', 'Eosinophils', '7', '%', '1 - 6', 'High');
INSERT INTO imaging_reports (id, patient_id, type, body_part, date, hospital_name, doctor_name, findings, impression) VALUES ('IMG-1153-2', 1153, 'X-Ray', 'Chest (P/A View)', NOW() - INTERVAL '27 days', 'Kurmitola General Hospital', 'Dr. Shilpi Siddique', 'Lungs are hyperinflated. Increased bronchovascular markings seen bilaterally. Both costophrenic angles are clear. Heart size and shape are normal. Bony thorax and dome of diaphragms are intact.', 'Findings are suggestive of Acute Bronchitic changes. No consolidation or pleural effusion.');
INSERT INTO patient_allergies (patient_id, allergen, severity, reaction) VALUES (1153, 'Penicillin', 'High', 'Anaphylactic shock and skin hives');
INSERT INTO patient_allergies (patient_id, allergen, severity, reaction) VALUES (1153, 'Dust Mites', 'Moderate', 'Sneezing and coughing');
INSERT INTO patient_allergies (patient_id, allergen, severity, reaction) VALUES (1153, 'Pollen', 'Low', 'Runny nose');
INSERT INTO patient_chronic_diseases (patient_id, disease_name, status, diagnosed_date) VALUES (1153, 'Osteoarthritis', 'Active', NOW() - INTERVAL '2 years 12 months');
INSERT INTO patient_chronic_diseases (patient_id, disease_name, status, diagnosed_date) VALUES (1153, 'Bronchial Asthma', 'Controlled', NOW() - INTERVAL '7 years 12 months');
INSERT INTO prescriptions (id, patient_id, date, doctor_name, doctor_specialization, hospital_name, diagnosis, clinical_notes, follow_up_date) VALUES ('PRES-1154-1', 1154, NOW() - INTERVAL '1 days', 'Dr. Khadija Begum', 'Psychiatry', 'Popular Diagnostic & Hospital', 'Acute Bronchitis & suspected Asthma', 'Cough with sputum, shortness of breath, and chest tightness for 5 days. Wheezing heard on auscultation. Advised avoiding cold drinks, dust, and using inhaler correctly.', 'In 10 days for review of symptoms.');
INSERT INTO prescription_medicines (prescription_id, name, dosage, instruction, duration) VALUES ('PRES-1154-1', 'Tab. Azithromycin 500mg', '1+0+0', '1 hour before food', '5 Days');
INSERT INTO prescription_medicines (prescription_id, name, dosage, instruction, duration) VALUES ('PRES-1154-1', 'Tab. Montelukast 10mg', '0+0+1', 'At night', '14 Days');
INSERT INTO prescription_medicines (prescription_id, name, dosage, instruction, duration) VALUES ('PRES-1154-1', 'Inhaler Salbutamol 100mcg', '2 Puffs', 'As needed (when short of breath)', 'As needed');
INSERT INTO lab_reports (id, patient_id, test_name, category, date, hospital_name, doctor_name, status, ai_interpretation) VALUES ('LAB-1154-1', 1154, 'Complete Blood Count (CBC)', 'Hematology', NOW() - INTERVAL '1 days', 'Popular Diagnostic & Hospital', 'Dr. Khadija Begum', 'Completed', 'Mild leukocytosis observed, consistent with active respiratory tract infection. Eosinophil counts are slightly elevated, which could point to an allergic component (Asthma).');
INSERT INTO lab_test_results (lab_report_id, parameter, value, unit, reference_range, status) VALUES ('LAB-1154-1', 'Total WBC Count', '11.2', 'x10^9/L', '4.0 - 11.0', 'High');
INSERT INTO lab_test_results (lab_report_id, parameter, value, unit, reference_range, status) VALUES ('LAB-1154-1', 'Hemoglobin (Hb)', '14.5', 'g/dL', '13.5 - 17.5', 'Normal');
INSERT INTO lab_test_results (lab_report_id, parameter, value, unit, reference_range, status) VALUES ('LAB-1154-1', 'Eosinophils', '7', '%', '1 - 6', 'High');
INSERT INTO imaging_reports (id, patient_id, type, body_part, date, hospital_name, doctor_name, findings, impression) VALUES ('IMG-1154-1', 1154, 'X-Ray', 'Chest (P/A View)', NOW() - INTERVAL '1 days', 'Popular Diagnostic & Hospital', 'Dr. Khadija Begum', 'Lungs are hyperinflated. Increased bronchovascular markings seen bilaterally. Both costophrenic angles are clear. Heart size and shape are normal. Bony thorax and dome of diaphragms are intact.', 'Findings are suggestive of Acute Bronchitic changes. No consolidation or pleural effusion.');
INSERT INTO prescriptions (id, patient_id, date, doctor_name, doctor_specialization, hospital_name, diagnosis, clinical_notes, follow_up_date) VALUES ('PRES-1154-2', 1154, NOW() - INTERVAL '10 days', 'Dr. Sabrina Akter', 'Pediatrics', 'National Medical Center', 'Gastroesophageal Reflux Disease (GERD)', 'Complains of burning sensation in the chest (heartburn), sour taste in the mouth, and upper abdominal pain after meals. Recommended avoiding spicy foods, sleeping with head elevated, and not lying down immediately after eating.', 'In 2 weeks.');
INSERT INTO prescription_medicines (prescription_id, name, dosage, instruction, duration) VALUES ('PRES-1154-2', 'Cap. Esomeprazole 20mg', '1+0+1', '30 minutes before breakfast & dinner', '1 Month');
INSERT INTO prescription_medicines (prescription_id, name, dosage, instruction, duration) VALUES ('PRES-1154-2', 'Tab. Domperidone 10mg', '1+1+1', '15 minutes before meals', '10 Days');
INSERT INTO prescription_medicines (prescription_id, name, dosage, instruction, duration) VALUES ('PRES-1154-2', 'Syr. Antacid', '2 spoonful', '1 hour after meals', '7 Days');
INSERT INTO lab_reports (id, patient_id, test_name, category, date, hospital_name, doctor_name, status, ai_interpretation) VALUES ('LAB-1154-2', 1154, 'H. Pylori Screening Panel', 'Serology', NOW() - INTERVAL '10 days', 'National Medical Center', 'Dr. Sabrina Akter', 'Completed', 'H. Pylori antigen test is negative. Upper GI symptoms are likely due to lifestyle/acid reflux rather than active bacterial infection.');
INSERT INTO lab_test_results (lab_report_id, parameter, value, unit, reference_range, status) VALUES ('LAB-1154-2', 'H. Pylori Ag (Stool)', 'Negative', 'N/A', 'Negative', 'Normal');
INSERT INTO imaging_reports (id, patient_id, type, body_part, date, hospital_name, doctor_name, findings, impression) VALUES ('IMG-1154-2', 1154, 'Ultrasonography', 'Hepatobiliary System (HBS)', NOW() - INTERVAL '10 days', 'National Medical Center', 'Dr. Sabrina Akter', 'Gallbladder is distended with normal wall thickness. No gallstones or sludge seen. Common bile duct and intrahepatic biliary channels are normal. Pancreas and spleen are normal.', 'Normal HBS scan. No gallstones detected.');
INSERT INTO patient_allergies (patient_id, allergen, severity, reaction) VALUES (1154, 'Dust Mites', 'Moderate', 'Sneezing and coughing');
INSERT INTO patient_allergies (patient_id, allergen, severity, reaction) VALUES (1154, 'Pollen', 'Low', 'Runny nose');
INSERT INTO patient_allergies (patient_id, allergen, severity, reaction) VALUES (1154, 'Aspirin', 'High', 'Bronchospasm and asthma flare-up');
INSERT INTO patient_chronic_diseases (patient_id, disease_name, status, diagnosed_date) VALUES (1154, 'Gastroesophageal Reflux Disease (GERD)', 'Active', NOW() - INTERVAL '4 years 10 months');
INSERT INTO patient_chronic_diseases (patient_id, disease_name, status, diagnosed_date) VALUES (1154, 'Bronchial Asthma', 'Controlled', NOW() - INTERVAL '7 years 6 months');
INSERT INTO prescriptions (id, patient_id, date, doctor_name, doctor_specialization, hospital_name, diagnosis, clinical_notes, follow_up_date) VALUES ('PRES-1155-1', 1155, NOW() - INTERVAL '19 days', 'Dr. Zarin Ali', 'Gastroenterology', 'North West Medical College & Hospital', 'Bilateral Osteoarthritis of Knee Joints', 'Pain, stiffness, and cracking sounds in both knees for the last 6 months, worse in the mornings and after sitting. Advised hot compression, avoidance of sitting on floor/squatting, and moderate knee exercises.', 'In 1 Month.');
INSERT INTO prescription_medicines (prescription_id, name, dosage, instruction, duration) VALUES ('PRES-1155-1', 'Tab. Naproxen 500mg', '1+0+1', 'After meals (only when pain is high)', '7 Days');
INSERT INTO prescription_medicines (prescription_id, name, dosage, instruction, duration) VALUES ('PRES-1155-1', 'Cap. Glucosamine + Chondroitin', '1+0+1', 'After meals', '2 Months');
INSERT INTO prescription_medicines (prescription_id, name, dosage, instruction, duration) VALUES ('PRES-1155-1', 'Tab. Omeprazole 20mg', '1+0+1', 'Before breakfast & dinner', '1 Month');
INSERT INTO lab_reports (id, patient_id, test_name, category, date, hospital_name, doctor_name, status, ai_interpretation) VALUES ('LAB-1155-1', 1155, 'Arthritis & Rheumatology Profile', 'Serology', NOW() - INTERVAL '19 days', 'North West Medical College & Hospital', 'Dr. Zarin Ali', 'Completed', 'Uric acid level is slightly elevated, but Rheumatoid Factor is negative, suggesting OA rather than Gout or Rheumatoid Arthritis.');
INSERT INTO lab_test_results (lab_report_id, parameter, value, unit, reference_range, status) VALUES ('LAB-1155-1', 'Serum Uric Acid', '7.5', 'mg/dL', '3.5 - 7.2', 'High');
INSERT INTO lab_test_results (lab_report_id, parameter, value, unit, reference_range, status) VALUES ('LAB-1155-1', 'Rheumatoid Factor (RF)', '8', 'IU/mL', '< 14', 'Normal');
INSERT INTO lab_test_results (lab_report_id, parameter, value, unit, reference_range, status) VALUES ('LAB-1155-1', 'C-Reactive Protein (CRP)', '4.2', 'mg/L', '< 5.0', 'Normal');
INSERT INTO imaging_reports (id, patient_id, type, body_part, date, hospital_name, doctor_name, findings, impression) VALUES ('IMG-1155-1', 1155, 'X-Ray', 'Bilateral Knee Joints (AP & Lateral)', NOW() - INTERVAL '19 days', 'North West Medical College & Hospital', 'Dr. Zarin Ali', 'Narrowing of the medial joint spaces in both knees. Subchondral sclerosis and osteophyte formation are noted along the margins of both joint surfaces. No joint effusion or fracture.', 'Radiological features of Bilateral Osteoarthritis of Knees (Grade-II).');
INSERT INTO patient_chronic_diseases (patient_id, disease_name, status, diagnosed_date) VALUES (1155, 'Osteoarthritis', 'Active', NOW() - INTERVAL '1 years 8 months');
INSERT INTO prescriptions (id, patient_id, date, doctor_name, doctor_specialization, hospital_name, diagnosis, clinical_notes, follow_up_date) VALUES ('PRES-1156-1', 1156, NOW() - INTERVAL '26 days', 'Dr. Nehal Begum', 'Endocrinology & Diabetology', 'Sir Salimullah Medical College Hospital', 'Gastroesophageal Reflux Disease (GERD)', 'Complains of burning sensation in the chest (heartburn), sour taste in the mouth, and upper abdominal pain after meals. Recommended avoiding spicy foods, sleeping with head elevated, and not lying down immediately after eating.', 'In 2 weeks.');
INSERT INTO prescription_medicines (prescription_id, name, dosage, instruction, duration) VALUES ('PRES-1156-1', 'Cap. Esomeprazole 20mg', '1+0+1', '30 minutes before breakfast & dinner', '1 Month');
INSERT INTO prescription_medicines (prescription_id, name, dosage, instruction, duration) VALUES ('PRES-1156-1', 'Tab. Domperidone 10mg', '1+1+1', '15 minutes before meals', '10 Days');
INSERT INTO prescription_medicines (prescription_id, name, dosage, instruction, duration) VALUES ('PRES-1156-1', 'Syr. Antacid', '2 spoonful', '1 hour after meals', '7 Days');
INSERT INTO lab_reports (id, patient_id, test_name, category, date, hospital_name, doctor_name, status, ai_interpretation) VALUES ('LAB-1156-1', 1156, 'H. Pylori Screening Panel', 'Serology', NOW() - INTERVAL '26 days', 'Sir Salimullah Medical College Hospital', 'Dr. Nehal Begum', 'Completed', 'H. Pylori antigen test is negative. Upper GI symptoms are likely due to lifestyle/acid reflux rather than active bacterial infection.');
INSERT INTO lab_test_results (lab_report_id, parameter, value, unit, reference_range, status) VALUES ('LAB-1156-1', 'H. Pylori Ag (Stool)', 'Negative', 'N/A', 'Negative', 'Normal');
INSERT INTO imaging_reports (id, patient_id, type, body_part, date, hospital_name, doctor_name, findings, impression) VALUES ('IMG-1156-1', 1156, 'Ultrasonography', 'Hepatobiliary System (HBS)', NOW() - INTERVAL '26 days', 'Sir Salimullah Medical College Hospital', 'Dr. Nehal Begum', 'Gallbladder is distended with normal wall thickness. No gallstones or sludge seen. Common bile duct and intrahepatic biliary channels are normal. Pancreas and spleen are normal.', 'Normal HBS scan. No gallstones detected.');
INSERT INTO patient_chronic_diseases (patient_id, disease_name, status, diagnosed_date) VALUES (1156, 'Gastroesophageal Reflux Disease (GERD)', 'Active', NOW() - INTERVAL '7 years 4 months');
INSERT INTO prescriptions (id, patient_id, date, doctor_name, doctor_specialization, hospital_name, diagnosis, clinical_notes, follow_up_date) VALUES ('PRES-1157-1', 1157, NOW() - INTERVAL '26 days', 'Dr. Sadia Siddique', 'Endocrinology & Diabetology', 'Delta Hospital', 'Gastroesophageal Reflux Disease (GERD)', 'Complains of burning sensation in the chest (heartburn), sour taste in the mouth, and upper abdominal pain after meals. Recommended avoiding spicy foods, sleeping with head elevated, and not lying down immediately after eating.', 'In 2 weeks.');
INSERT INTO prescription_medicines (prescription_id, name, dosage, instruction, duration) VALUES ('PRES-1157-1', 'Cap. Esomeprazole 20mg', '1+0+1', '30 minutes before breakfast & dinner', '1 Month');
INSERT INTO prescription_medicines (prescription_id, name, dosage, instruction, duration) VALUES ('PRES-1157-1', 'Tab. Domperidone 10mg', '1+1+1', '15 minutes before meals', '10 Days');
INSERT INTO prescription_medicines (prescription_id, name, dosage, instruction, duration) VALUES ('PRES-1157-1', 'Syr. Antacid', '2 spoonful', '1 hour after meals', '7 Days');
INSERT INTO lab_reports (id, patient_id, test_name, category, date, hospital_name, doctor_name, status, ai_interpretation) VALUES ('LAB-1157-1', 1157, 'H. Pylori Screening Panel', 'Serology', NOW() - INTERVAL '26 days', 'Delta Hospital', 'Dr. Sadia Siddique', 'Completed', 'H. Pylori antigen test is negative. Upper GI symptoms are likely due to lifestyle/acid reflux rather than active bacterial infection.');
INSERT INTO lab_test_results (lab_report_id, parameter, value, unit, reference_range, status) VALUES ('LAB-1157-1', 'H. Pylori Ag (Stool)', 'Negative', 'N/A', 'Negative', 'Normal');
INSERT INTO imaging_reports (id, patient_id, type, body_part, date, hospital_name, doctor_name, findings, impression) VALUES ('IMG-1157-1', 1157, 'Ultrasonography', 'Hepatobiliary System (HBS)', NOW() - INTERVAL '26 days', 'Delta Hospital', 'Dr. Sadia Siddique', 'Gallbladder is distended with normal wall thickness. No gallstones or sludge seen. Common bile duct and intrahepatic biliary channels are normal. Pancreas and spleen are normal.', 'Normal HBS scan. No gallstones detected.');
INSERT INTO patient_allergies (patient_id, allergen, severity, reaction) VALUES (1157, 'Peanuts', 'High', 'Anaphylaxis and facial swelling');
INSERT INTO patient_chronic_diseases (patient_id, disease_name, status, diagnosed_date) VALUES (1157, 'Gastroesophageal Reflux Disease (GERD)', 'Active', NOW() - INTERVAL '4 years 6 months');
INSERT INTO patient_chronic_diseases (patient_id, disease_name, status, diagnosed_date) VALUES (1157, 'Hyperlipidemia', 'Active', NOW() - INTERVAL '10 years 6 months');
INSERT INTO prescriptions (id, patient_id, date, doctor_name, doctor_specialization, hospital_name, diagnosis, clinical_notes, follow_up_date) VALUES ('PRES-1158-1', 1158, NOW() - INTERVAL '13 days', 'Dr. Puja Khan', 'Gastroenterology', 'National Institute of Cardiovascular Diseases', 'Bilateral Osteoarthritis of Knee Joints', 'Pain, stiffness, and cracking sounds in both knees for the last 6 months, worse in the mornings and after sitting. Advised hot compression, avoidance of sitting on floor/squatting, and moderate knee exercises.', 'In 1 Month.');
INSERT INTO prescription_medicines (prescription_id, name, dosage, instruction, duration) VALUES ('PRES-1158-1', 'Tab. Naproxen 500mg', '1+0+1', 'After meals (only when pain is high)', '7 Days');
INSERT INTO prescription_medicines (prescription_id, name, dosage, instruction, duration) VALUES ('PRES-1158-1', 'Cap. Glucosamine + Chondroitin', '1+0+1', 'After meals', '2 Months');
INSERT INTO prescription_medicines (prescription_id, name, dosage, instruction, duration) VALUES ('PRES-1158-1', 'Tab. Omeprazole 20mg', '1+0+1', 'Before breakfast & dinner', '1 Month');
INSERT INTO lab_reports (id, patient_id, test_name, category, date, hospital_name, doctor_name, status, ai_interpretation) VALUES ('LAB-1158-1', 1158, 'Arthritis & Rheumatology Profile', 'Serology', NOW() - INTERVAL '13 days', 'National Institute of Cardiovascular Diseases', 'Dr. Puja Khan', 'Completed', 'Uric acid level is slightly elevated, but Rheumatoid Factor is negative, suggesting OA rather than Gout or Rheumatoid Arthritis.');
INSERT INTO lab_test_results (lab_report_id, parameter, value, unit, reference_range, status) VALUES ('LAB-1158-1', 'Serum Uric Acid', '7.5', 'mg/dL', '3.5 - 7.2', 'High');
INSERT INTO lab_test_results (lab_report_id, parameter, value, unit, reference_range, status) VALUES ('LAB-1158-1', 'Rheumatoid Factor (RF)', '8', 'IU/mL', '< 14', 'Normal');
INSERT INTO lab_test_results (lab_report_id, parameter, value, unit, reference_range, status) VALUES ('LAB-1158-1', 'C-Reactive Protein (CRP)', '4.2', 'mg/L', '< 5.0', 'Normal');
INSERT INTO imaging_reports (id, patient_id, type, body_part, date, hospital_name, doctor_name, findings, impression) VALUES ('IMG-1158-1', 1158, 'X-Ray', 'Bilateral Knee Joints (AP & Lateral)', NOW() - INTERVAL '13 days', 'National Institute of Cardiovascular Diseases', 'Dr. Puja Khan', 'Narrowing of the medial joint spaces in both knees. Subchondral sclerosis and osteophyte formation are noted along the margins of both joint surfaces. No joint effusion or fracture.', 'Radiological features of Bilateral Osteoarthritis of Knees (Grade-II).');
INSERT INTO patient_chronic_diseases (patient_id, disease_name, status, diagnosed_date) VALUES (1158, 'Osteoarthritis', 'Active', NOW() - INTERVAL '3 years 3 months');
INSERT INTO patient_chronic_diseases (patient_id, disease_name, status, diagnosed_date) VALUES (1158, 'Chronic Low Back Pain', 'Active', NOW() - INTERVAL '8 years 7 months');
INSERT INTO prescriptions (id, patient_id, date, doctor_name, doctor_specialization, hospital_name, diagnosis, clinical_notes, follow_up_date) VALUES ('PRES-1159-1', 1159, NOW() - INTERVAL '5 days', 'Dr. Rony Ali', 'Psychiatry', 'National Institute of Cardiovascular Diseases', 'Bilateral Osteoarthritis of Knee Joints', 'Pain, stiffness, and cracking sounds in both knees for the last 6 months, worse in the mornings and after sitting. Advised hot compression, avoidance of sitting on floor/squatting, and moderate knee exercises.', 'In 1 Month.');
INSERT INTO prescription_medicines (prescription_id, name, dosage, instruction, duration) VALUES ('PRES-1159-1', 'Tab. Naproxen 500mg', '1+0+1', 'After meals (only when pain is high)', '7 Days');
INSERT INTO prescription_medicines (prescription_id, name, dosage, instruction, duration) VALUES ('PRES-1159-1', 'Cap. Glucosamine + Chondroitin', '1+0+1', 'After meals', '2 Months');
INSERT INTO prescription_medicines (prescription_id, name, dosage, instruction, duration) VALUES ('PRES-1159-1', 'Tab. Omeprazole 20mg', '1+0+1', 'Before breakfast & dinner', '1 Month');
INSERT INTO lab_reports (id, patient_id, test_name, category, date, hospital_name, doctor_name, status, ai_interpretation) VALUES ('LAB-1159-1', 1159, 'Arthritis & Rheumatology Profile', 'Serology', NOW() - INTERVAL '5 days', 'National Institute of Cardiovascular Diseases', 'Dr. Rony Ali', 'Completed', 'Uric acid level is slightly elevated, but Rheumatoid Factor is negative, suggesting OA rather than Gout or Rheumatoid Arthritis.');
INSERT INTO lab_test_results (lab_report_id, parameter, value, unit, reference_range, status) VALUES ('LAB-1159-1', 'Serum Uric Acid', '7.5', 'mg/dL', '3.5 - 7.2', 'High');
INSERT INTO lab_test_results (lab_report_id, parameter, value, unit, reference_range, status) VALUES ('LAB-1159-1', 'Rheumatoid Factor (RF)', '8', 'IU/mL', '< 14', 'Normal');
INSERT INTO lab_test_results (lab_report_id, parameter, value, unit, reference_range, status) VALUES ('LAB-1159-1', 'C-Reactive Protein (CRP)', '4.2', 'mg/L', '< 5.0', 'Normal');
INSERT INTO imaging_reports (id, patient_id, type, body_part, date, hospital_name, doctor_name, findings, impression) VALUES ('IMG-1159-1', 1159, 'X-Ray', 'Bilateral Knee Joints (AP & Lateral)', NOW() - INTERVAL '5 days', 'National Institute of Cardiovascular Diseases', 'Dr. Rony Ali', 'Narrowing of the medial joint spaces in both knees. Subchondral sclerosis and osteophyte formation are noted along the margins of both joint surfaces. No joint effusion or fracture.', 'Radiological features of Bilateral Osteoarthritis of Knees (Grade-II).');
INSERT INTO prescriptions (id, patient_id, date, doctor_name, doctor_specialization, hospital_name, diagnosis, clinical_notes, follow_up_date) VALUES ('PRES-1159-2', 1159, NOW() - INTERVAL '23 days', 'Dr. Tarek Hasan', 'Gynaecology & Obstetrics', 'North West Medical College & Hospital', 'Type 2 Diabetes Mellitus & Essential Hypertension', 'Patient presents with generalized weakness and occasional dizziness. Blood pressure and fasting blood glucose are elevated. Recommended strict dietary control, low salt, regular walking, and compliance with medications.', 'In 3 months with fasting blood sugar and lipid profile reports.');
INSERT INTO prescription_medicines (prescription_id, name, dosage, instruction, duration) VALUES ('PRES-1159-2', 'Tab. Metformin HCl 500mg', '1+0+1', 'After meals', '3 Months');
INSERT INTO prescription_medicines (prescription_id, name, dosage, instruction, duration) VALUES ('PRES-1159-2', 'Tab. Amlodipine 5mg', '0+0+1', 'At night before sleeping', '1 Month');
INSERT INTO prescription_medicines (prescription_id, name, dosage, instruction, duration) VALUES ('PRES-1159-2', 'Tab. Atorvastatin 10mg', '0+0+1', 'At night after dinner', '2 Months');
INSERT INTO lab_reports (id, patient_id, test_name, category, date, hospital_name, doctor_name, status, ai_interpretation) VALUES ('LAB-1159-2', 1159, 'Diabetes and Kidney Function Panel', 'Biochemistry', NOW() - INTERVAL '23 days', 'North West Medical College & Hospital', 'Dr. Tarek Hasan', 'Completed', 'Fasting Blood Glucose is high, indicating suboptimal glycemic control. Renal function (Creatinine) is normal. HbA1c should be monitored next visit.');
INSERT INTO lab_test_results (lab_report_id, parameter, value, unit, reference_range, status) VALUES ('LAB-1159-2', 'Fasting Blood Sugar (FBS)', '142', 'mg/dL', '70 - 100', 'High');
INSERT INTO lab_test_results (lab_report_id, parameter, value, unit, reference_range, status) VALUES ('LAB-1159-2', 'Serum Creatinine', '0.9', 'mg/dL', '0.6 - 1.2', 'Normal');
INSERT INTO lab_test_results (lab_report_id, parameter, value, unit, reference_range, status) VALUES ('LAB-1159-2', 'Blood Urea Nitrogen (BUN)', '14', 'mg/dL', '7 - 20', 'Normal');
INSERT INTO imaging_reports (id, patient_id, type, body_part, date, hospital_name, doctor_name, findings, impression) VALUES ('IMG-1159-2', 1159, 'Ultrasonography', 'Whole Abdomen', NOW() - INTERVAL '23 days', 'North West Medical College & Hospital', 'Dr. Tarek Hasan', 'Liver shows normal size but mildly increased parenchymal echotexture, suggestive of Grade-I Fatty Liver. Gallbladder, spleen, kidneys, and urinary bladder are normal in size and shape. No calculi or focal masses seen.', 'Mild Hepatomegaly with Grade-I Fatty Change (Fatty Liver).');
INSERT INTO patient_chronic_diseases (patient_id, disease_name, status, diagnosed_date) VALUES (1159, 'Osteoarthritis', 'Active', NOW() - INTERVAL '3 years 12 months');
INSERT INTO patient_chronic_diseases (patient_id, disease_name, status, diagnosed_date) VALUES (1159, 'Type 2 Diabetes Mellitus', 'Active', NOW() - INTERVAL '7 years 1 months');
INSERT INTO patient_chronic_diseases (patient_id, disease_name, status, diagnosed_date) VALUES (1159, 'Essential Hypertension', 'Active', NOW() - INTERVAL '1 years 2 months');
INSERT INTO prescriptions (id, patient_id, date, doctor_name, doctor_specialization, hospital_name, diagnosis, clinical_notes, follow_up_date) VALUES ('PRES-1160-1', 1160, NOW() - INTERVAL '27 days', 'Dr. Selim Hasan', 'General Medicine', 'Anwer Khan Modern Medical College Hospital', 'Bilateral Osteoarthritis of Knee Joints', 'Pain, stiffness, and cracking sounds in both knees for the last 6 months, worse in the mornings and after sitting. Advised hot compression, avoidance of sitting on floor/squatting, and moderate knee exercises.', 'In 1 Month.');
INSERT INTO prescription_medicines (prescription_id, name, dosage, instruction, duration) VALUES ('PRES-1160-1', 'Tab. Naproxen 500mg', '1+0+1', 'After meals (only when pain is high)', '7 Days');
INSERT INTO prescription_medicines (prescription_id, name, dosage, instruction, duration) VALUES ('PRES-1160-1', 'Cap. Glucosamine + Chondroitin', '1+0+1', 'After meals', '2 Months');
INSERT INTO prescription_medicines (prescription_id, name, dosage, instruction, duration) VALUES ('PRES-1160-1', 'Tab. Omeprazole 20mg', '1+0+1', 'Before breakfast & dinner', '1 Month');
INSERT INTO lab_reports (id, patient_id, test_name, category, date, hospital_name, doctor_name, status, ai_interpretation) VALUES ('LAB-1160-1', 1160, 'Arthritis & Rheumatology Profile', 'Serology', NOW() - INTERVAL '27 days', 'Anwer Khan Modern Medical College Hospital', 'Dr. Selim Hasan', 'Completed', 'Uric acid level is slightly elevated, but Rheumatoid Factor is negative, suggesting OA rather than Gout or Rheumatoid Arthritis.');
INSERT INTO lab_test_results (lab_report_id, parameter, value, unit, reference_range, status) VALUES ('LAB-1160-1', 'Serum Uric Acid', '7.5', 'mg/dL', '3.5 - 7.2', 'High');
INSERT INTO lab_test_results (lab_report_id, parameter, value, unit, reference_range, status) VALUES ('LAB-1160-1', 'Rheumatoid Factor (RF)', '8', 'IU/mL', '< 14', 'Normal');
INSERT INTO lab_test_results (lab_report_id, parameter, value, unit, reference_range, status) VALUES ('LAB-1160-1', 'C-Reactive Protein (CRP)', '4.2', 'mg/L', '< 5.0', 'Normal');
INSERT INTO imaging_reports (id, patient_id, type, body_part, date, hospital_name, doctor_name, findings, impression) VALUES ('IMG-1160-1', 1160, 'X-Ray', 'Bilateral Knee Joints (AP & Lateral)', NOW() - INTERVAL '27 days', 'Anwer Khan Modern Medical College Hospital', 'Dr. Selim Hasan', 'Narrowing of the medial joint spaces in both knees. Subchondral sclerosis and osteophyte formation are noted along the margins of both joint surfaces. No joint effusion or fracture.', 'Radiological features of Bilateral Osteoarthritis of Knees (Grade-II).');
INSERT INTO patient_chronic_diseases (patient_id, disease_name, status, diagnosed_date) VALUES (1160, 'Osteoarthritis', 'Active', NOW() - INTERVAL '1 years 11 months');
INSERT INTO prescriptions (id, patient_id, date, doctor_name, doctor_specialization, hospital_name, diagnosis, clinical_notes, follow_up_date) VALUES ('PRES-1161-1', 1161, NOW() - INTERVAL '19 days', 'Dr. Monir Ali', 'Gastroenterology', 'Ibn Sina Medical College', 'Gastroesophageal Reflux Disease (GERD)', 'Complains of burning sensation in the chest (heartburn), sour taste in the mouth, and upper abdominal pain after meals. Recommended avoiding spicy foods, sleeping with head elevated, and not lying down immediately after eating.', 'In 2 weeks.');
INSERT INTO prescription_medicines (prescription_id, name, dosage, instruction, duration) VALUES ('PRES-1161-1', 'Cap. Esomeprazole 20mg', '1+0+1', '30 minutes before breakfast & dinner', '1 Month');
INSERT INTO prescription_medicines (prescription_id, name, dosage, instruction, duration) VALUES ('PRES-1161-1', 'Tab. Domperidone 10mg', '1+1+1', '15 minutes before meals', '10 Days');
INSERT INTO prescription_medicines (prescription_id, name, dosage, instruction, duration) VALUES ('PRES-1161-1', 'Syr. Antacid', '2 spoonful', '1 hour after meals', '7 Days');
INSERT INTO lab_reports (id, patient_id, test_name, category, date, hospital_name, doctor_name, status, ai_interpretation) VALUES ('LAB-1161-1', 1161, 'H. Pylori Screening Panel', 'Serology', NOW() - INTERVAL '19 days', 'Ibn Sina Medical College', 'Dr. Monir Ali', 'Completed', 'H. Pylori antigen test is negative. Upper GI symptoms are likely due to lifestyle/acid reflux rather than active bacterial infection.');
INSERT INTO lab_test_results (lab_report_id, parameter, value, unit, reference_range, status) VALUES ('LAB-1161-1', 'H. Pylori Ag (Stool)', 'Negative', 'N/A', 'Negative', 'Normal');
INSERT INTO imaging_reports (id, patient_id, type, body_part, date, hospital_name, doctor_name, findings, impression) VALUES ('IMG-1161-1', 1161, 'Ultrasonography', 'Hepatobiliary System (HBS)', NOW() - INTERVAL '19 days', 'Ibn Sina Medical College', 'Dr. Monir Ali', 'Gallbladder is distended with normal wall thickness. No gallstones or sludge seen. Common bile duct and intrahepatic biliary channels are normal. Pancreas and spleen are normal.', 'Normal HBS scan. No gallstones detected.');
INSERT INTO patient_chronic_diseases (patient_id, disease_name, status, diagnosed_date) VALUES (1161, 'Gastroesophageal Reflux Disease (GERD)', 'Active', NOW() - INTERVAL '10 years 2 months');
INSERT INTO patient_chronic_diseases (patient_id, disease_name, status, diagnosed_date) VALUES (1161, 'Chronic Low Back Pain', 'Active', NOW() - INTERVAL '7 years 11 months');
INSERT INTO prescriptions (id, patient_id, date, doctor_name, doctor_specialization, hospital_name, diagnosis, clinical_notes, follow_up_date) VALUES ('PRES-1162-1', 1162, NOW() - INTERVAL '5 days', 'Dr. Selim Hasan', 'General Medicine', 'Anwer Khan Modern Medical College Hospital', 'Gastroesophageal Reflux Disease (GERD)', 'Complains of burning sensation in the chest (heartburn), sour taste in the mouth, and upper abdominal pain after meals. Recommended avoiding spicy foods, sleeping with head elevated, and not lying down immediately after eating.', 'In 2 weeks.');
INSERT INTO prescription_medicines (prescription_id, name, dosage, instruction, duration) VALUES ('PRES-1162-1', 'Cap. Esomeprazole 20mg', '1+0+1', '30 minutes before breakfast & dinner', '1 Month');
INSERT INTO prescription_medicines (prescription_id, name, dosage, instruction, duration) VALUES ('PRES-1162-1', 'Tab. Domperidone 10mg', '1+1+1', '15 minutes before meals', '10 Days');
INSERT INTO prescription_medicines (prescription_id, name, dosage, instruction, duration) VALUES ('PRES-1162-1', 'Syr. Antacid', '2 spoonful', '1 hour after meals', '7 Days');
INSERT INTO lab_reports (id, patient_id, test_name, category, date, hospital_name, doctor_name, status, ai_interpretation) VALUES ('LAB-1162-1', 1162, 'H. Pylori Screening Panel', 'Serology', NOW() - INTERVAL '5 days', 'Anwer Khan Modern Medical College Hospital', 'Dr. Selim Hasan', 'Completed', 'H. Pylori antigen test is negative. Upper GI symptoms are likely due to lifestyle/acid reflux rather than active bacterial infection.');
INSERT INTO lab_test_results (lab_report_id, parameter, value, unit, reference_range, status) VALUES ('LAB-1162-1', 'H. Pylori Ag (Stool)', 'Negative', 'N/A', 'Negative', 'Normal');
INSERT INTO imaging_reports (id, patient_id, type, body_part, date, hospital_name, doctor_name, findings, impression) VALUES ('IMG-1162-1', 1162, 'Ultrasonography', 'Hepatobiliary System (HBS)', NOW() - INTERVAL '5 days', 'Anwer Khan Modern Medical College Hospital', 'Dr. Selim Hasan', 'Gallbladder is distended with normal wall thickness. No gallstones or sludge seen. Common bile duct and intrahepatic biliary channels are normal. Pancreas and spleen are normal.', 'Normal HBS scan. No gallstones detected.');
INSERT INTO prescriptions (id, patient_id, date, doctor_name, doctor_specialization, hospital_name, diagnosis, clinical_notes, follow_up_date) VALUES ('PRES-1162-2', 1162, NOW() - INTERVAL '11 days', 'Dr. Sani Ahmed', 'Endocrinology & Diabetology', 'Sir Salimullah Medical College Hospital', 'Bilateral Osteoarthritis of Knee Joints', 'Pain, stiffness, and cracking sounds in both knees for the last 6 months, worse in the mornings and after sitting. Advised hot compression, avoidance of sitting on floor/squatting, and moderate knee exercises.', 'In 1 Month.');
INSERT INTO prescription_medicines (prescription_id, name, dosage, instruction, duration) VALUES ('PRES-1162-2', 'Tab. Naproxen 500mg', '1+0+1', 'After meals (only when pain is high)', '7 Days');
INSERT INTO prescription_medicines (prescription_id, name, dosage, instruction, duration) VALUES ('PRES-1162-2', 'Cap. Glucosamine + Chondroitin', '1+0+1', 'After meals', '2 Months');
INSERT INTO prescription_medicines (prescription_id, name, dosage, instruction, duration) VALUES ('PRES-1162-2', 'Tab. Omeprazole 20mg', '1+0+1', 'Before breakfast & dinner', '1 Month');
INSERT INTO lab_reports (id, patient_id, test_name, category, date, hospital_name, doctor_name, status, ai_interpretation) VALUES ('LAB-1162-2', 1162, 'Arthritis & Rheumatology Profile', 'Serology', NOW() - INTERVAL '11 days', 'Sir Salimullah Medical College Hospital', 'Dr. Sani Ahmed', 'Completed', 'Uric acid level is slightly elevated, but Rheumatoid Factor is negative, suggesting OA rather than Gout or Rheumatoid Arthritis.');
INSERT INTO lab_test_results (lab_report_id, parameter, value, unit, reference_range, status) VALUES ('LAB-1162-2', 'Serum Uric Acid', '7.5', 'mg/dL', '3.5 - 7.2', 'High');
INSERT INTO lab_test_results (lab_report_id, parameter, value, unit, reference_range, status) VALUES ('LAB-1162-2', 'Rheumatoid Factor (RF)', '8', 'IU/mL', '< 14', 'Normal');
INSERT INTO lab_test_results (lab_report_id, parameter, value, unit, reference_range, status) VALUES ('LAB-1162-2', 'C-Reactive Protein (CRP)', '4.2', 'mg/L', '< 5.0', 'Normal');
INSERT INTO imaging_reports (id, patient_id, type, body_part, date, hospital_name, doctor_name, findings, impression) VALUES ('IMG-1162-2', 1162, 'X-Ray', 'Bilateral Knee Joints (AP & Lateral)', NOW() - INTERVAL '11 days', 'Sir Salimullah Medical College Hospital', 'Dr. Sani Ahmed', 'Narrowing of the medial joint spaces in both knees. Subchondral sclerosis and osteophyte formation are noted along the margins of both joint surfaces. No joint effusion or fracture.', 'Radiological features of Bilateral Osteoarthritis of Knees (Grade-II).');
INSERT INTO patient_allergies (patient_id, allergen, severity, reaction) VALUES (1162, 'Peanuts', 'High', 'Anaphylaxis and facial swelling');
INSERT INTO patient_chronic_diseases (patient_id, disease_name, status, diagnosed_date) VALUES (1162, 'Osteoarthritis', 'Active', NOW() - INTERVAL '9 years 3 months');
INSERT INTO patient_chronic_diseases (patient_id, disease_name, status, diagnosed_date) VALUES (1162, 'Gastroesophageal Reflux Disease (GERD)', 'Active', NOW() - INTERVAL '7 years 3 months');
INSERT INTO prescriptions (id, patient_id, date, doctor_name, doctor_specialization, hospital_name, diagnosis, clinical_notes, follow_up_date) VALUES ('PRES-1163-1', 1163, NOW() - INTERVAL '19 days', 'Dr. Samia Uddin', 'Pediatrics', 'United Hospital', 'Gastroesophageal Reflux Disease (GERD)', 'Complains of burning sensation in the chest (heartburn), sour taste in the mouth, and upper abdominal pain after meals. Recommended avoiding spicy foods, sleeping with head elevated, and not lying down immediately after eating.', 'In 2 weeks.');
INSERT INTO prescription_medicines (prescription_id, name, dosage, instruction, duration) VALUES ('PRES-1163-1', 'Cap. Esomeprazole 20mg', '1+0+1', '30 minutes before breakfast & dinner', '1 Month');
INSERT INTO prescription_medicines (prescription_id, name, dosage, instruction, duration) VALUES ('PRES-1163-1', 'Tab. Domperidone 10mg', '1+1+1', '15 minutes before meals', '10 Days');
INSERT INTO prescription_medicines (prescription_id, name, dosage, instruction, duration) VALUES ('PRES-1163-1', 'Syr. Antacid', '2 spoonful', '1 hour after meals', '7 Days');
INSERT INTO lab_reports (id, patient_id, test_name, category, date, hospital_name, doctor_name, status, ai_interpretation) VALUES ('LAB-1163-1', 1163, 'H. Pylori Screening Panel', 'Serology', NOW() - INTERVAL '19 days', 'United Hospital', 'Dr. Samia Uddin', 'Completed', 'H. Pylori antigen test is negative. Upper GI symptoms are likely due to lifestyle/acid reflux rather than active bacterial infection.');
INSERT INTO lab_test_results (lab_report_id, parameter, value, unit, reference_range, status) VALUES ('LAB-1163-1', 'H. Pylori Ag (Stool)', 'Negative', 'N/A', 'Negative', 'Normal');
INSERT INTO imaging_reports (id, patient_id, type, body_part, date, hospital_name, doctor_name, findings, impression) VALUES ('IMG-1163-1', 1163, 'Ultrasonography', 'Hepatobiliary System (HBS)', NOW() - INTERVAL '19 days', 'United Hospital', 'Dr. Samia Uddin', 'Gallbladder is distended with normal wall thickness. No gallstones or sludge seen. Common bile duct and intrahepatic biliary channels are normal. Pancreas and spleen are normal.', 'Normal HBS scan. No gallstones detected.');
INSERT INTO patient_allergies (patient_id, allergen, severity, reaction) VALUES (1163, 'Dairy Products', 'Moderate', 'Abdominal cramps and diarrhea');
INSERT INTO patient_chronic_diseases (patient_id, disease_name, status, diagnosed_date) VALUES (1163, 'Gastroesophageal Reflux Disease (GERD)', 'Active', NOW() - INTERVAL '3 years 10 months');
INSERT INTO prescriptions (id, patient_id, date, doctor_name, doctor_specialization, hospital_name, diagnosis, clinical_notes, follow_up_date) VALUES ('PRES-1164-1', 1164, NOW() - INTERVAL '18 days', 'Dr. Sani Begum', 'Dermatology', 'Chittagong Medical College', 'Gastroesophageal Reflux Disease (GERD)', 'Complains of burning sensation in the chest (heartburn), sour taste in the mouth, and upper abdominal pain after meals. Recommended avoiding spicy foods, sleeping with head elevated, and not lying down immediately after eating.', 'In 2 weeks.');
INSERT INTO prescription_medicines (prescription_id, name, dosage, instruction, duration) VALUES ('PRES-1164-1', 'Cap. Esomeprazole 20mg', '1+0+1', '30 minutes before breakfast & dinner', '1 Month');
INSERT INTO prescription_medicines (prescription_id, name, dosage, instruction, duration) VALUES ('PRES-1164-1', 'Tab. Domperidone 10mg', '1+1+1', '15 minutes before meals', '10 Days');
INSERT INTO prescription_medicines (prescription_id, name, dosage, instruction, duration) VALUES ('PRES-1164-1', 'Syr. Antacid', '2 spoonful', '1 hour after meals', '7 Days');
INSERT INTO lab_reports (id, patient_id, test_name, category, date, hospital_name, doctor_name, status, ai_interpretation) VALUES ('LAB-1164-1', 1164, 'H. Pylori Screening Panel', 'Serology', NOW() - INTERVAL '18 days', 'Chittagong Medical College', 'Dr. Sani Begum', 'Completed', 'H. Pylori antigen test is negative. Upper GI symptoms are likely due to lifestyle/acid reflux rather than active bacterial infection.');
INSERT INTO lab_test_results (lab_report_id, parameter, value, unit, reference_range, status) VALUES ('LAB-1164-1', 'H. Pylori Ag (Stool)', 'Negative', 'N/A', 'Negative', 'Normal');
INSERT INTO imaging_reports (id, patient_id, type, body_part, date, hospital_name, doctor_name, findings, impression) VALUES ('IMG-1164-1', 1164, 'Ultrasonography', 'Hepatobiliary System (HBS)', NOW() - INTERVAL '18 days', 'Chittagong Medical College', 'Dr. Sani Begum', 'Gallbladder is distended with normal wall thickness. No gallstones or sludge seen. Common bile duct and intrahepatic biliary channels are normal. Pancreas and spleen are normal.', 'Normal HBS scan. No gallstones detected.');
INSERT INTO prescriptions (id, patient_id, date, doctor_name, doctor_specialization, hospital_name, diagnosis, clinical_notes, follow_up_date) VALUES ('PRES-1164-2', 1164, NOW() - INTERVAL '7 days', 'Dr. Halima Akter', 'Urology', 'National Medical Center', 'Acute Bronchitis & suspected Asthma', 'Cough with sputum, shortness of breath, and chest tightness for 5 days. Wheezing heard on auscultation. Advised avoiding cold drinks, dust, and using inhaler correctly.', 'In 10 days for review of symptoms.');
INSERT INTO prescription_medicines (prescription_id, name, dosage, instruction, duration) VALUES ('PRES-1164-2', 'Tab. Azithromycin 500mg', '1+0+0', '1 hour before food', '5 Days');
INSERT INTO prescription_medicines (prescription_id, name, dosage, instruction, duration) VALUES ('PRES-1164-2', 'Tab. Montelukast 10mg', '0+0+1', 'At night', '14 Days');
INSERT INTO prescription_medicines (prescription_id, name, dosage, instruction, duration) VALUES ('PRES-1164-2', 'Inhaler Salbutamol 100mcg', '2 Puffs', 'As needed (when short of breath)', 'As needed');
INSERT INTO lab_reports (id, patient_id, test_name, category, date, hospital_name, doctor_name, status, ai_interpretation) VALUES ('LAB-1164-2', 1164, 'Complete Blood Count (CBC)', 'Hematology', NOW() - INTERVAL '7 days', 'National Medical Center', 'Dr. Halima Akter', 'Completed', 'Mild leukocytosis observed, consistent with active respiratory tract infection. Eosinophil counts are slightly elevated, which could point to an allergic component (Asthma).');
INSERT INTO lab_test_results (lab_report_id, parameter, value, unit, reference_range, status) VALUES ('LAB-1164-2', 'Total WBC Count', '11.2', 'x10^9/L', '4.0 - 11.0', 'High');
INSERT INTO lab_test_results (lab_report_id, parameter, value, unit, reference_range, status) VALUES ('LAB-1164-2', 'Hemoglobin (Hb)', '14.5', 'g/dL', '13.5 - 17.5', 'Normal');
INSERT INTO lab_test_results (lab_report_id, parameter, value, unit, reference_range, status) VALUES ('LAB-1164-2', 'Eosinophils', '7', '%', '1 - 6', 'High');
INSERT INTO imaging_reports (id, patient_id, type, body_part, date, hospital_name, doctor_name, findings, impression) VALUES ('IMG-1164-2', 1164, 'X-Ray', 'Chest (P/A View)', NOW() - INTERVAL '7 days', 'National Medical Center', 'Dr. Halima Akter', 'Lungs are hyperinflated. Increased bronchovascular markings seen bilaterally. Both costophrenic angles are clear. Heart size and shape are normal. Bony thorax and dome of diaphragms are intact.', 'Findings are suggestive of Acute Bronchitic changes. No consolidation or pleural effusion.');
INSERT INTO patient_allergies (patient_id, allergen, severity, reaction) VALUES (1164, 'Dairy Products', 'Moderate', 'Abdominal cramps and diarrhea');
INSERT INTO patient_allergies (patient_id, allergen, severity, reaction) VALUES (1164, 'Dust Mites', 'Moderate', 'Sneezing and coughing');
INSERT INTO patient_allergies (patient_id, allergen, severity, reaction) VALUES (1164, 'Pollen', 'Low', 'Runny nose');
INSERT INTO patient_chronic_diseases (patient_id, disease_name, status, diagnosed_date) VALUES (1164, 'Gastroesophageal Reflux Disease (GERD)', 'Active', NOW() - INTERVAL '3 years 2 months');
INSERT INTO patient_chronic_diseases (patient_id, disease_name, status, diagnosed_date) VALUES (1164, 'Bronchial Asthma', 'Controlled', NOW() - INTERVAL '10 years 3 months');
INSERT INTO prescriptions (id, patient_id, date, doctor_name, doctor_specialization, hospital_name, diagnosis, clinical_notes, follow_up_date) VALUES ('PRES-1165-1', 1165, NOW() - INTERVAL '9 days', 'Dr. Nehal Begum', 'Endocrinology & Diabetology', 'Sir Salimullah Medical College Hospital', 'Gastroesophageal Reflux Disease (GERD)', 'Complains of burning sensation in the chest (heartburn), sour taste in the mouth, and upper abdominal pain after meals. Recommended avoiding spicy foods, sleeping with head elevated, and not lying down immediately after eating.', 'In 2 weeks.');
INSERT INTO prescription_medicines (prescription_id, name, dosage, instruction, duration) VALUES ('PRES-1165-1', 'Cap. Esomeprazole 20mg', '1+0+1', '30 minutes before breakfast & dinner', '1 Month');
INSERT INTO prescription_medicines (prescription_id, name, dosage, instruction, duration) VALUES ('PRES-1165-1', 'Tab. Domperidone 10mg', '1+1+1', '15 minutes before meals', '10 Days');
INSERT INTO prescription_medicines (prescription_id, name, dosage, instruction, duration) VALUES ('PRES-1165-1', 'Syr. Antacid', '2 spoonful', '1 hour after meals', '7 Days');
INSERT INTO lab_reports (id, patient_id, test_name, category, date, hospital_name, doctor_name, status, ai_interpretation) VALUES ('LAB-1165-1', 1165, 'H. Pylori Screening Panel', 'Serology', NOW() - INTERVAL '9 days', 'Sir Salimullah Medical College Hospital', 'Dr. Nehal Begum', 'Completed', 'H. Pylori antigen test is negative. Upper GI symptoms are likely due to lifestyle/acid reflux rather than active bacterial infection.');
INSERT INTO lab_test_results (lab_report_id, parameter, value, unit, reference_range, status) VALUES ('LAB-1165-1', 'H. Pylori Ag (Stool)', 'Negative', 'N/A', 'Negative', 'Normal');
INSERT INTO imaging_reports (id, patient_id, type, body_part, date, hospital_name, doctor_name, findings, impression) VALUES ('IMG-1165-1', 1165, 'Ultrasonography', 'Hepatobiliary System (HBS)', NOW() - INTERVAL '9 days', 'Sir Salimullah Medical College Hospital', 'Dr. Nehal Begum', 'Gallbladder is distended with normal wall thickness. No gallstones or sludge seen. Common bile duct and intrahepatic biliary channels are normal. Pancreas and spleen are normal.', 'Normal HBS scan. No gallstones detected.');
INSERT INTO patient_chronic_diseases (patient_id, disease_name, status, diagnosed_date) VALUES (1165, 'Gastroesophageal Reflux Disease (GERD)', 'Active', NOW() - INTERVAL '8 years 7 months');
INSERT INTO patient_chronic_diseases (patient_id, disease_name, status, diagnosed_date) VALUES (1165, 'Chronic Low Back Pain', 'Active', NOW() - INTERVAL '8 years 6 months');
INSERT INTO prescriptions (id, patient_id, date, doctor_name, doctor_specialization, hospital_name, diagnosis, clinical_notes, follow_up_date) VALUES ('PRES-1166-1', 1166, NOW() - INTERVAL '6 days', 'Dr. Sadia Begum', 'Urology', 'National Medical Center', 'Acute Bronchitis & suspected Asthma', 'Cough with sputum, shortness of breath, and chest tightness for 5 days. Wheezing heard on auscultation. Advised avoiding cold drinks, dust, and using inhaler correctly.', 'In 10 days for review of symptoms.');
INSERT INTO prescription_medicines (prescription_id, name, dosage, instruction, duration) VALUES ('PRES-1166-1', 'Tab. Azithromycin 500mg', '1+0+0', '1 hour before food', '5 Days');
INSERT INTO prescription_medicines (prescription_id, name, dosage, instruction, duration) VALUES ('PRES-1166-1', 'Tab. Montelukast 10mg', '0+0+1', 'At night', '14 Days');
INSERT INTO prescription_medicines (prescription_id, name, dosage, instruction, duration) VALUES ('PRES-1166-1', 'Inhaler Salbutamol 100mcg', '2 Puffs', 'As needed (when short of breath)', 'As needed');
INSERT INTO lab_reports (id, patient_id, test_name, category, date, hospital_name, doctor_name, status, ai_interpretation) VALUES ('LAB-1166-1', 1166, 'Complete Blood Count (CBC)', 'Hematology', NOW() - INTERVAL '6 days', 'National Medical Center', 'Dr. Sadia Begum', 'Completed', 'Mild leukocytosis observed, consistent with active respiratory tract infection. Eosinophil counts are slightly elevated, which could point to an allergic component (Asthma).');
INSERT INTO lab_test_results (lab_report_id, parameter, value, unit, reference_range, status) VALUES ('LAB-1166-1', 'Total WBC Count', '11.2', 'x10^9/L', '4.0 - 11.0', 'High');
INSERT INTO lab_test_results (lab_report_id, parameter, value, unit, reference_range, status) VALUES ('LAB-1166-1', 'Hemoglobin (Hb)', '14.5', 'g/dL', '13.5 - 17.5', 'Normal');
INSERT INTO lab_test_results (lab_report_id, parameter, value, unit, reference_range, status) VALUES ('LAB-1166-1', 'Eosinophils', '7', '%', '1 - 6', 'High');
INSERT INTO imaging_reports (id, patient_id, type, body_part, date, hospital_name, doctor_name, findings, impression) VALUES ('IMG-1166-1', 1166, 'X-Ray', 'Chest (P/A View)', NOW() - INTERVAL '6 days', 'National Medical Center', 'Dr. Sadia Begum', 'Lungs are hyperinflated. Increased bronchovascular markings seen bilaterally. Both costophrenic angles are clear. Heart size and shape are normal. Bony thorax and dome of diaphragms are intact.', 'Findings are suggestive of Acute Bronchitic changes. No consolidation or pleural effusion.');
INSERT INTO patient_allergies (patient_id, allergen, severity, reaction) VALUES (1166, 'Dust Mites', 'Moderate', 'Sneezing and coughing');
INSERT INTO patient_allergies (patient_id, allergen, severity, reaction) VALUES (1166, 'Pollen', 'Low', 'Runny nose');
INSERT INTO patient_allergies (patient_id, allergen, severity, reaction) VALUES (1166, 'Peanuts', 'High', 'Anaphylaxis and facial swelling');
INSERT INTO patient_chronic_diseases (patient_id, disease_name, status, diagnosed_date) VALUES (1166, 'Bronchial Asthma', 'Controlled', NOW() - INTERVAL '4 years 2 months');
INSERT INTO prescriptions (id, patient_id, date, doctor_name, doctor_specialization, hospital_name, diagnosis, clinical_notes, follow_up_date) VALUES ('PRES-1167-1', 1167, NOW() - INTERVAL '4 days', 'Dr. Jabbar Akter', 'Neuromedicine', 'United Hospital', 'Gastroesophageal Reflux Disease (GERD)', 'Complains of burning sensation in the chest (heartburn), sour taste in the mouth, and upper abdominal pain after meals. Recommended avoiding spicy foods, sleeping with head elevated, and not lying down immediately after eating.', 'In 2 weeks.');
INSERT INTO prescription_medicines (prescription_id, name, dosage, instruction, duration) VALUES ('PRES-1167-1', 'Cap. Esomeprazole 20mg', '1+0+1', '30 minutes before breakfast & dinner', '1 Month');
INSERT INTO prescription_medicines (prescription_id, name, dosage, instruction, duration) VALUES ('PRES-1167-1', 'Tab. Domperidone 10mg', '1+1+1', '15 minutes before meals', '10 Days');
INSERT INTO prescription_medicines (prescription_id, name, dosage, instruction, duration) VALUES ('PRES-1167-1', 'Syr. Antacid', '2 spoonful', '1 hour after meals', '7 Days');
INSERT INTO lab_reports (id, patient_id, test_name, category, date, hospital_name, doctor_name, status, ai_interpretation) VALUES ('LAB-1167-1', 1167, 'H. Pylori Screening Panel', 'Serology', NOW() - INTERVAL '4 days', 'United Hospital', 'Dr. Jabbar Akter', 'Completed', 'H. Pylori antigen test is negative. Upper GI symptoms are likely due to lifestyle/acid reflux rather than active bacterial infection.');
INSERT INTO lab_test_results (lab_report_id, parameter, value, unit, reference_range, status) VALUES ('LAB-1167-1', 'H. Pylori Ag (Stool)', 'Negative', 'N/A', 'Negative', 'Normal');
INSERT INTO imaging_reports (id, patient_id, type, body_part, date, hospital_name, doctor_name, findings, impression) VALUES ('IMG-1167-1', 1167, 'Ultrasonography', 'Hepatobiliary System (HBS)', NOW() - INTERVAL '4 days', 'United Hospital', 'Dr. Jabbar Akter', 'Gallbladder is distended with normal wall thickness. No gallstones or sludge seen. Common bile duct and intrahepatic biliary channels are normal. Pancreas and spleen are normal.', 'Normal HBS scan. No gallstones detected.');
INSERT INTO patient_chronic_diseases (patient_id, disease_name, status, diagnosed_date) VALUES (1167, 'Gastroesophageal Reflux Disease (GERD)', 'Active', NOW() - INTERVAL '1 years 11 months');
INSERT INTO prescriptions (id, patient_id, date, doctor_name, doctor_specialization, hospital_name, diagnosis, clinical_notes, follow_up_date) VALUES ('PRES-1168-1', 1168, NOW() - INTERVAL '6 days', 'Dr. Asif Ali', 'Pulmonology', 'National Cancer Research Institute & Hospital', 'Acute Bronchitis & suspected Asthma', 'Cough with sputum, shortness of breath, and chest tightness for 5 days. Wheezing heard on auscultation. Advised avoiding cold drinks, dust, and using inhaler correctly.', 'In 10 days for review of symptoms.');
INSERT INTO prescription_medicines (prescription_id, name, dosage, instruction, duration) VALUES ('PRES-1168-1', 'Tab. Azithromycin 500mg', '1+0+0', '1 hour before food', '5 Days');
INSERT INTO prescription_medicines (prescription_id, name, dosage, instruction, duration) VALUES ('PRES-1168-1', 'Tab. Montelukast 10mg', '0+0+1', 'At night', '14 Days');
INSERT INTO prescription_medicines (prescription_id, name, dosage, instruction, duration) VALUES ('PRES-1168-1', 'Inhaler Salbutamol 100mcg', '2 Puffs', 'As needed (when short of breath)', 'As needed');
INSERT INTO lab_reports (id, patient_id, test_name, category, date, hospital_name, doctor_name, status, ai_interpretation) VALUES ('LAB-1168-1', 1168, 'Complete Blood Count (CBC)', 'Hematology', NOW() - INTERVAL '6 days', 'National Cancer Research Institute & Hospital', 'Dr. Asif Ali', 'Completed', 'Mild leukocytosis observed, consistent with active respiratory tract infection. Eosinophil counts are slightly elevated, which could point to an allergic component (Asthma).');
INSERT INTO lab_test_results (lab_report_id, parameter, value, unit, reference_range, status) VALUES ('LAB-1168-1', 'Total WBC Count', '11.2', 'x10^9/L', '4.0 - 11.0', 'High');
INSERT INTO lab_test_results (lab_report_id, parameter, value, unit, reference_range, status) VALUES ('LAB-1168-1', 'Hemoglobin (Hb)', '14.5', 'g/dL', '13.5 - 17.5', 'Normal');
INSERT INTO lab_test_results (lab_report_id, parameter, value, unit, reference_range, status) VALUES ('LAB-1168-1', 'Eosinophils', '7', '%', '1 - 6', 'High');
INSERT INTO imaging_reports (id, patient_id, type, body_part, date, hospital_name, doctor_name, findings, impression) VALUES ('IMG-1168-1', 1168, 'X-Ray', 'Chest (P/A View)', NOW() - INTERVAL '6 days', 'National Cancer Research Institute & Hospital', 'Dr. Asif Ali', 'Lungs are hyperinflated. Increased bronchovascular markings seen bilaterally. Both costophrenic angles are clear. Heart size and shape are normal. Bony thorax and dome of diaphragms are intact.', 'Findings are suggestive of Acute Bronchitic changes. No consolidation or pleural effusion.');
INSERT INTO prescriptions (id, patient_id, date, doctor_name, doctor_specialization, hospital_name, diagnosis, clinical_notes, follow_up_date) VALUES ('PRES-1168-2', 1168, NOW() - INTERVAL '29 days', 'Dr. Sani Chowdhury', 'Dermatology', 'Dhaka Medical College Hospital', 'Type 2 Diabetes Mellitus & Essential Hypertension', 'Patient presents with generalized weakness and occasional dizziness. Blood pressure and fasting blood glucose are elevated. Recommended strict dietary control, low salt, regular walking, and compliance with medications.', 'In 3 months with fasting blood sugar and lipid profile reports.');
INSERT INTO prescription_medicines (prescription_id, name, dosage, instruction, duration) VALUES ('PRES-1168-2', 'Tab. Metformin HCl 500mg', '1+0+1', 'After meals', '3 Months');
INSERT INTO prescription_medicines (prescription_id, name, dosage, instruction, duration) VALUES ('PRES-1168-2', 'Tab. Amlodipine 5mg', '0+0+1', 'At night before sleeping', '1 Month');
INSERT INTO prescription_medicines (prescription_id, name, dosage, instruction, duration) VALUES ('PRES-1168-2', 'Tab. Atorvastatin 10mg', '0+0+1', 'At night after dinner', '2 Months');
INSERT INTO lab_reports (id, patient_id, test_name, category, date, hospital_name, doctor_name, status, ai_interpretation) VALUES ('LAB-1168-2', 1168, 'Diabetes and Kidney Function Panel', 'Biochemistry', NOW() - INTERVAL '29 days', 'Dhaka Medical College Hospital', 'Dr. Sani Chowdhury', 'Completed', 'Fasting Blood Glucose is high, indicating suboptimal glycemic control. Renal function (Creatinine) is normal. HbA1c should be monitored next visit.');
INSERT INTO lab_test_results (lab_report_id, parameter, value, unit, reference_range, status) VALUES ('LAB-1168-2', 'Fasting Blood Sugar (FBS)', '142', 'mg/dL', '70 - 100', 'High');
INSERT INTO lab_test_results (lab_report_id, parameter, value, unit, reference_range, status) VALUES ('LAB-1168-2', 'Serum Creatinine', '0.9', 'mg/dL', '0.6 - 1.2', 'Normal');
INSERT INTO lab_test_results (lab_report_id, parameter, value, unit, reference_range, status) VALUES ('LAB-1168-2', 'Blood Urea Nitrogen (BUN)', '14', 'mg/dL', '7 - 20', 'Normal');
INSERT INTO imaging_reports (id, patient_id, type, body_part, date, hospital_name, doctor_name, findings, impression) VALUES ('IMG-1168-2', 1168, 'Ultrasonography', 'Whole Abdomen', NOW() - INTERVAL '29 days', 'Dhaka Medical College Hospital', 'Dr. Sani Chowdhury', 'Liver shows normal size but mildly increased parenchymal echotexture, suggestive of Grade-I Fatty Liver. Gallbladder, spleen, kidneys, and urinary bladder are normal in size and shape. No calculi or focal masses seen.', 'Mild Hepatomegaly with Grade-I Fatty Change (Fatty Liver).');
INSERT INTO patient_allergies (patient_id, allergen, severity, reaction) VALUES (1168, 'Dust Mites', 'Moderate', 'Sneezing and coughing');
INSERT INTO patient_allergies (patient_id, allergen, severity, reaction) VALUES (1168, 'Pollen', 'Low', 'Runny nose');
INSERT INTO patient_chronic_diseases (patient_id, disease_name, status, diagnosed_date) VALUES (1168, 'Type 2 Diabetes Mellitus', 'Active', NOW() - INTERVAL '2 years 11 months');
INSERT INTO patient_chronic_diseases (patient_id, disease_name, status, diagnosed_date) VALUES (1168, 'Essential Hypertension', 'Active', NOW() - INTERVAL '7 years 12 months');
INSERT INTO patient_chronic_diseases (patient_id, disease_name, status, diagnosed_date) VALUES (1168, 'Bronchial Asthma', 'Controlled', NOW() - INTERVAL '8 years 3 months');
INSERT INTO prescriptions (id, patient_id, date, doctor_name, doctor_specialization, hospital_name, diagnosis, clinical_notes, follow_up_date) VALUES ('PRES-1169-1', 1169, NOW() - INTERVAL '21 days', 'Dr. Zarin Ali', 'Gastroenterology', 'North West Medical College & Hospital', 'Gastroesophageal Reflux Disease (GERD)', 'Complains of burning sensation in the chest (heartburn), sour taste in the mouth, and upper abdominal pain after meals. Recommended avoiding spicy foods, sleeping with head elevated, and not lying down immediately after eating.', 'In 2 weeks.');
INSERT INTO prescription_medicines (prescription_id, name, dosage, instruction, duration) VALUES ('PRES-1169-1', 'Cap. Esomeprazole 20mg', '1+0+1', '30 minutes before breakfast & dinner', '1 Month');
INSERT INTO prescription_medicines (prescription_id, name, dosage, instruction, duration) VALUES ('PRES-1169-1', 'Tab. Domperidone 10mg', '1+1+1', '15 minutes before meals', '10 Days');
INSERT INTO prescription_medicines (prescription_id, name, dosage, instruction, duration) VALUES ('PRES-1169-1', 'Syr. Antacid', '2 spoonful', '1 hour after meals', '7 Days');
INSERT INTO lab_reports (id, patient_id, test_name, category, date, hospital_name, doctor_name, status, ai_interpretation) VALUES ('LAB-1169-1', 1169, 'H. Pylori Screening Panel', 'Serology', NOW() - INTERVAL '21 days', 'North West Medical College & Hospital', 'Dr. Zarin Ali', 'Completed', 'H. Pylori antigen test is negative. Upper GI symptoms are likely due to lifestyle/acid reflux rather than active bacterial infection.');
INSERT INTO lab_test_results (lab_report_id, parameter, value, unit, reference_range, status) VALUES ('LAB-1169-1', 'H. Pylori Ag (Stool)', 'Negative', 'N/A', 'Negative', 'Normal');
INSERT INTO imaging_reports (id, patient_id, type, body_part, date, hospital_name, doctor_name, findings, impression) VALUES ('IMG-1169-1', 1169, 'Ultrasonography', 'Hepatobiliary System (HBS)', NOW() - INTERVAL '21 days', 'North West Medical College & Hospital', 'Dr. Zarin Ali', 'Gallbladder is distended with normal wall thickness. No gallstones or sludge seen. Common bile duct and intrahepatic biliary channels are normal. Pancreas and spleen are normal.', 'Normal HBS scan. No gallstones detected.');
INSERT INTO prescriptions (id, patient_id, date, doctor_name, doctor_specialization, hospital_name, diagnosis, clinical_notes, follow_up_date) VALUES ('PRES-1169-2', 1169, NOW() - INTERVAL '3 days', 'Dr. Biplob Ali', 'Neuromedicine', 'Apollo Imperial Hospital', 'Type 2 Diabetes Mellitus & Essential Hypertension', 'Patient presents with generalized weakness and occasional dizziness. Blood pressure and fasting blood glucose are elevated. Recommended strict dietary control, low salt, regular walking, and compliance with medications.', 'In 3 months with fasting blood sugar and lipid profile reports.');
INSERT INTO prescription_medicines (prescription_id, name, dosage, instruction, duration) VALUES ('PRES-1169-2', 'Tab. Metformin HCl 500mg', '1+0+1', 'After meals', '3 Months');
INSERT INTO prescription_medicines (prescription_id, name, dosage, instruction, duration) VALUES ('PRES-1169-2', 'Tab. Amlodipine 5mg', '0+0+1', 'At night before sleeping', '1 Month');
INSERT INTO prescription_medicines (prescription_id, name, dosage, instruction, duration) VALUES ('PRES-1169-2', 'Tab. Atorvastatin 10mg', '0+0+1', 'At night after dinner', '2 Months');
INSERT INTO lab_reports (id, patient_id, test_name, category, date, hospital_name, doctor_name, status, ai_interpretation) VALUES ('LAB-1169-2', 1169, 'Diabetes and Kidney Function Panel', 'Biochemistry', NOW() - INTERVAL '3 days', 'Apollo Imperial Hospital', 'Dr. Biplob Ali', 'Completed', 'Fasting Blood Glucose is high, indicating suboptimal glycemic control. Renal function (Creatinine) is normal. HbA1c should be monitored next visit.');
INSERT INTO lab_test_results (lab_report_id, parameter, value, unit, reference_range, status) VALUES ('LAB-1169-2', 'Fasting Blood Sugar (FBS)', '142', 'mg/dL', '70 - 100', 'High');
INSERT INTO lab_test_results (lab_report_id, parameter, value, unit, reference_range, status) VALUES ('LAB-1169-2', 'Serum Creatinine', '0.9', 'mg/dL', '0.6 - 1.2', 'Normal');
INSERT INTO lab_test_results (lab_report_id, parameter, value, unit, reference_range, status) VALUES ('LAB-1169-2', 'Blood Urea Nitrogen (BUN)', '14', 'mg/dL', '7 - 20', 'Normal');
INSERT INTO imaging_reports (id, patient_id, type, body_part, date, hospital_name, doctor_name, findings, impression) VALUES ('IMG-1169-2', 1169, 'Ultrasonography', 'Whole Abdomen', NOW() - INTERVAL '3 days', 'Apollo Imperial Hospital', 'Dr. Biplob Ali', 'Liver shows normal size but mildly increased parenchymal echotexture, suggestive of Grade-I Fatty Liver. Gallbladder, spleen, kidneys, and urinary bladder are normal in size and shape. No calculi or focal masses seen.', 'Mild Hepatomegaly with Grade-I Fatty Change (Fatty Liver).');
INSERT INTO patient_chronic_diseases (patient_id, disease_name, status, diagnosed_date) VALUES (1169, 'Gastroesophageal Reflux Disease (GERD)', 'Active', NOW() - INTERVAL '10 years 8 months');
INSERT INTO patient_chronic_diseases (patient_id, disease_name, status, diagnosed_date) VALUES (1169, 'Type 2 Diabetes Mellitus', 'Active', NOW() - INTERVAL '10 years 5 months');
INSERT INTO patient_chronic_diseases (patient_id, disease_name, status, diagnosed_date) VALUES (1169, 'Essential Hypertension', 'Active', NOW() - INTERVAL '2 years 10 months');
INSERT INTO prescriptions (id, patient_id, date, doctor_name, doctor_specialization, hospital_name, diagnosis, clinical_notes, follow_up_date) VALUES ('PRES-1170-1', 1170, NOW() - INTERVAL '8 days', 'Dr. Nehal Begum', 'Endocrinology & Diabetology', 'Sir Salimullah Medical College Hospital', 'Gastroesophageal Reflux Disease (GERD)', 'Complains of burning sensation in the chest (heartburn), sour taste in the mouth, and upper abdominal pain after meals. Recommended avoiding spicy foods, sleeping with head elevated, and not lying down immediately after eating.', 'In 2 weeks.');
INSERT INTO prescription_medicines (prescription_id, name, dosage, instruction, duration) VALUES ('PRES-1170-1', 'Cap. Esomeprazole 20mg', '1+0+1', '30 minutes before breakfast & dinner', '1 Month');
INSERT INTO prescription_medicines (prescription_id, name, dosage, instruction, duration) VALUES ('PRES-1170-1', 'Tab. Domperidone 10mg', '1+1+1', '15 minutes before meals', '10 Days');
INSERT INTO prescription_medicines (prescription_id, name, dosage, instruction, duration) VALUES ('PRES-1170-1', 'Syr. Antacid', '2 spoonful', '1 hour after meals', '7 Days');
INSERT INTO lab_reports (id, patient_id, test_name, category, date, hospital_name, doctor_name, status, ai_interpretation) VALUES ('LAB-1170-1', 1170, 'H. Pylori Screening Panel', 'Serology', NOW() - INTERVAL '8 days', 'Sir Salimullah Medical College Hospital', 'Dr. Nehal Begum', 'Completed', 'H. Pylori antigen test is negative. Upper GI symptoms are likely due to lifestyle/acid reflux rather than active bacterial infection.');
INSERT INTO lab_test_results (lab_report_id, parameter, value, unit, reference_range, status) VALUES ('LAB-1170-1', 'H. Pylori Ag (Stool)', 'Negative', 'N/A', 'Negative', 'Normal');
INSERT INTO imaging_reports (id, patient_id, type, body_part, date, hospital_name, doctor_name, findings, impression) VALUES ('IMG-1170-1', 1170, 'Ultrasonography', 'Hepatobiliary System (HBS)', NOW() - INTERVAL '8 days', 'Sir Salimullah Medical College Hospital', 'Dr. Nehal Begum', 'Gallbladder is distended with normal wall thickness. No gallstones or sludge seen. Common bile duct and intrahepatic biliary channels are normal. Pancreas and spleen are normal.', 'Normal HBS scan. No gallstones detected.');
INSERT INTO patient_chronic_diseases (patient_id, disease_name, status, diagnosed_date) VALUES (1170, 'Gastroesophageal Reflux Disease (GERD)', 'Active', NOW() - INTERVAL '10 years 11 months');
INSERT INTO patient_chronic_diseases (patient_id, disease_name, status, diagnosed_date) VALUES (1170, 'Hypothyroidism', 'Active', NOW() - INTERVAL '1 years 11 months');
INSERT INTO prescriptions (id, patient_id, date, doctor_name, doctor_specialization, hospital_name, diagnosis, clinical_notes, follow_up_date) VALUES ('PRES-1171-1', 1171, NOW() - INTERVAL '12 days', 'Dr. Begum Begum', 'Psychiatry', 'Apollo Imperial Hospital', 'Type 2 Diabetes Mellitus & Essential Hypertension', 'Patient presents with generalized weakness and occasional dizziness. Blood pressure and fasting blood glucose are elevated. Recommended strict dietary control, low salt, regular walking, and compliance with medications.', 'In 3 months with fasting blood sugar and lipid profile reports.');
INSERT INTO prescription_medicines (prescription_id, name, dosage, instruction, duration) VALUES ('PRES-1171-1', 'Tab. Metformin HCl 500mg', '1+0+1', 'After meals', '3 Months');
INSERT INTO prescription_medicines (prescription_id, name, dosage, instruction, duration) VALUES ('PRES-1171-1', 'Tab. Amlodipine 5mg', '0+0+1', 'At night before sleeping', '1 Month');
INSERT INTO prescription_medicines (prescription_id, name, dosage, instruction, duration) VALUES ('PRES-1171-1', 'Tab. Atorvastatin 10mg', '0+0+1', 'At night after dinner', '2 Months');
INSERT INTO lab_reports (id, patient_id, test_name, category, date, hospital_name, doctor_name, status, ai_interpretation) VALUES ('LAB-1171-1', 1171, 'Diabetes and Kidney Function Panel', 'Biochemistry', NOW() - INTERVAL '12 days', 'Apollo Imperial Hospital', 'Dr. Begum Begum', 'Completed', 'Fasting Blood Glucose is high, indicating suboptimal glycemic control. Renal function (Creatinine) is normal. HbA1c should be monitored next visit.');
INSERT INTO lab_test_results (lab_report_id, parameter, value, unit, reference_range, status) VALUES ('LAB-1171-1', 'Fasting Blood Sugar (FBS)', '142', 'mg/dL', '70 - 100', 'High');
INSERT INTO lab_test_results (lab_report_id, parameter, value, unit, reference_range, status) VALUES ('LAB-1171-1', 'Serum Creatinine', '0.9', 'mg/dL', '0.6 - 1.2', 'Normal');
INSERT INTO lab_test_results (lab_report_id, parameter, value, unit, reference_range, status) VALUES ('LAB-1171-1', 'Blood Urea Nitrogen (BUN)', '14', 'mg/dL', '7 - 20', 'Normal');
INSERT INTO imaging_reports (id, patient_id, type, body_part, date, hospital_name, doctor_name, findings, impression) VALUES ('IMG-1171-1', 1171, 'Ultrasonography', 'Whole Abdomen', NOW() - INTERVAL '12 days', 'Apollo Imperial Hospital', 'Dr. Begum Begum', 'Liver shows normal size but mildly increased parenchymal echotexture, suggestive of Grade-I Fatty Liver. Gallbladder, spleen, kidneys, and urinary bladder are normal in size and shape. No calculi or focal masses seen.', 'Mild Hepatomegaly with Grade-I Fatty Change (Fatty Liver).');
INSERT INTO patient_chronic_diseases (patient_id, disease_name, status, diagnosed_date) VALUES (1171, 'Type 2 Diabetes Mellitus', 'Active', NOW() - INTERVAL '2 years 6 months');
INSERT INTO patient_chronic_diseases (patient_id, disease_name, status, diagnosed_date) VALUES (1171, 'Essential Hypertension', 'Active', NOW() - INTERVAL '5 years 2 months');
INSERT INTO prescriptions (id, patient_id, date, doctor_name, doctor_specialization, hospital_name, diagnosis, clinical_notes, follow_up_date) VALUES ('PRES-1172-1', 1172, NOW() - INTERVAL '18 days', 'Dr. Khadija Begum', 'Psychiatry', 'Popular Diagnostic & Hospital', 'Acute Bronchitis & suspected Asthma', 'Cough with sputum, shortness of breath, and chest tightness for 5 days. Wheezing heard on auscultation. Advised avoiding cold drinks, dust, and using inhaler correctly.', 'In 10 days for review of symptoms.');
INSERT INTO prescription_medicines (prescription_id, name, dosage, instruction, duration) VALUES ('PRES-1172-1', 'Tab. Azithromycin 500mg', '1+0+0', '1 hour before food', '5 Days');
INSERT INTO prescription_medicines (prescription_id, name, dosage, instruction, duration) VALUES ('PRES-1172-1', 'Tab. Montelukast 10mg', '0+0+1', 'At night', '14 Days');
INSERT INTO prescription_medicines (prescription_id, name, dosage, instruction, duration) VALUES ('PRES-1172-1', 'Inhaler Salbutamol 100mcg', '2 Puffs', 'As needed (when short of breath)', 'As needed');
INSERT INTO lab_reports (id, patient_id, test_name, category, date, hospital_name, doctor_name, status, ai_interpretation) VALUES ('LAB-1172-1', 1172, 'Complete Blood Count (CBC)', 'Hematology', NOW() - INTERVAL '18 days', 'Popular Diagnostic & Hospital', 'Dr. Khadija Begum', 'Completed', 'Mild leukocytosis observed, consistent with active respiratory tract infection. Eosinophil counts are slightly elevated, which could point to an allergic component (Asthma).');
INSERT INTO lab_test_results (lab_report_id, parameter, value, unit, reference_range, status) VALUES ('LAB-1172-1', 'Total WBC Count', '11.2', 'x10^9/L', '4.0 - 11.0', 'High');
INSERT INTO lab_test_results (lab_report_id, parameter, value, unit, reference_range, status) VALUES ('LAB-1172-1', 'Hemoglobin (Hb)', '14.5', 'g/dL', '13.5 - 17.5', 'Normal');
INSERT INTO lab_test_results (lab_report_id, parameter, value, unit, reference_range, status) VALUES ('LAB-1172-1', 'Eosinophils', '7', '%', '1 - 6', 'High');
INSERT INTO imaging_reports (id, patient_id, type, body_part, date, hospital_name, doctor_name, findings, impression) VALUES ('IMG-1172-1', 1172, 'X-Ray', 'Chest (P/A View)', NOW() - INTERVAL '18 days', 'Popular Diagnostic & Hospital', 'Dr. Khadija Begum', 'Lungs are hyperinflated. Increased bronchovascular markings seen bilaterally. Both costophrenic angles are clear. Heart size and shape are normal. Bony thorax and dome of diaphragms are intact.', 'Findings are suggestive of Acute Bronchitic changes. No consolidation or pleural effusion.');
INSERT INTO prescriptions (id, patient_id, date, doctor_name, doctor_specialization, hospital_name, diagnosis, clinical_notes, follow_up_date) VALUES ('PRES-1172-2', 1172, NOW() - INTERVAL '23 days', 'Dr. Mahbub Islam', 'Gastroenterology', 'Dhaka Medical College Hospital', 'Bilateral Osteoarthritis of Knee Joints', 'Pain, stiffness, and cracking sounds in both knees for the last 6 months, worse in the mornings and after sitting. Advised hot compression, avoidance of sitting on floor/squatting, and moderate knee exercises.', 'In 1 Month.');
INSERT INTO prescription_medicines (prescription_id, name, dosage, instruction, duration) VALUES ('PRES-1172-2', 'Tab. Naproxen 500mg', '1+0+1', 'After meals (only when pain is high)', '7 Days');
INSERT INTO prescription_medicines (prescription_id, name, dosage, instruction, duration) VALUES ('PRES-1172-2', 'Cap. Glucosamine + Chondroitin', '1+0+1', 'After meals', '2 Months');
INSERT INTO prescription_medicines (prescription_id, name, dosage, instruction, duration) VALUES ('PRES-1172-2', 'Tab. Omeprazole 20mg', '1+0+1', 'Before breakfast & dinner', '1 Month');
INSERT INTO lab_reports (id, patient_id, test_name, category, date, hospital_name, doctor_name, status, ai_interpretation) VALUES ('LAB-1172-2', 1172, 'Arthritis & Rheumatology Profile', 'Serology', NOW() - INTERVAL '23 days', 'Dhaka Medical College Hospital', 'Dr. Mahbub Islam', 'Completed', 'Uric acid level is slightly elevated, but Rheumatoid Factor is negative, suggesting OA rather than Gout or Rheumatoid Arthritis.');
INSERT INTO lab_test_results (lab_report_id, parameter, value, unit, reference_range, status) VALUES ('LAB-1172-2', 'Serum Uric Acid', '7.5', 'mg/dL', '3.5 - 7.2', 'High');
INSERT INTO lab_test_results (lab_report_id, parameter, value, unit, reference_range, status) VALUES ('LAB-1172-2', 'Rheumatoid Factor (RF)', '8', 'IU/mL', '< 14', 'Normal');
INSERT INTO lab_test_results (lab_report_id, parameter, value, unit, reference_range, status) VALUES ('LAB-1172-2', 'C-Reactive Protein (CRP)', '4.2', 'mg/L', '< 5.0', 'Normal');
INSERT INTO imaging_reports (id, patient_id, type, body_part, date, hospital_name, doctor_name, findings, impression) VALUES ('IMG-1172-2', 1172, 'X-Ray', 'Bilateral Knee Joints (AP & Lateral)', NOW() - INTERVAL '23 days', 'Dhaka Medical College Hospital', 'Dr. Mahbub Islam', 'Narrowing of the medial joint spaces in both knees. Subchondral sclerosis and osteophyte formation are noted along the margins of both joint surfaces. No joint effusion or fracture.', 'Radiological features of Bilateral Osteoarthritis of Knees (Grade-II).');
INSERT INTO patient_allergies (patient_id, allergen, severity, reaction) VALUES (1172, 'Sulfa Drugs', 'Moderate', 'Generalized skin rash');
INSERT INTO patient_allergies (patient_id, allergen, severity, reaction) VALUES (1172, 'Dust Mites', 'Moderate', 'Sneezing and coughing');
INSERT INTO patient_allergies (patient_id, allergen, severity, reaction) VALUES (1172, 'Pollen', 'Low', 'Runny nose');
INSERT INTO patient_chronic_diseases (patient_id, disease_name, status, diagnosed_date) VALUES (1172, 'Osteoarthritis', 'Active', NOW() - INTERVAL '3 years 6 months');
INSERT INTO patient_chronic_diseases (patient_id, disease_name, status, diagnosed_date) VALUES (1172, 'Migraine', 'Active', NOW() - INTERVAL '7 years 7 months');
INSERT INTO patient_chronic_diseases (patient_id, disease_name, status, diagnosed_date) VALUES (1172, 'Bronchial Asthma', 'Controlled', NOW() - INTERVAL '2 years 10 months');
INSERT INTO prescriptions (id, patient_id, date, doctor_name, doctor_specialization, hospital_name, diagnosis, clinical_notes, follow_up_date) VALUES ('PRES-1173-1', 1173, NOW() - INTERVAL '8 days', 'Dr. Rafiq Hasan', 'Orthopedics', 'Mugda Medical College Hospital', 'Type 2 Diabetes Mellitus & Essential Hypertension', 'Patient presents with generalized weakness and occasional dizziness. Blood pressure and fasting blood glucose are elevated. Recommended strict dietary control, low salt, regular walking, and compliance with medications.', 'In 3 months with fasting blood sugar and lipid profile reports.');
INSERT INTO prescription_medicines (prescription_id, name, dosage, instruction, duration) VALUES ('PRES-1173-1', 'Tab. Metformin HCl 500mg', '1+0+1', 'After meals', '3 Months');
INSERT INTO prescription_medicines (prescription_id, name, dosage, instruction, duration) VALUES ('PRES-1173-1', 'Tab. Amlodipine 5mg', '0+0+1', 'At night before sleeping', '1 Month');
INSERT INTO prescription_medicines (prescription_id, name, dosage, instruction, duration) VALUES ('PRES-1173-1', 'Tab. Atorvastatin 10mg', '0+0+1', 'At night after dinner', '2 Months');
INSERT INTO lab_reports (id, patient_id, test_name, category, date, hospital_name, doctor_name, status, ai_interpretation) VALUES ('LAB-1173-1', 1173, 'Diabetes and Kidney Function Panel', 'Biochemistry', NOW() - INTERVAL '8 days', 'Mugda Medical College Hospital', 'Dr. Rafiq Hasan', 'Completed', 'Fasting Blood Glucose is high, indicating suboptimal glycemic control. Renal function (Creatinine) is normal. HbA1c should be monitored next visit.');
INSERT INTO lab_test_results (lab_report_id, parameter, value, unit, reference_range, status) VALUES ('LAB-1173-1', 'Fasting Blood Sugar (FBS)', '142', 'mg/dL', '70 - 100', 'High');
INSERT INTO lab_test_results (lab_report_id, parameter, value, unit, reference_range, status) VALUES ('LAB-1173-1', 'Serum Creatinine', '0.9', 'mg/dL', '0.6 - 1.2', 'Normal');
INSERT INTO lab_test_results (lab_report_id, parameter, value, unit, reference_range, status) VALUES ('LAB-1173-1', 'Blood Urea Nitrogen (BUN)', '14', 'mg/dL', '7 - 20', 'Normal');
INSERT INTO imaging_reports (id, patient_id, type, body_part, date, hospital_name, doctor_name, findings, impression) VALUES ('IMG-1173-1', 1173, 'Ultrasonography', 'Whole Abdomen', NOW() - INTERVAL '8 days', 'Mugda Medical College Hospital', 'Dr. Rafiq Hasan', 'Liver shows normal size but mildly increased parenchymal echotexture, suggestive of Grade-I Fatty Liver. Gallbladder, spleen, kidneys, and urinary bladder are normal in size and shape. No calculi or focal masses seen.', 'Mild Hepatomegaly with Grade-I Fatty Change (Fatty Liver).');
INSERT INTO patient_allergies (patient_id, allergen, severity, reaction) VALUES (1173, 'Dairy Products', 'Moderate', 'Abdominal cramps and diarrhea');
INSERT INTO patient_chronic_diseases (patient_id, disease_name, status, diagnosed_date) VALUES (1173, 'Hyperlipidemia', 'Active', NOW() - INTERVAL '7 years 11 months');
INSERT INTO patient_chronic_diseases (patient_id, disease_name, status, diagnosed_date) VALUES (1173, 'Type 2 Diabetes Mellitus', 'Active', NOW() - INTERVAL '8 years 5 months');
INSERT INTO patient_chronic_diseases (patient_id, disease_name, status, diagnosed_date) VALUES (1173, 'Essential Hypertension', 'Active', NOW() - INTERVAL '7 years 12 months');
INSERT INTO prescriptions (id, patient_id, date, doctor_name, doctor_specialization, hospital_name, diagnosis, clinical_notes, follow_up_date) VALUES ('PRES-1174-1', 1174, NOW() - INTERVAL '16 days', 'Dr. Salam Ali', 'Pulmonology', 'Apollo Imperial Hospital', 'Bilateral Osteoarthritis of Knee Joints', 'Pain, stiffness, and cracking sounds in both knees for the last 6 months, worse in the mornings and after sitting. Advised hot compression, avoidance of sitting on floor/squatting, and moderate knee exercises.', 'In 1 Month.');
INSERT INTO prescription_medicines (prescription_id, name, dosage, instruction, duration) VALUES ('PRES-1174-1', 'Tab. Naproxen 500mg', '1+0+1', 'After meals (only when pain is high)', '7 Days');
INSERT INTO prescription_medicines (prescription_id, name, dosage, instruction, duration) VALUES ('PRES-1174-1', 'Cap. Glucosamine + Chondroitin', '1+0+1', 'After meals', '2 Months');
INSERT INTO prescription_medicines (prescription_id, name, dosage, instruction, duration) VALUES ('PRES-1174-1', 'Tab. Omeprazole 20mg', '1+0+1', 'Before breakfast & dinner', '1 Month');
INSERT INTO lab_reports (id, patient_id, test_name, category, date, hospital_name, doctor_name, status, ai_interpretation) VALUES ('LAB-1174-1', 1174, 'Arthritis & Rheumatology Profile', 'Serology', NOW() - INTERVAL '16 days', 'Apollo Imperial Hospital', 'Dr. Salam Ali', 'Completed', 'Uric acid level is slightly elevated, but Rheumatoid Factor is negative, suggesting OA rather than Gout or Rheumatoid Arthritis.');
INSERT INTO lab_test_results (lab_report_id, parameter, value, unit, reference_range, status) VALUES ('LAB-1174-1', 'Serum Uric Acid', '7.5', 'mg/dL', '3.5 - 7.2', 'High');
INSERT INTO lab_test_results (lab_report_id, parameter, value, unit, reference_range, status) VALUES ('LAB-1174-1', 'Rheumatoid Factor (RF)', '8', 'IU/mL', '< 14', 'Normal');
INSERT INTO lab_test_results (lab_report_id, parameter, value, unit, reference_range, status) VALUES ('LAB-1174-1', 'C-Reactive Protein (CRP)', '4.2', 'mg/L', '< 5.0', 'Normal');
INSERT INTO imaging_reports (id, patient_id, type, body_part, date, hospital_name, doctor_name, findings, impression) VALUES ('IMG-1174-1', 1174, 'X-Ray', 'Bilateral Knee Joints (AP & Lateral)', NOW() - INTERVAL '16 days', 'Apollo Imperial Hospital', 'Dr. Salam Ali', 'Narrowing of the medial joint spaces in both knees. Subchondral sclerosis and osteophyte formation are noted along the margins of both joint surfaces. No joint effusion or fracture.', 'Radiological features of Bilateral Osteoarthritis of Knees (Grade-II).');
INSERT INTO patient_allergies (patient_id, allergen, severity, reaction) VALUES (1174, 'Peanuts', 'High', 'Anaphylaxis and facial swelling');
INSERT INTO patient_chronic_diseases (patient_id, disease_name, status, diagnosed_date) VALUES (1174, 'Osteoarthritis', 'Active', NOW() - INTERVAL '6 years 1 months');
INSERT INTO prescriptions (id, patient_id, date, doctor_name, doctor_specialization, hospital_name, diagnosis, clinical_notes, follow_up_date) VALUES ('PRES-1175-1', 1175, NOW() - INTERVAL '23 days', 'Dr. Kohinoor Islam', 'General Surgery', 'Anwer Khan Modern Medical College Hospital', 'Type 2 Diabetes Mellitus & Essential Hypertension', 'Patient presents with generalized weakness and occasional dizziness. Blood pressure and fasting blood glucose are elevated. Recommended strict dietary control, low salt, regular walking, and compliance with medications.', 'In 3 months with fasting blood sugar and lipid profile reports.');
INSERT INTO prescription_medicines (prescription_id, name, dosage, instruction, duration) VALUES ('PRES-1175-1', 'Tab. Metformin HCl 500mg', '1+0+1', 'After meals', '3 Months');
INSERT INTO prescription_medicines (prescription_id, name, dosage, instruction, duration) VALUES ('PRES-1175-1', 'Tab. Amlodipine 5mg', '0+0+1', 'At night before sleeping', '1 Month');
INSERT INTO prescription_medicines (prescription_id, name, dosage, instruction, duration) VALUES ('PRES-1175-1', 'Tab. Atorvastatin 10mg', '0+0+1', 'At night after dinner', '2 Months');
INSERT INTO lab_reports (id, patient_id, test_name, category, date, hospital_name, doctor_name, status, ai_interpretation) VALUES ('LAB-1175-1', 1175, 'Diabetes and Kidney Function Panel', 'Biochemistry', NOW() - INTERVAL '23 days', 'Anwer Khan Modern Medical College Hospital', 'Dr. Kohinoor Islam', 'Completed', 'Fasting Blood Glucose is high, indicating suboptimal glycemic control. Renal function (Creatinine) is normal. HbA1c should be monitored next visit.');
INSERT INTO lab_test_results (lab_report_id, parameter, value, unit, reference_range, status) VALUES ('LAB-1175-1', 'Fasting Blood Sugar (FBS)', '142', 'mg/dL', '70 - 100', 'High');
INSERT INTO lab_test_results (lab_report_id, parameter, value, unit, reference_range, status) VALUES ('LAB-1175-1', 'Serum Creatinine', '0.9', 'mg/dL', '0.6 - 1.2', 'Normal');
INSERT INTO lab_test_results (lab_report_id, parameter, value, unit, reference_range, status) VALUES ('LAB-1175-1', 'Blood Urea Nitrogen (BUN)', '14', 'mg/dL', '7 - 20', 'Normal');
INSERT INTO imaging_reports (id, patient_id, type, body_part, date, hospital_name, doctor_name, findings, impression) VALUES ('IMG-1175-1', 1175, 'Ultrasonography', 'Whole Abdomen', NOW() - INTERVAL '23 days', 'Anwer Khan Modern Medical College Hospital', 'Dr. Kohinoor Islam', 'Liver shows normal size but mildly increased parenchymal echotexture, suggestive of Grade-I Fatty Liver. Gallbladder, spleen, kidneys, and urinary bladder are normal in size and shape. No calculi or focal masses seen.', 'Mild Hepatomegaly with Grade-I Fatty Change (Fatty Liver).');
INSERT INTO patient_chronic_diseases (patient_id, disease_name, status, diagnosed_date) VALUES (1175, 'Type 2 Diabetes Mellitus', 'Active', NOW() - INTERVAL '7 years 12 months');
INSERT INTO patient_chronic_diseases (patient_id, disease_name, status, diagnosed_date) VALUES (1175, 'Essential Hypertension', 'Active', NOW() - INTERVAL '5 years 6 months');
INSERT INTO patient_chronic_diseases (patient_id, disease_name, status, diagnosed_date) VALUES (1175, 'Chronic Low Back Pain', 'Active', NOW() - INTERVAL '5 years 4 months');
INSERT INTO prescriptions (id, patient_id, date, doctor_name, doctor_specialization, hospital_name, diagnosis, clinical_notes, follow_up_date) VALUES ('PRES-1176-1', 1176, NOW() - INTERVAL '9 days', 'Dr. Lubna Akter', 'Pediatrics', 'Delta Hospital', 'Bilateral Osteoarthritis of Knee Joints', 'Pain, stiffness, and cracking sounds in both knees for the last 6 months, worse in the mornings and after sitting. Advised hot compression, avoidance of sitting on floor/squatting, and moderate knee exercises.', 'In 1 Month.');
INSERT INTO prescription_medicines (prescription_id, name, dosage, instruction, duration) VALUES ('PRES-1176-1', 'Tab. Naproxen 500mg', '1+0+1', 'After meals (only when pain is high)', '7 Days');
INSERT INTO prescription_medicines (prescription_id, name, dosage, instruction, duration) VALUES ('PRES-1176-1', 'Cap. Glucosamine + Chondroitin', '1+0+1', 'After meals', '2 Months');
INSERT INTO prescription_medicines (prescription_id, name, dosage, instruction, duration) VALUES ('PRES-1176-1', 'Tab. Omeprazole 20mg', '1+0+1', 'Before breakfast & dinner', '1 Month');
INSERT INTO lab_reports (id, patient_id, test_name, category, date, hospital_name, doctor_name, status, ai_interpretation) VALUES ('LAB-1176-1', 1176, 'Arthritis & Rheumatology Profile', 'Serology', NOW() - INTERVAL '9 days', 'Delta Hospital', 'Dr. Lubna Akter', 'Completed', 'Uric acid level is slightly elevated, but Rheumatoid Factor is negative, suggesting OA rather than Gout or Rheumatoid Arthritis.');
INSERT INTO lab_test_results (lab_report_id, parameter, value, unit, reference_range, status) VALUES ('LAB-1176-1', 'Serum Uric Acid', '7.5', 'mg/dL', '3.5 - 7.2', 'High');
INSERT INTO lab_test_results (lab_report_id, parameter, value, unit, reference_range, status) VALUES ('LAB-1176-1', 'Rheumatoid Factor (RF)', '8', 'IU/mL', '< 14', 'Normal');
INSERT INTO lab_test_results (lab_report_id, parameter, value, unit, reference_range, status) VALUES ('LAB-1176-1', 'C-Reactive Protein (CRP)', '4.2', 'mg/L', '< 5.0', 'Normal');
INSERT INTO imaging_reports (id, patient_id, type, body_part, date, hospital_name, doctor_name, findings, impression) VALUES ('IMG-1176-1', 1176, 'X-Ray', 'Bilateral Knee Joints (AP & Lateral)', NOW() - INTERVAL '9 days', 'Delta Hospital', 'Dr. Lubna Akter', 'Narrowing of the medial joint spaces in both knees. Subchondral sclerosis and osteophyte formation are noted along the margins of both joint surfaces. No joint effusion or fracture.', 'Radiological features of Bilateral Osteoarthritis of Knees (Grade-II).');
INSERT INTO patient_chronic_diseases (patient_id, disease_name, status, diagnosed_date) VALUES (1176, 'Osteoarthritis', 'Active', NOW() - INTERVAL '7 years 2 months');
INSERT INTO patient_chronic_diseases (patient_id, disease_name, status, diagnosed_date) VALUES (1176, 'Hypothyroidism', 'Active', NOW() - INTERVAL '7 years 4 months');
INSERT INTO prescriptions (id, patient_id, date, doctor_name, doctor_specialization, hospital_name, diagnosis, clinical_notes, follow_up_date) VALUES ('PRES-1177-1', 1177, NOW() - INTERVAL '20 days', 'Dr. Rafiq Siddique', 'Gastroenterology', 'Anwer Khan Modern Medical College Hospital', 'Bilateral Osteoarthritis of Knee Joints', 'Pain, stiffness, and cracking sounds in both knees for the last 6 months, worse in the mornings and after sitting. Advised hot compression, avoidance of sitting on floor/squatting, and moderate knee exercises.', 'In 1 Month.');
INSERT INTO prescription_medicines (prescription_id, name, dosage, instruction, duration) VALUES ('PRES-1177-1', 'Tab. Naproxen 500mg', '1+0+1', 'After meals (only when pain is high)', '7 Days');
INSERT INTO prescription_medicines (prescription_id, name, dosage, instruction, duration) VALUES ('PRES-1177-1', 'Cap. Glucosamine + Chondroitin', '1+0+1', 'After meals', '2 Months');
INSERT INTO prescription_medicines (prescription_id, name, dosage, instruction, duration) VALUES ('PRES-1177-1', 'Tab. Omeprazole 20mg', '1+0+1', 'Before breakfast & dinner', '1 Month');
INSERT INTO lab_reports (id, patient_id, test_name, category, date, hospital_name, doctor_name, status, ai_interpretation) VALUES ('LAB-1177-1', 1177, 'Arthritis & Rheumatology Profile', 'Serology', NOW() - INTERVAL '20 days', 'Anwer Khan Modern Medical College Hospital', 'Dr. Rafiq Siddique', 'Completed', 'Uric acid level is slightly elevated, but Rheumatoid Factor is negative, suggesting OA rather than Gout or Rheumatoid Arthritis.');
INSERT INTO lab_test_results (lab_report_id, parameter, value, unit, reference_range, status) VALUES ('LAB-1177-1', 'Serum Uric Acid', '7.5', 'mg/dL', '3.5 - 7.2', 'High');
INSERT INTO lab_test_results (lab_report_id, parameter, value, unit, reference_range, status) VALUES ('LAB-1177-1', 'Rheumatoid Factor (RF)', '8', 'IU/mL', '< 14', 'Normal');
INSERT INTO lab_test_results (lab_report_id, parameter, value, unit, reference_range, status) VALUES ('LAB-1177-1', 'C-Reactive Protein (CRP)', '4.2', 'mg/L', '< 5.0', 'Normal');
INSERT INTO imaging_reports (id, patient_id, type, body_part, date, hospital_name, doctor_name, findings, impression) VALUES ('IMG-1177-1', 1177, 'X-Ray', 'Bilateral Knee Joints (AP & Lateral)', NOW() - INTERVAL '20 days', 'Anwer Khan Modern Medical College Hospital', 'Dr. Rafiq Siddique', 'Narrowing of the medial joint spaces in both knees. Subchondral sclerosis and osteophyte formation are noted along the margins of both joint surfaces. No joint effusion or fracture.', 'Radiological features of Bilateral Osteoarthritis of Knees (Grade-II).');
INSERT INTO prescriptions (id, patient_id, date, doctor_name, doctor_specialization, hospital_name, diagnosis, clinical_notes, follow_up_date) VALUES ('PRES-1177-2', 1177, NOW() - INTERVAL '20 days', 'Dr. Faruq Begum', 'Neuromedicine', 'Square Hospitals Ltd.', 'Acute Bronchitis & suspected Asthma', 'Cough with sputum, shortness of breath, and chest tightness for 5 days. Wheezing heard on auscultation. Advised avoiding cold drinks, dust, and using inhaler correctly.', 'In 10 days for review of symptoms.');
INSERT INTO prescription_medicines (prescription_id, name, dosage, instruction, duration) VALUES ('PRES-1177-2', 'Tab. Azithromycin 500mg', '1+0+0', '1 hour before food', '5 Days');
INSERT INTO prescription_medicines (prescription_id, name, dosage, instruction, duration) VALUES ('PRES-1177-2', 'Tab. Montelukast 10mg', '0+0+1', 'At night', '14 Days');
INSERT INTO prescription_medicines (prescription_id, name, dosage, instruction, duration) VALUES ('PRES-1177-2', 'Inhaler Salbutamol 100mcg', '2 Puffs', 'As needed (when short of breath)', 'As needed');
INSERT INTO lab_reports (id, patient_id, test_name, category, date, hospital_name, doctor_name, status, ai_interpretation) VALUES ('LAB-1177-2', 1177, 'Complete Blood Count (CBC)', 'Hematology', NOW() - INTERVAL '20 days', 'Square Hospitals Ltd.', 'Dr. Faruq Begum', 'Completed', 'Mild leukocytosis observed, consistent with active respiratory tract infection. Eosinophil counts are slightly elevated, which could point to an allergic component (Asthma).');
INSERT INTO lab_test_results (lab_report_id, parameter, value, unit, reference_range, status) VALUES ('LAB-1177-2', 'Total WBC Count', '11.2', 'x10^9/L', '4.0 - 11.0', 'High');
INSERT INTO lab_test_results (lab_report_id, parameter, value, unit, reference_range, status) VALUES ('LAB-1177-2', 'Hemoglobin (Hb)', '14.5', 'g/dL', '13.5 - 17.5', 'Normal');
INSERT INTO lab_test_results (lab_report_id, parameter, value, unit, reference_range, status) VALUES ('LAB-1177-2', 'Eosinophils', '7', '%', '1 - 6', 'High');
INSERT INTO imaging_reports (id, patient_id, type, body_part, date, hospital_name, doctor_name, findings, impression) VALUES ('IMG-1177-2', 1177, 'X-Ray', 'Chest (P/A View)', NOW() - INTERVAL '20 days', 'Square Hospitals Ltd.', 'Dr. Faruq Begum', 'Lungs are hyperinflated. Increased bronchovascular markings seen bilaterally. Both costophrenic angles are clear. Heart size and shape are normal. Bony thorax and dome of diaphragms are intact.', 'Findings are suggestive of Acute Bronchitic changes. No consolidation or pleural effusion.');
INSERT INTO patient_allergies (patient_id, allergen, severity, reaction) VALUES (1177, 'Dust Mites', 'Moderate', 'Sneezing and coughing');
INSERT INTO patient_allergies (patient_id, allergen, severity, reaction) VALUES (1177, 'Pollen', 'Low', 'Runny nose');
INSERT INTO patient_allergies (patient_id, allergen, severity, reaction) VALUES (1177, 'Peanuts', 'High', 'Anaphylaxis and facial swelling');
INSERT INTO patient_chronic_diseases (patient_id, disease_name, status, diagnosed_date) VALUES (1177, 'Osteoarthritis', 'Active', NOW() - INTERVAL '2 years 1 months');
INSERT INTO patient_chronic_diseases (patient_id, disease_name, status, diagnosed_date) VALUES (1177, 'Bronchial Asthma', 'Controlled', NOW() - INTERVAL '5 years 3 months');
INSERT INTO prescriptions (id, patient_id, date, doctor_name, doctor_specialization, hospital_name, diagnosis, clinical_notes, follow_up_date) VALUES ('PRES-1178-1', 1178, NOW() - INTERVAL '28 days', 'Dr. Begum Ahmed', 'General Surgery', 'Square Hospitals Ltd.', 'Type 2 Diabetes Mellitus & Essential Hypertension', 'Patient presents with generalized weakness and occasional dizziness. Blood pressure and fasting blood glucose are elevated. Recommended strict dietary control, low salt, regular walking, and compliance with medications.', 'In 3 months with fasting blood sugar and lipid profile reports.');
INSERT INTO prescription_medicines (prescription_id, name, dosage, instruction, duration) VALUES ('PRES-1178-1', 'Tab. Metformin HCl 500mg', '1+0+1', 'After meals', '3 Months');
INSERT INTO prescription_medicines (prescription_id, name, dosage, instruction, duration) VALUES ('PRES-1178-1', 'Tab. Amlodipine 5mg', '0+0+1', 'At night before sleeping', '1 Month');
INSERT INTO prescription_medicines (prescription_id, name, dosage, instruction, duration) VALUES ('PRES-1178-1', 'Tab. Atorvastatin 10mg', '0+0+1', 'At night after dinner', '2 Months');
INSERT INTO lab_reports (id, patient_id, test_name, category, date, hospital_name, doctor_name, status, ai_interpretation) VALUES ('LAB-1178-1', 1178, 'Diabetes and Kidney Function Panel', 'Biochemistry', NOW() - INTERVAL '28 days', 'Square Hospitals Ltd.', 'Dr. Begum Ahmed', 'Completed', 'Fasting Blood Glucose is high, indicating suboptimal glycemic control. Renal function (Creatinine) is normal. HbA1c should be monitored next visit.');
INSERT INTO lab_test_results (lab_report_id, parameter, value, unit, reference_range, status) VALUES ('LAB-1178-1', 'Fasting Blood Sugar (FBS)', '142', 'mg/dL', '70 - 100', 'High');
INSERT INTO lab_test_results (lab_report_id, parameter, value, unit, reference_range, status) VALUES ('LAB-1178-1', 'Serum Creatinine', '0.9', 'mg/dL', '0.6 - 1.2', 'Normal');
INSERT INTO lab_test_results (lab_report_id, parameter, value, unit, reference_range, status) VALUES ('LAB-1178-1', 'Blood Urea Nitrogen (BUN)', '14', 'mg/dL', '7 - 20', 'Normal');
INSERT INTO imaging_reports (id, patient_id, type, body_part, date, hospital_name, doctor_name, findings, impression) VALUES ('IMG-1178-1', 1178, 'Ultrasonography', 'Whole Abdomen', NOW() - INTERVAL '28 days', 'Square Hospitals Ltd.', 'Dr. Begum Ahmed', 'Liver shows normal size but mildly increased parenchymal echotexture, suggestive of Grade-I Fatty Liver. Gallbladder, spleen, kidneys, and urinary bladder are normal in size and shape. No calculi or focal masses seen.', 'Mild Hepatomegaly with Grade-I Fatty Change (Fatty Liver).');
INSERT INTO patient_chronic_diseases (patient_id, disease_name, status, diagnosed_date) VALUES (1178, 'Allergic Rhinitis', 'Controlled', NOW() - INTERVAL '8 years 6 months');
INSERT INTO patient_chronic_diseases (patient_id, disease_name, status, diagnosed_date) VALUES (1178, 'Type 2 Diabetes Mellitus', 'Active', NOW() - INTERVAL '5 years 12 months');
INSERT INTO patient_chronic_diseases (patient_id, disease_name, status, diagnosed_date) VALUES (1178, 'Essential Hypertension', 'Active', NOW() - INTERVAL '1 years 5 months');
INSERT INTO prescriptions (id, patient_id, date, doctor_name, doctor_specialization, hospital_name, diagnosis, clinical_notes, follow_up_date) VALUES ('PRES-1179-1', 1179, NOW() - INTERVAL '12 days', 'Dr. Shilpi Siddique', 'Urology', 'Kurmitola General Hospital', 'Gastroesophageal Reflux Disease (GERD)', 'Complains of burning sensation in the chest (heartburn), sour taste in the mouth, and upper abdominal pain after meals. Recommended avoiding spicy foods, sleeping with head elevated, and not lying down immediately after eating.', 'In 2 weeks.');
INSERT INTO prescription_medicines (prescription_id, name, dosage, instruction, duration) VALUES ('PRES-1179-1', 'Cap. Esomeprazole 20mg', '1+0+1', '30 minutes before breakfast & dinner', '1 Month');
INSERT INTO prescription_medicines (prescription_id, name, dosage, instruction, duration) VALUES ('PRES-1179-1', 'Tab. Domperidone 10mg', '1+1+1', '15 minutes before meals', '10 Days');
INSERT INTO prescription_medicines (prescription_id, name, dosage, instruction, duration) VALUES ('PRES-1179-1', 'Syr. Antacid', '2 spoonful', '1 hour after meals', '7 Days');
INSERT INTO lab_reports (id, patient_id, test_name, category, date, hospital_name, doctor_name, status, ai_interpretation) VALUES ('LAB-1179-1', 1179, 'H. Pylori Screening Panel', 'Serology', NOW() - INTERVAL '12 days', 'Kurmitola General Hospital', 'Dr. Shilpi Siddique', 'Completed', 'H. Pylori antigen test is negative. Upper GI symptoms are likely due to lifestyle/acid reflux rather than active bacterial infection.');
INSERT INTO lab_test_results (lab_report_id, parameter, value, unit, reference_range, status) VALUES ('LAB-1179-1', 'H. Pylori Ag (Stool)', 'Negative', 'N/A', 'Negative', 'Normal');
INSERT INTO imaging_reports (id, patient_id, type, body_part, date, hospital_name, doctor_name, findings, impression) VALUES ('IMG-1179-1', 1179, 'Ultrasonography', 'Hepatobiliary System (HBS)', NOW() - INTERVAL '12 days', 'Kurmitola General Hospital', 'Dr. Shilpi Siddique', 'Gallbladder is distended with normal wall thickness. No gallstones or sludge seen. Common bile duct and intrahepatic biliary channels are normal. Pancreas and spleen are normal.', 'Normal HBS scan. No gallstones detected.');
INSERT INTO patient_chronic_diseases (patient_id, disease_name, status, diagnosed_date) VALUES (1179, 'Gastroesophageal Reflux Disease (GERD)', 'Active', NOW() - INTERVAL '9 years 10 months');
INSERT INTO prescriptions (id, patient_id, date, doctor_name, doctor_specialization, hospital_name, diagnosis, clinical_notes, follow_up_date) VALUES ('PRES-1180-1', 1180, NOW() - INTERVAL '9 days', 'Dr. Selim Hasan', 'General Medicine', 'Anwer Khan Modern Medical College Hospital', 'Type 2 Diabetes Mellitus & Essential Hypertension', 'Patient presents with generalized weakness and occasional dizziness. Blood pressure and fasting blood glucose are elevated. Recommended strict dietary control, low salt, regular walking, and compliance with medications.', 'In 3 months with fasting blood sugar and lipid profile reports.');
INSERT INTO prescription_medicines (prescription_id, name, dosage, instruction, duration) VALUES ('PRES-1180-1', 'Tab. Metformin HCl 500mg', '1+0+1', 'After meals', '3 Months');
INSERT INTO prescription_medicines (prescription_id, name, dosage, instruction, duration) VALUES ('PRES-1180-1', 'Tab. Amlodipine 5mg', '0+0+1', 'At night before sleeping', '1 Month');
INSERT INTO prescription_medicines (prescription_id, name, dosage, instruction, duration) VALUES ('PRES-1180-1', 'Tab. Atorvastatin 10mg', '0+0+1', 'At night after dinner', '2 Months');
INSERT INTO lab_reports (id, patient_id, test_name, category, date, hospital_name, doctor_name, status, ai_interpretation) VALUES ('LAB-1180-1', 1180, 'Diabetes and Kidney Function Panel', 'Biochemistry', NOW() - INTERVAL '9 days', 'Anwer Khan Modern Medical College Hospital', 'Dr. Selim Hasan', 'Completed', 'Fasting Blood Glucose is high, indicating suboptimal glycemic control. Renal function (Creatinine) is normal. HbA1c should be monitored next visit.');
INSERT INTO lab_test_results (lab_report_id, parameter, value, unit, reference_range, status) VALUES ('LAB-1180-1', 'Fasting Blood Sugar (FBS)', '142', 'mg/dL', '70 - 100', 'High');
INSERT INTO lab_test_results (lab_report_id, parameter, value, unit, reference_range, status) VALUES ('LAB-1180-1', 'Serum Creatinine', '0.9', 'mg/dL', '0.6 - 1.2', 'Normal');
INSERT INTO lab_test_results (lab_report_id, parameter, value, unit, reference_range, status) VALUES ('LAB-1180-1', 'Blood Urea Nitrogen (BUN)', '14', 'mg/dL', '7 - 20', 'Normal');
INSERT INTO imaging_reports (id, patient_id, type, body_part, date, hospital_name, doctor_name, findings, impression) VALUES ('IMG-1180-1', 1180, 'Ultrasonography', 'Whole Abdomen', NOW() - INTERVAL '9 days', 'Anwer Khan Modern Medical College Hospital', 'Dr. Selim Hasan', 'Liver shows normal size but mildly increased parenchymal echotexture, suggestive of Grade-I Fatty Liver. Gallbladder, spleen, kidneys, and urinary bladder are normal in size and shape. No calculi or focal masses seen.', 'Mild Hepatomegaly with Grade-I Fatty Change (Fatty Liver).');
INSERT INTO patient_chronic_diseases (patient_id, disease_name, status, diagnosed_date) VALUES (1180, 'Anemia', 'Active', NOW() - INTERVAL '5 years 10 months');
INSERT INTO patient_chronic_diseases (patient_id, disease_name, status, diagnosed_date) VALUES (1180, 'Type 2 Diabetes Mellitus', 'Active', NOW() - INTERVAL '3 years 2 months');
INSERT INTO patient_chronic_diseases (patient_id, disease_name, status, diagnosed_date) VALUES (1180, 'Essential Hypertension', 'Active', NOW() - INTERVAL '5 years 12 months');
INSERT INTO prescriptions (id, patient_id, date, doctor_name, doctor_specialization, hospital_name, diagnosis, clinical_notes, follow_up_date) VALUES ('PRES-1181-1', 1181, NOW() - INTERVAL '22 days', 'Dr. Nehal Begum', 'Endocrinology & Diabetology', 'Sir Salimullah Medical College Hospital', 'Gastroesophageal Reflux Disease (GERD)', 'Complains of burning sensation in the chest (heartburn), sour taste in the mouth, and upper abdominal pain after meals. Recommended avoiding spicy foods, sleeping with head elevated, and not lying down immediately after eating.', 'In 2 weeks.');
INSERT INTO prescription_medicines (prescription_id, name, dosage, instruction, duration) VALUES ('PRES-1181-1', 'Cap. Esomeprazole 20mg', '1+0+1', '30 minutes before breakfast & dinner', '1 Month');
INSERT INTO prescription_medicines (prescription_id, name, dosage, instruction, duration) VALUES ('PRES-1181-1', 'Tab. Domperidone 10mg', '1+1+1', '15 minutes before meals', '10 Days');
INSERT INTO prescription_medicines (prescription_id, name, dosage, instruction, duration) VALUES ('PRES-1181-1', 'Syr. Antacid', '2 spoonful', '1 hour after meals', '7 Days');
INSERT INTO lab_reports (id, patient_id, test_name, category, date, hospital_name, doctor_name, status, ai_interpretation) VALUES ('LAB-1181-1', 1181, 'H. Pylori Screening Panel', 'Serology', NOW() - INTERVAL '22 days', 'Sir Salimullah Medical College Hospital', 'Dr. Nehal Begum', 'Completed', 'H. Pylori antigen test is negative. Upper GI symptoms are likely due to lifestyle/acid reflux rather than active bacterial infection.');
INSERT INTO lab_test_results (lab_report_id, parameter, value, unit, reference_range, status) VALUES ('LAB-1181-1', 'H. Pylori Ag (Stool)', 'Negative', 'N/A', 'Negative', 'Normal');
INSERT INTO imaging_reports (id, patient_id, type, body_part, date, hospital_name, doctor_name, findings, impression) VALUES ('IMG-1181-1', 1181, 'Ultrasonography', 'Hepatobiliary System (HBS)', NOW() - INTERVAL '22 days', 'Sir Salimullah Medical College Hospital', 'Dr. Nehal Begum', 'Gallbladder is distended with normal wall thickness. No gallstones or sludge seen. Common bile duct and intrahepatic biliary channels are normal. Pancreas and spleen are normal.', 'Normal HBS scan. No gallstones detected.');
INSERT INTO patient_chronic_diseases (patient_id, disease_name, status, diagnosed_date) VALUES (1181, 'Gastroesophageal Reflux Disease (GERD)', 'Active', NOW() - INTERVAL '1 years 2 months');
INSERT INTO prescriptions (id, patient_id, date, doctor_name, doctor_specialization, hospital_name, diagnosis, clinical_notes, follow_up_date) VALUES ('PRES-1182-1', 1182, NOW() - INTERVAL '2 days', 'Dr. Sadia Begum', 'Urology', 'National Medical Center', 'Acute Bronchitis & suspected Asthma', 'Cough with sputum, shortness of breath, and chest tightness for 5 days. Wheezing heard on auscultation. Advised avoiding cold drinks, dust, and using inhaler correctly.', 'In 10 days for review of symptoms.');
INSERT INTO prescription_medicines (prescription_id, name, dosage, instruction, duration) VALUES ('PRES-1182-1', 'Tab. Azithromycin 500mg', '1+0+0', '1 hour before food', '5 Days');
INSERT INTO prescription_medicines (prescription_id, name, dosage, instruction, duration) VALUES ('PRES-1182-1', 'Tab. Montelukast 10mg', '0+0+1', 'At night', '14 Days');
INSERT INTO prescription_medicines (prescription_id, name, dosage, instruction, duration) VALUES ('PRES-1182-1', 'Inhaler Salbutamol 100mcg', '2 Puffs', 'As needed (when short of breath)', 'As needed');
INSERT INTO lab_reports (id, patient_id, test_name, category, date, hospital_name, doctor_name, status, ai_interpretation) VALUES ('LAB-1182-1', 1182, 'Complete Blood Count (CBC)', 'Hematology', NOW() - INTERVAL '2 days', 'National Medical Center', 'Dr. Sadia Begum', 'Completed', 'Mild leukocytosis observed, consistent with active respiratory tract infection. Eosinophil counts are slightly elevated, which could point to an allergic component (Asthma).');
INSERT INTO lab_test_results (lab_report_id, parameter, value, unit, reference_range, status) VALUES ('LAB-1182-1', 'Total WBC Count', '11.2', 'x10^9/L', '4.0 - 11.0', 'High');
INSERT INTO lab_test_results (lab_report_id, parameter, value, unit, reference_range, status) VALUES ('LAB-1182-1', 'Hemoglobin (Hb)', '14.5', 'g/dL', '13.5 - 17.5', 'Normal');
INSERT INTO lab_test_results (lab_report_id, parameter, value, unit, reference_range, status) VALUES ('LAB-1182-1', 'Eosinophils', '7', '%', '1 - 6', 'High');
INSERT INTO imaging_reports (id, patient_id, type, body_part, date, hospital_name, doctor_name, findings, impression) VALUES ('IMG-1182-1', 1182, 'X-Ray', 'Chest (P/A View)', NOW() - INTERVAL '2 days', 'National Medical Center', 'Dr. Sadia Begum', 'Lungs are hyperinflated. Increased bronchovascular markings seen bilaterally. Both costophrenic angles are clear. Heart size and shape are normal. Bony thorax and dome of diaphragms are intact.', 'Findings are suggestive of Acute Bronchitic changes. No consolidation or pleural effusion.');
INSERT INTO patient_allergies (patient_id, allergen, severity, reaction) VALUES (1182, 'Dust Mites', 'Moderate', 'Sneezing and coughing');
INSERT INTO patient_allergies (patient_id, allergen, severity, reaction) VALUES (1182, 'Pollen', 'Low', 'Runny nose');
INSERT INTO patient_allergies (patient_id, allergen, severity, reaction) VALUES (1182, 'Shellfish', 'High', 'Severe hives and dyspnea');
INSERT INTO patient_chronic_diseases (patient_id, disease_name, status, diagnosed_date) VALUES (1182, 'Bronchial Asthma', 'Controlled', NOW() - INTERVAL '1 years 8 months');
INSERT INTO prescriptions (id, patient_id, date, doctor_name, doctor_specialization, hospital_name, diagnosis, clinical_notes, follow_up_date) VALUES ('PRES-1183-1', 1183, NOW() - INTERVAL '10 days', 'Dr. Lubna Akter', 'Pulmonology', 'United Hospital', 'Type 2 Diabetes Mellitus & Essential Hypertension', 'Patient presents with generalized weakness and occasional dizziness. Blood pressure and fasting blood glucose are elevated. Recommended strict dietary control, low salt, regular walking, and compliance with medications.', 'In 3 months with fasting blood sugar and lipid profile reports.');
INSERT INTO prescription_medicines (prescription_id, name, dosage, instruction, duration) VALUES ('PRES-1183-1', 'Tab. Metformin HCl 500mg', '1+0+1', 'After meals', '3 Months');
INSERT INTO prescription_medicines (prescription_id, name, dosage, instruction, duration) VALUES ('PRES-1183-1', 'Tab. Amlodipine 5mg', '0+0+1', 'At night before sleeping', '1 Month');
INSERT INTO prescription_medicines (prescription_id, name, dosage, instruction, duration) VALUES ('PRES-1183-1', 'Tab. Atorvastatin 10mg', '0+0+1', 'At night after dinner', '2 Months');
INSERT INTO lab_reports (id, patient_id, test_name, category, date, hospital_name, doctor_name, status, ai_interpretation) VALUES ('LAB-1183-1', 1183, 'Diabetes and Kidney Function Panel', 'Biochemistry', NOW() - INTERVAL '10 days', 'United Hospital', 'Dr. Lubna Akter', 'Completed', 'Fasting Blood Glucose is high, indicating suboptimal glycemic control. Renal function (Creatinine) is normal. HbA1c should be monitored next visit.');
INSERT INTO lab_test_results (lab_report_id, parameter, value, unit, reference_range, status) VALUES ('LAB-1183-1', 'Fasting Blood Sugar (FBS)', '142', 'mg/dL', '70 - 100', 'High');
INSERT INTO lab_test_results (lab_report_id, parameter, value, unit, reference_range, status) VALUES ('LAB-1183-1', 'Serum Creatinine', '0.9', 'mg/dL', '0.6 - 1.2', 'Normal');
INSERT INTO lab_test_results (lab_report_id, parameter, value, unit, reference_range, status) VALUES ('LAB-1183-1', 'Blood Urea Nitrogen (BUN)', '14', 'mg/dL', '7 - 20', 'Normal');
INSERT INTO imaging_reports (id, patient_id, type, body_part, date, hospital_name, doctor_name, findings, impression) VALUES ('IMG-1183-1', 1183, 'Ultrasonography', 'Whole Abdomen', NOW() - INTERVAL '10 days', 'United Hospital', 'Dr. Lubna Akter', 'Liver shows normal size but mildly increased parenchymal echotexture, suggestive of Grade-I Fatty Liver. Gallbladder, spleen, kidneys, and urinary bladder are normal in size and shape. No calculi or focal masses seen.', 'Mild Hepatomegaly with Grade-I Fatty Change (Fatty Liver).');
INSERT INTO patient_chronic_diseases (patient_id, disease_name, status, diagnosed_date) VALUES (1183, 'Hyperlipidemia', 'Active', NOW() - INTERVAL '3 years 8 months');
INSERT INTO patient_chronic_diseases (patient_id, disease_name, status, diagnosed_date) VALUES (1183, 'Type 2 Diabetes Mellitus', 'Active', NOW() - INTERVAL '1 years 1 months');
INSERT INTO patient_chronic_diseases (patient_id, disease_name, status, diagnosed_date) VALUES (1183, 'Essential Hypertension', 'Active', NOW() - INTERVAL '3 years 1 months');
INSERT INTO prescriptions (id, patient_id, date, doctor_name, doctor_specialization, hospital_name, diagnosis, clinical_notes, follow_up_date) VALUES ('PRES-1184-1', 1184, NOW() - INTERVAL '27 days', 'Dr. Zahid Chowdhury', 'Dermatology', 'North West Medical College & Hospital', 'Bilateral Osteoarthritis of Knee Joints', 'Pain, stiffness, and cracking sounds in both knees for the last 6 months, worse in the mornings and after sitting. Advised hot compression, avoidance of sitting on floor/squatting, and moderate knee exercises.', 'In 1 Month.');
INSERT INTO prescription_medicines (prescription_id, name, dosage, instruction, duration) VALUES ('PRES-1184-1', 'Tab. Naproxen 500mg', '1+0+1', 'After meals (only when pain is high)', '7 Days');
INSERT INTO prescription_medicines (prescription_id, name, dosage, instruction, duration) VALUES ('PRES-1184-1', 'Cap. Glucosamine + Chondroitin', '1+0+1', 'After meals', '2 Months');
INSERT INTO prescription_medicines (prescription_id, name, dosage, instruction, duration) VALUES ('PRES-1184-1', 'Tab. Omeprazole 20mg', '1+0+1', 'Before breakfast & dinner', '1 Month');
INSERT INTO lab_reports (id, patient_id, test_name, category, date, hospital_name, doctor_name, status, ai_interpretation) VALUES ('LAB-1184-1', 1184, 'Arthritis & Rheumatology Profile', 'Serology', NOW() - INTERVAL '27 days', 'North West Medical College & Hospital', 'Dr. Zahid Chowdhury', 'Completed', 'Uric acid level is slightly elevated, but Rheumatoid Factor is negative, suggesting OA rather than Gout or Rheumatoid Arthritis.');
INSERT INTO lab_test_results (lab_report_id, parameter, value, unit, reference_range, status) VALUES ('LAB-1184-1', 'Serum Uric Acid', '7.5', 'mg/dL', '3.5 - 7.2', 'High');
INSERT INTO lab_test_results (lab_report_id, parameter, value, unit, reference_range, status) VALUES ('LAB-1184-1', 'Rheumatoid Factor (RF)', '8', 'IU/mL', '< 14', 'Normal');
INSERT INTO lab_test_results (lab_report_id, parameter, value, unit, reference_range, status) VALUES ('LAB-1184-1', 'C-Reactive Protein (CRP)', '4.2', 'mg/L', '< 5.0', 'Normal');
INSERT INTO imaging_reports (id, patient_id, type, body_part, date, hospital_name, doctor_name, findings, impression) VALUES ('IMG-1184-1', 1184, 'X-Ray', 'Bilateral Knee Joints (AP & Lateral)', NOW() - INTERVAL '27 days', 'North West Medical College & Hospital', 'Dr. Zahid Chowdhury', 'Narrowing of the medial joint spaces in both knees. Subchondral sclerosis and osteophyte formation are noted along the margins of both joint surfaces. No joint effusion or fracture.', 'Radiological features of Bilateral Osteoarthritis of Knees (Grade-II).');
INSERT INTO prescriptions (id, patient_id, date, doctor_name, doctor_specialization, hospital_name, diagnosis, clinical_notes, follow_up_date) VALUES ('PRES-1184-2', 1184, NOW() - INTERVAL '12 days', 'Dr. Rana Talukder', 'Orthopedics', 'National Medical Center', 'Acute Bronchitis & suspected Asthma', 'Cough with sputum, shortness of breath, and chest tightness for 5 days. Wheezing heard on auscultation. Advised avoiding cold drinks, dust, and using inhaler correctly.', 'In 10 days for review of symptoms.');
INSERT INTO prescription_medicines (prescription_id, name, dosage, instruction, duration) VALUES ('PRES-1184-2', 'Tab. Azithromycin 500mg', '1+0+0', '1 hour before food', '5 Days');
INSERT INTO prescription_medicines (prescription_id, name, dosage, instruction, duration) VALUES ('PRES-1184-2', 'Tab. Montelukast 10mg', '0+0+1', 'At night', '14 Days');
INSERT INTO prescription_medicines (prescription_id, name, dosage, instruction, duration) VALUES ('PRES-1184-2', 'Inhaler Salbutamol 100mcg', '2 Puffs', 'As needed (when short of breath)', 'As needed');
INSERT INTO lab_reports (id, patient_id, test_name, category, date, hospital_name, doctor_name, status, ai_interpretation) VALUES ('LAB-1184-2', 1184, 'Complete Blood Count (CBC)', 'Hematology', NOW() - INTERVAL '12 days', 'National Medical Center', 'Dr. Rana Talukder', 'Completed', 'Mild leukocytosis observed, consistent with active respiratory tract infection. Eosinophil counts are slightly elevated, which could point to an allergic component (Asthma).');
INSERT INTO lab_test_results (lab_report_id, parameter, value, unit, reference_range, status) VALUES ('LAB-1184-2', 'Total WBC Count', '11.2', 'x10^9/L', '4.0 - 11.0', 'High');
INSERT INTO lab_test_results (lab_report_id, parameter, value, unit, reference_range, status) VALUES ('LAB-1184-2', 'Hemoglobin (Hb)', '14.5', 'g/dL', '13.5 - 17.5', 'Normal');
INSERT INTO lab_test_results (lab_report_id, parameter, value, unit, reference_range, status) VALUES ('LAB-1184-2', 'Eosinophils', '7', '%', '1 - 6', 'High');
INSERT INTO imaging_reports (id, patient_id, type, body_part, date, hospital_name, doctor_name, findings, impression) VALUES ('IMG-1184-2', 1184, 'X-Ray', 'Chest (P/A View)', NOW() - INTERVAL '12 days', 'National Medical Center', 'Dr. Rana Talukder', 'Lungs are hyperinflated. Increased bronchovascular markings seen bilaterally. Both costophrenic angles are clear. Heart size and shape are normal. Bony thorax and dome of diaphragms are intact.', 'Findings are suggestive of Acute Bronchitic changes. No consolidation or pleural effusion.');
INSERT INTO patient_allergies (patient_id, allergen, severity, reaction) VALUES (1184, 'Dust Mites', 'Moderate', 'Sneezing and coughing');
INSERT INTO patient_allergies (patient_id, allergen, severity, reaction) VALUES (1184, 'Pollen', 'Low', 'Runny nose');
INSERT INTO patient_chronic_diseases (patient_id, disease_name, status, diagnosed_date) VALUES (1184, 'Osteoarthritis', 'Active', NOW() - INTERVAL '7 years 8 months');
INSERT INTO patient_chronic_diseases (patient_id, disease_name, status, diagnosed_date) VALUES (1184, 'Chronic Low Back Pain', 'Active', NOW() - INTERVAL '6 years 7 months');
INSERT INTO patient_chronic_diseases (patient_id, disease_name, status, diagnosed_date) VALUES (1184, 'Bronchial Asthma', 'Controlled', NOW() - INTERVAL '10 years 10 months');
INSERT INTO prescriptions (id, patient_id, date, doctor_name, doctor_specialization, hospital_name, diagnosis, clinical_notes, follow_up_date) VALUES ('PRES-1185-1', 1185, NOW() - INTERVAL '15 days', 'Dr. Begum Begum', 'Psychiatry', 'Apollo Imperial Hospital', 'Gastroesophageal Reflux Disease (GERD)', 'Complains of burning sensation in the chest (heartburn), sour taste in the mouth, and upper abdominal pain after meals. Recommended avoiding spicy foods, sleeping with head elevated, and not lying down immediately after eating.', 'In 2 weeks.');
INSERT INTO prescription_medicines (prescription_id, name, dosage, instruction, duration) VALUES ('PRES-1185-1', 'Cap. Esomeprazole 20mg', '1+0+1', '30 minutes before breakfast & dinner', '1 Month');
INSERT INTO prescription_medicines (prescription_id, name, dosage, instruction, duration) VALUES ('PRES-1185-1', 'Tab. Domperidone 10mg', '1+1+1', '15 minutes before meals', '10 Days');
INSERT INTO prescription_medicines (prescription_id, name, dosage, instruction, duration) VALUES ('PRES-1185-1', 'Syr. Antacid', '2 spoonful', '1 hour after meals', '7 Days');
INSERT INTO lab_reports (id, patient_id, test_name, category, date, hospital_name, doctor_name, status, ai_interpretation) VALUES ('LAB-1185-1', 1185, 'H. Pylori Screening Panel', 'Serology', NOW() - INTERVAL '15 days', 'Apollo Imperial Hospital', 'Dr. Begum Begum', 'Completed', 'H. Pylori antigen test is negative. Upper GI symptoms are likely due to lifestyle/acid reflux rather than active bacterial infection.');
INSERT INTO lab_test_results (lab_report_id, parameter, value, unit, reference_range, status) VALUES ('LAB-1185-1', 'H. Pylori Ag (Stool)', 'Negative', 'N/A', 'Negative', 'Normal');
INSERT INTO imaging_reports (id, patient_id, type, body_part, date, hospital_name, doctor_name, findings, impression) VALUES ('IMG-1185-1', 1185, 'Ultrasonography', 'Hepatobiliary System (HBS)', NOW() - INTERVAL '15 days', 'Apollo Imperial Hospital', 'Dr. Begum Begum', 'Gallbladder is distended with normal wall thickness. No gallstones or sludge seen. Common bile duct and intrahepatic biliary channels are normal. Pancreas and spleen are normal.', 'Normal HBS scan. No gallstones detected.');
INSERT INTO patient_allergies (patient_id, allergen, severity, reaction) VALUES (1185, 'Dairy Products', 'Moderate', 'Abdominal cramps and diarrhea');
INSERT INTO patient_chronic_diseases (patient_id, disease_name, status, diagnosed_date) VALUES (1185, 'Gastroesophageal Reflux Disease (GERD)', 'Active', NOW() - INTERVAL '6 years 6 months');
INSERT INTO patient_chronic_diseases (patient_id, disease_name, status, diagnosed_date) VALUES (1185, 'Chronic Low Back Pain', 'Active', NOW() - INTERVAL '5 years 8 months');
INSERT INTO prescriptions (id, patient_id, date, doctor_name, doctor_specialization, hospital_name, diagnosis, clinical_notes, follow_up_date) VALUES ('PRES-1186-1', 1186, NOW() - INTERVAL '18 days', 'Dr. Rahim Chowdhury', 'Cardiology', 'Ibn Sina Medical College', 'Type 2 Diabetes Mellitus & Essential Hypertension', 'Patient presents with generalized weakness and occasional dizziness. Blood pressure and fasting blood glucose are elevated. Recommended strict dietary control, low salt, regular walking, and compliance with medications.', 'In 3 months with fasting blood sugar and lipid profile reports.');
INSERT INTO prescription_medicines (prescription_id, name, dosage, instruction, duration) VALUES ('PRES-1186-1', 'Tab. Metformin HCl 500mg', '1+0+1', 'After meals', '3 Months');
INSERT INTO prescription_medicines (prescription_id, name, dosage, instruction, duration) VALUES ('PRES-1186-1', 'Tab. Amlodipine 5mg', '0+0+1', 'At night before sleeping', '1 Month');
INSERT INTO prescription_medicines (prescription_id, name, dosage, instruction, duration) VALUES ('PRES-1186-1', 'Tab. Atorvastatin 10mg', '0+0+1', 'At night after dinner', '2 Months');
INSERT INTO lab_reports (id, patient_id, test_name, category, date, hospital_name, doctor_name, status, ai_interpretation) VALUES ('LAB-1186-1', 1186, 'Diabetes and Kidney Function Panel', 'Biochemistry', NOW() - INTERVAL '18 days', 'Ibn Sina Medical College', 'Dr. Rahim Chowdhury', 'Completed', 'Fasting Blood Glucose is high, indicating suboptimal glycemic control. Renal function (Creatinine) is normal. HbA1c should be monitored next visit.');
INSERT INTO lab_test_results (lab_report_id, parameter, value, unit, reference_range, status) VALUES ('LAB-1186-1', 'Fasting Blood Sugar (FBS)', '142', 'mg/dL', '70 - 100', 'High');
INSERT INTO lab_test_results (lab_report_id, parameter, value, unit, reference_range, status) VALUES ('LAB-1186-1', 'Serum Creatinine', '0.9', 'mg/dL', '0.6 - 1.2', 'Normal');
INSERT INTO lab_test_results (lab_report_id, parameter, value, unit, reference_range, status) VALUES ('LAB-1186-1', 'Blood Urea Nitrogen (BUN)', '14', 'mg/dL', '7 - 20', 'Normal');
INSERT INTO imaging_reports (id, patient_id, type, body_part, date, hospital_name, doctor_name, findings, impression) VALUES ('IMG-1186-1', 1186, 'Ultrasonography', 'Whole Abdomen', NOW() - INTERVAL '18 days', 'Ibn Sina Medical College', 'Dr. Rahim Chowdhury', 'Liver shows normal size but mildly increased parenchymal echotexture, suggestive of Grade-I Fatty Liver. Gallbladder, spleen, kidneys, and urinary bladder are normal in size and shape. No calculi or focal masses seen.', 'Mild Hepatomegaly with Grade-I Fatty Change (Fatty Liver).');
INSERT INTO patient_chronic_diseases (patient_id, disease_name, status, diagnosed_date) VALUES (1186, 'Type 2 Diabetes Mellitus', 'Active', NOW() - INTERVAL '8 years 2 months');
INSERT INTO patient_chronic_diseases (patient_id, disease_name, status, diagnosed_date) VALUES (1186, 'Essential Hypertension', 'Active', NOW() - INTERVAL '9 years 8 months');
INSERT INTO prescriptions (id, patient_id, date, doctor_name, doctor_specialization, hospital_name, diagnosis, clinical_notes, follow_up_date) VALUES ('PRES-1187-1', 1187, NOW() - INTERVAL '3 days', 'Dr. Keya Rahman', 'Urology', 'Anwer Khan Modern Medical College Hospital', 'Type 2 Diabetes Mellitus & Essential Hypertension', 'Patient presents with generalized weakness and occasional dizziness. Blood pressure and fasting blood glucose are elevated. Recommended strict dietary control, low salt, regular walking, and compliance with medications.', 'In 3 months with fasting blood sugar and lipid profile reports.');
INSERT INTO prescription_medicines (prescription_id, name, dosage, instruction, duration) VALUES ('PRES-1187-1', 'Tab. Metformin HCl 500mg', '1+0+1', 'After meals', '3 Months');
INSERT INTO prescription_medicines (prescription_id, name, dosage, instruction, duration) VALUES ('PRES-1187-1', 'Tab. Amlodipine 5mg', '0+0+1', 'At night before sleeping', '1 Month');
INSERT INTO prescription_medicines (prescription_id, name, dosage, instruction, duration) VALUES ('PRES-1187-1', 'Tab. Atorvastatin 10mg', '0+0+1', 'At night after dinner', '2 Months');
INSERT INTO lab_reports (id, patient_id, test_name, category, date, hospital_name, doctor_name, status, ai_interpretation) VALUES ('LAB-1187-1', 1187, 'Diabetes and Kidney Function Panel', 'Biochemistry', NOW() - INTERVAL '3 days', 'Anwer Khan Modern Medical College Hospital', 'Dr. Keya Rahman', 'Completed', 'Fasting Blood Glucose is high, indicating suboptimal glycemic control. Renal function (Creatinine) is normal. HbA1c should be monitored next visit.');
INSERT INTO lab_test_results (lab_report_id, parameter, value, unit, reference_range, status) VALUES ('LAB-1187-1', 'Fasting Blood Sugar (FBS)', '142', 'mg/dL', '70 - 100', 'High');
INSERT INTO lab_test_results (lab_report_id, parameter, value, unit, reference_range, status) VALUES ('LAB-1187-1', 'Serum Creatinine', '0.9', 'mg/dL', '0.6 - 1.2', 'Normal');
INSERT INTO lab_test_results (lab_report_id, parameter, value, unit, reference_range, status) VALUES ('LAB-1187-1', 'Blood Urea Nitrogen (BUN)', '14', 'mg/dL', '7 - 20', 'Normal');
INSERT INTO imaging_reports (id, patient_id, type, body_part, date, hospital_name, doctor_name, findings, impression) VALUES ('IMG-1187-1', 1187, 'Ultrasonography', 'Whole Abdomen', NOW() - INTERVAL '3 days', 'Anwer Khan Modern Medical College Hospital', 'Dr. Keya Rahman', 'Liver shows normal size but mildly increased parenchymal echotexture, suggestive of Grade-I Fatty Liver. Gallbladder, spleen, kidneys, and urinary bladder are normal in size and shape. No calculi or focal masses seen.', 'Mild Hepatomegaly with Grade-I Fatty Change (Fatty Liver).');
INSERT INTO prescriptions (id, patient_id, date, doctor_name, doctor_specialization, hospital_name, diagnosis, clinical_notes, follow_up_date) VALUES ('PRES-1187-2', 1187, NOW() - INTERVAL '27 days', 'Dr. Mahbub Akter', 'Gastroenterology', 'Square Hospitals Ltd.', 'Bilateral Osteoarthritis of Knee Joints', 'Pain, stiffness, and cracking sounds in both knees for the last 6 months, worse in the mornings and after sitting. Advised hot compression, avoidance of sitting on floor/squatting, and moderate knee exercises.', 'In 1 Month.');
INSERT INTO prescription_medicines (prescription_id, name, dosage, instruction, duration) VALUES ('PRES-1187-2', 'Tab. Naproxen 500mg', '1+0+1', 'After meals (only when pain is high)', '7 Days');
INSERT INTO prescription_medicines (prescription_id, name, dosage, instruction, duration) VALUES ('PRES-1187-2', 'Cap. Glucosamine + Chondroitin', '1+0+1', 'After meals', '2 Months');
INSERT INTO prescription_medicines (prescription_id, name, dosage, instruction, duration) VALUES ('PRES-1187-2', 'Tab. Omeprazole 20mg', '1+0+1', 'Before breakfast & dinner', '1 Month');
INSERT INTO lab_reports (id, patient_id, test_name, category, date, hospital_name, doctor_name, status, ai_interpretation) VALUES ('LAB-1187-2', 1187, 'Arthritis & Rheumatology Profile', 'Serology', NOW() - INTERVAL '27 days', 'Square Hospitals Ltd.', 'Dr. Mahbub Akter', 'Completed', 'Uric acid level is slightly elevated, but Rheumatoid Factor is negative, suggesting OA rather than Gout or Rheumatoid Arthritis.');
INSERT INTO lab_test_results (lab_report_id, parameter, value, unit, reference_range, status) VALUES ('LAB-1187-2', 'Serum Uric Acid', '7.5', 'mg/dL', '3.5 - 7.2', 'High');
INSERT INTO lab_test_results (lab_report_id, parameter, value, unit, reference_range, status) VALUES ('LAB-1187-2', 'Rheumatoid Factor (RF)', '8', 'IU/mL', '< 14', 'Normal');
INSERT INTO lab_test_results (lab_report_id, parameter, value, unit, reference_range, status) VALUES ('LAB-1187-2', 'C-Reactive Protein (CRP)', '4.2', 'mg/L', '< 5.0', 'Normal');
INSERT INTO imaging_reports (id, patient_id, type, body_part, date, hospital_name, doctor_name, findings, impression) VALUES ('IMG-1187-2', 1187, 'X-Ray', 'Bilateral Knee Joints (AP & Lateral)', NOW() - INTERVAL '27 days', 'Square Hospitals Ltd.', 'Dr. Mahbub Akter', 'Narrowing of the medial joint spaces in both knees. Subchondral sclerosis and osteophyte formation are noted along the margins of both joint surfaces. No joint effusion or fracture.', 'Radiological features of Bilateral Osteoarthritis of Knees (Grade-II).');
INSERT INTO patient_allergies (patient_id, allergen, severity, reaction) VALUES (1187, 'Sulfa Drugs', 'Moderate', 'Generalized skin rash');
INSERT INTO patient_chronic_diseases (patient_id, disease_name, status, diagnosed_date) VALUES (1187, 'Osteoarthritis', 'Active', NOW() - INTERVAL '6 years 7 months');
INSERT INTO patient_chronic_diseases (patient_id, disease_name, status, diagnosed_date) VALUES (1187, 'Type 2 Diabetes Mellitus', 'Active', NOW() - INTERVAL '3 years 7 months');
INSERT INTO patient_chronic_diseases (patient_id, disease_name, status, diagnosed_date) VALUES (1187, 'Essential Hypertension', 'Active', NOW() - INTERVAL '8 years 10 months');
INSERT INTO prescriptions (id, patient_id, date, doctor_name, doctor_specialization, hospital_name, diagnosis, clinical_notes, follow_up_date) VALUES ('PRES-1188-1', 1188, NOW() - INTERVAL '26 days', 'Dr. Rafiq Siddique', 'Gastroenterology', 'Anwer Khan Modern Medical College Hospital', 'Type 2 Diabetes Mellitus & Essential Hypertension', 'Patient presents with generalized weakness and occasional dizziness. Blood pressure and fasting blood glucose are elevated. Recommended strict dietary control, low salt, regular walking, and compliance with medications.', 'In 3 months with fasting blood sugar and lipid profile reports.');
INSERT INTO prescription_medicines (prescription_id, name, dosage, instruction, duration) VALUES ('PRES-1188-1', 'Tab. Metformin HCl 500mg', '1+0+1', 'After meals', '3 Months');
INSERT INTO prescription_medicines (prescription_id, name, dosage, instruction, duration) VALUES ('PRES-1188-1', 'Tab. Amlodipine 5mg', '0+0+1', 'At night before sleeping', '1 Month');
INSERT INTO prescription_medicines (prescription_id, name, dosage, instruction, duration) VALUES ('PRES-1188-1', 'Tab. Atorvastatin 10mg', '0+0+1', 'At night after dinner', '2 Months');
INSERT INTO lab_reports (id, patient_id, test_name, category, date, hospital_name, doctor_name, status, ai_interpretation) VALUES ('LAB-1188-1', 1188, 'Diabetes and Kidney Function Panel', 'Biochemistry', NOW() - INTERVAL '26 days', 'Anwer Khan Modern Medical College Hospital', 'Dr. Rafiq Siddique', 'Completed', 'Fasting Blood Glucose is high, indicating suboptimal glycemic control. Renal function (Creatinine) is normal. HbA1c should be monitored next visit.');
INSERT INTO lab_test_results (lab_report_id, parameter, value, unit, reference_range, status) VALUES ('LAB-1188-1', 'Fasting Blood Sugar (FBS)', '142', 'mg/dL', '70 - 100', 'High');
INSERT INTO lab_test_results (lab_report_id, parameter, value, unit, reference_range, status) VALUES ('LAB-1188-1', 'Serum Creatinine', '0.9', 'mg/dL', '0.6 - 1.2', 'Normal');
INSERT INTO lab_test_results (lab_report_id, parameter, value, unit, reference_range, status) VALUES ('LAB-1188-1', 'Blood Urea Nitrogen (BUN)', '14', 'mg/dL', '7 - 20', 'Normal');
INSERT INTO imaging_reports (id, patient_id, type, body_part, date, hospital_name, doctor_name, findings, impression) VALUES ('IMG-1188-1', 1188, 'Ultrasonography', 'Whole Abdomen', NOW() - INTERVAL '26 days', 'Anwer Khan Modern Medical College Hospital', 'Dr. Rafiq Siddique', 'Liver shows normal size but mildly increased parenchymal echotexture, suggestive of Grade-I Fatty Liver. Gallbladder, spleen, kidneys, and urinary bladder are normal in size and shape. No calculi or focal masses seen.', 'Mild Hepatomegaly with Grade-I Fatty Change (Fatty Liver).');
INSERT INTO prescriptions (id, patient_id, date, doctor_name, doctor_specialization, hospital_name, diagnosis, clinical_notes, follow_up_date) VALUES ('PRES-1188-2', 1188, NOW() - INTERVAL '5 days', 'Dr. Sadia Siddique', 'Endocrinology & Diabetology', 'Delta Hospital', 'Gastroesophageal Reflux Disease (GERD)', 'Complains of burning sensation in the chest (heartburn), sour taste in the mouth, and upper abdominal pain after meals. Recommended avoiding spicy foods, sleeping with head elevated, and not lying down immediately after eating.', 'In 2 weeks.');
INSERT INTO prescription_medicines (prescription_id, name, dosage, instruction, duration) VALUES ('PRES-1188-2', 'Cap. Esomeprazole 20mg', '1+0+1', '30 minutes before breakfast & dinner', '1 Month');
INSERT INTO prescription_medicines (prescription_id, name, dosage, instruction, duration) VALUES ('PRES-1188-2', 'Tab. Domperidone 10mg', '1+1+1', '15 minutes before meals', '10 Days');
INSERT INTO prescription_medicines (prescription_id, name, dosage, instruction, duration) VALUES ('PRES-1188-2', 'Syr. Antacid', '2 spoonful', '1 hour after meals', '7 Days');
INSERT INTO lab_reports (id, patient_id, test_name, category, date, hospital_name, doctor_name, status, ai_interpretation) VALUES ('LAB-1188-2', 1188, 'H. Pylori Screening Panel', 'Serology', NOW() - INTERVAL '5 days', 'Delta Hospital', 'Dr. Sadia Siddique', 'Completed', 'H. Pylori antigen test is negative. Upper GI symptoms are likely due to lifestyle/acid reflux rather than active bacterial infection.');
INSERT INTO lab_test_results (lab_report_id, parameter, value, unit, reference_range, status) VALUES ('LAB-1188-2', 'H. Pylori Ag (Stool)', 'Negative', 'N/A', 'Negative', 'Normal');
INSERT INTO imaging_reports (id, patient_id, type, body_part, date, hospital_name, doctor_name, findings, impression) VALUES ('IMG-1188-2', 1188, 'Ultrasonography', 'Hepatobiliary System (HBS)', NOW() - INTERVAL '5 days', 'Delta Hospital', 'Dr. Sadia Siddique', 'Gallbladder is distended with normal wall thickness. No gallstones or sludge seen. Common bile duct and intrahepatic biliary channels are normal. Pancreas and spleen are normal.', 'Normal HBS scan. No gallstones detected.');
INSERT INTO patient_chronic_diseases (patient_id, disease_name, status, diagnosed_date) VALUES (1188, 'Gastroesophageal Reflux Disease (GERD)', 'Active', NOW() - INTERVAL '3 years 1 months');
INSERT INTO patient_chronic_diseases (patient_id, disease_name, status, diagnosed_date) VALUES (1188, 'Type 2 Diabetes Mellitus', 'Active', NOW() - INTERVAL '9 years 6 months');
INSERT INTO patient_chronic_diseases (patient_id, disease_name, status, diagnosed_date) VALUES (1188, 'Essential Hypertension', 'Active', NOW() - INTERVAL '7 years 11 months');
INSERT INTO prescriptions (id, patient_id, date, doctor_name, doctor_specialization, hospital_name, diagnosis, clinical_notes, follow_up_date) VALUES ('PRES-1189-1', 1189, NOW() - INTERVAL '15 days', 'Dr. Sana Khan', 'Gastroenterology', 'Chittagong Medical College', 'Type 2 Diabetes Mellitus & Essential Hypertension', 'Patient presents with generalized weakness and occasional dizziness. Blood pressure and fasting blood glucose are elevated. Recommended strict dietary control, low salt, regular walking, and compliance with medications.', 'In 3 months with fasting blood sugar and lipid profile reports.');
INSERT INTO prescription_medicines (prescription_id, name, dosage, instruction, duration) VALUES ('PRES-1189-1', 'Tab. Metformin HCl 500mg', '1+0+1', 'After meals', '3 Months');
INSERT INTO prescription_medicines (prescription_id, name, dosage, instruction, duration) VALUES ('PRES-1189-1', 'Tab. Amlodipine 5mg', '0+0+1', 'At night before sleeping', '1 Month');
INSERT INTO prescription_medicines (prescription_id, name, dosage, instruction, duration) VALUES ('PRES-1189-1', 'Tab. Atorvastatin 10mg', '0+0+1', 'At night after dinner', '2 Months');
INSERT INTO lab_reports (id, patient_id, test_name, category, date, hospital_name, doctor_name, status, ai_interpretation) VALUES ('LAB-1189-1', 1189, 'Diabetes and Kidney Function Panel', 'Biochemistry', NOW() - INTERVAL '15 days', 'Chittagong Medical College', 'Dr. Sana Khan', 'Completed', 'Fasting Blood Glucose is high, indicating suboptimal glycemic control. Renal function (Creatinine) is normal. HbA1c should be monitored next visit.');
INSERT INTO lab_test_results (lab_report_id, parameter, value, unit, reference_range, status) VALUES ('LAB-1189-1', 'Fasting Blood Sugar (FBS)', '142', 'mg/dL', '70 - 100', 'High');
INSERT INTO lab_test_results (lab_report_id, parameter, value, unit, reference_range, status) VALUES ('LAB-1189-1', 'Serum Creatinine', '0.9', 'mg/dL', '0.6 - 1.2', 'Normal');
INSERT INTO lab_test_results (lab_report_id, parameter, value, unit, reference_range, status) VALUES ('LAB-1189-1', 'Blood Urea Nitrogen (BUN)', '14', 'mg/dL', '7 - 20', 'Normal');
INSERT INTO imaging_reports (id, patient_id, type, body_part, date, hospital_name, doctor_name, findings, impression) VALUES ('IMG-1189-1', 1189, 'Ultrasonography', 'Whole Abdomen', NOW() - INTERVAL '15 days', 'Chittagong Medical College', 'Dr. Sana Khan', 'Liver shows normal size but mildly increased parenchymal echotexture, suggestive of Grade-I Fatty Liver. Gallbladder, spleen, kidneys, and urinary bladder are normal in size and shape. No calculi or focal masses seen.', 'Mild Hepatomegaly with Grade-I Fatty Change (Fatty Liver).');
INSERT INTO prescriptions (id, patient_id, date, doctor_name, doctor_specialization, hospital_name, diagnosis, clinical_notes, follow_up_date) VALUES ('PRES-1189-2', 1189, NOW() - INTERVAL '20 days', 'Dr. Sultana Siddique', 'ENT', 'Dhaka Shishu Hospital', 'Bilateral Osteoarthritis of Knee Joints', 'Pain, stiffness, and cracking sounds in both knees for the last 6 months, worse in the mornings and after sitting. Advised hot compression, avoidance of sitting on floor/squatting, and moderate knee exercises.', 'In 1 Month.');
INSERT INTO prescription_medicines (prescription_id, name, dosage, instruction, duration) VALUES ('PRES-1189-2', 'Tab. Naproxen 500mg', '1+0+1', 'After meals (only when pain is high)', '7 Days');
INSERT INTO prescription_medicines (prescription_id, name, dosage, instruction, duration) VALUES ('PRES-1189-2', 'Cap. Glucosamine + Chondroitin', '1+0+1', 'After meals', '2 Months');
INSERT INTO prescription_medicines (prescription_id, name, dosage, instruction, duration) VALUES ('PRES-1189-2', 'Tab. Omeprazole 20mg', '1+0+1', 'Before breakfast & dinner', '1 Month');
INSERT INTO lab_reports (id, patient_id, test_name, category, date, hospital_name, doctor_name, status, ai_interpretation) VALUES ('LAB-1189-2', 1189, 'Arthritis & Rheumatology Profile', 'Serology', NOW() - INTERVAL '20 days', 'Dhaka Shishu Hospital', 'Dr. Sultana Siddique', 'Completed', 'Uric acid level is slightly elevated, but Rheumatoid Factor is negative, suggesting OA rather than Gout or Rheumatoid Arthritis.');
INSERT INTO lab_test_results (lab_report_id, parameter, value, unit, reference_range, status) VALUES ('LAB-1189-2', 'Serum Uric Acid', '7.5', 'mg/dL', '3.5 - 7.2', 'High');
INSERT INTO lab_test_results (lab_report_id, parameter, value, unit, reference_range, status) VALUES ('LAB-1189-2', 'Rheumatoid Factor (RF)', '8', 'IU/mL', '< 14', 'Normal');
INSERT INTO lab_test_results (lab_report_id, parameter, value, unit, reference_range, status) VALUES ('LAB-1189-2', 'C-Reactive Protein (CRP)', '4.2', 'mg/L', '< 5.0', 'Normal');
INSERT INTO imaging_reports (id, patient_id, type, body_part, date, hospital_name, doctor_name, findings, impression) VALUES ('IMG-1189-2', 1189, 'X-Ray', 'Bilateral Knee Joints (AP & Lateral)', NOW() - INTERVAL '20 days', 'Dhaka Shishu Hospital', 'Dr. Sultana Siddique', 'Narrowing of the medial joint spaces in both knees. Subchondral sclerosis and osteophyte formation are noted along the margins of both joint surfaces. No joint effusion or fracture.', 'Radiological features of Bilateral Osteoarthritis of Knees (Grade-II).');
INSERT INTO patient_allergies (patient_id, allergen, severity, reaction) VALUES (1189, 'Peanuts', 'High', 'Anaphylaxis and facial swelling');
INSERT INTO patient_chronic_diseases (patient_id, disease_name, status, diagnosed_date) VALUES (1189, 'Migraine', 'Active', NOW() - INTERVAL '9 years 1 months');
INSERT INTO patient_chronic_diseases (patient_id, disease_name, status, diagnosed_date) VALUES (1189, 'Osteoarthritis', 'Active', NOW() - INTERVAL '5 years 4 months');
INSERT INTO patient_chronic_diseases (patient_id, disease_name, status, diagnosed_date) VALUES (1189, 'Type 2 Diabetes Mellitus', 'Active', NOW() - INTERVAL '3 years 10 months');
INSERT INTO patient_chronic_diseases (patient_id, disease_name, status, diagnosed_date) VALUES (1189, 'Essential Hypertension', 'Active', NOW() - INTERVAL '7 years 2 months');
INSERT INTO prescriptions (id, patient_id, date, doctor_name, doctor_specialization, hospital_name, diagnosis, clinical_notes, follow_up_date) VALUES ('PRES-1190-1', 1190, NOW() - INTERVAL '24 days', 'Dr. Begum Begum', 'Psychiatry', 'Apollo Imperial Hospital', 'Bilateral Osteoarthritis of Knee Joints', 'Pain, stiffness, and cracking sounds in both knees for the last 6 months, worse in the mornings and after sitting. Advised hot compression, avoidance of sitting on floor/squatting, and moderate knee exercises.', 'In 1 Month.');
INSERT INTO prescription_medicines (prescription_id, name, dosage, instruction, duration) VALUES ('PRES-1190-1', 'Tab. Naproxen 500mg', '1+0+1', 'After meals (only when pain is high)', '7 Days');
INSERT INTO prescription_medicines (prescription_id, name, dosage, instruction, duration) VALUES ('PRES-1190-1', 'Cap. Glucosamine + Chondroitin', '1+0+1', 'After meals', '2 Months');
INSERT INTO prescription_medicines (prescription_id, name, dosage, instruction, duration) VALUES ('PRES-1190-1', 'Tab. Omeprazole 20mg', '1+0+1', 'Before breakfast & dinner', '1 Month');
INSERT INTO lab_reports (id, patient_id, test_name, category, date, hospital_name, doctor_name, status, ai_interpretation) VALUES ('LAB-1190-1', 1190, 'Arthritis & Rheumatology Profile', 'Serology', NOW() - INTERVAL '24 days', 'Apollo Imperial Hospital', 'Dr. Begum Begum', 'Completed', 'Uric acid level is slightly elevated, but Rheumatoid Factor is negative, suggesting OA rather than Gout or Rheumatoid Arthritis.');
INSERT INTO lab_test_results (lab_report_id, parameter, value, unit, reference_range, status) VALUES ('LAB-1190-1', 'Serum Uric Acid', '7.5', 'mg/dL', '3.5 - 7.2', 'High');
INSERT INTO lab_test_results (lab_report_id, parameter, value, unit, reference_range, status) VALUES ('LAB-1190-1', 'Rheumatoid Factor (RF)', '8', 'IU/mL', '< 14', 'Normal');
INSERT INTO lab_test_results (lab_report_id, parameter, value, unit, reference_range, status) VALUES ('LAB-1190-1', 'C-Reactive Protein (CRP)', '4.2', 'mg/L', '< 5.0', 'Normal');
INSERT INTO imaging_reports (id, patient_id, type, body_part, date, hospital_name, doctor_name, findings, impression) VALUES ('IMG-1190-1', 1190, 'X-Ray', 'Bilateral Knee Joints (AP & Lateral)', NOW() - INTERVAL '24 days', 'Apollo Imperial Hospital', 'Dr. Begum Begum', 'Narrowing of the medial joint spaces in both knees. Subchondral sclerosis and osteophyte formation are noted along the margins of both joint surfaces. No joint effusion or fracture.', 'Radiological features of Bilateral Osteoarthritis of Knees (Grade-II).');
INSERT INTO prescriptions (id, patient_id, date, doctor_name, doctor_specialization, hospital_name, diagnosis, clinical_notes, follow_up_date) VALUES ('PRES-1190-2', 1190, NOW() - INTERVAL '21 days', 'Dr. Rana Talukder', 'Orthopedics', 'National Medical Center', 'Gastroesophageal Reflux Disease (GERD)', 'Complains of burning sensation in the chest (heartburn), sour taste in the mouth, and upper abdominal pain after meals. Recommended avoiding spicy foods, sleeping with head elevated, and not lying down immediately after eating.', 'In 2 weeks.');
INSERT INTO prescription_medicines (prescription_id, name, dosage, instruction, duration) VALUES ('PRES-1190-2', 'Cap. Esomeprazole 20mg', '1+0+1', '30 minutes before breakfast & dinner', '1 Month');
INSERT INTO prescription_medicines (prescription_id, name, dosage, instruction, duration) VALUES ('PRES-1190-2', 'Tab. Domperidone 10mg', '1+1+1', '15 minutes before meals', '10 Days');
INSERT INTO prescription_medicines (prescription_id, name, dosage, instruction, duration) VALUES ('PRES-1190-2', 'Syr. Antacid', '2 spoonful', '1 hour after meals', '7 Days');
INSERT INTO lab_reports (id, patient_id, test_name, category, date, hospital_name, doctor_name, status, ai_interpretation) VALUES ('LAB-1190-2', 1190, 'H. Pylori Screening Panel', 'Serology', NOW() - INTERVAL '21 days', 'National Medical Center', 'Dr. Rana Talukder', 'Completed', 'H. Pylori antigen test is negative. Upper GI symptoms are likely due to lifestyle/acid reflux rather than active bacterial infection.');
INSERT INTO lab_test_results (lab_report_id, parameter, value, unit, reference_range, status) VALUES ('LAB-1190-2', 'H. Pylori Ag (Stool)', 'Negative', 'N/A', 'Negative', 'Normal');
INSERT INTO imaging_reports (id, patient_id, type, body_part, date, hospital_name, doctor_name, findings, impression) VALUES ('IMG-1190-2', 1190, 'Ultrasonography', 'Hepatobiliary System (HBS)', NOW() - INTERVAL '21 days', 'National Medical Center', 'Dr. Rana Talukder', 'Gallbladder is distended with normal wall thickness. No gallstones or sludge seen. Common bile duct and intrahepatic biliary channels are normal. Pancreas and spleen are normal.', 'Normal HBS scan. No gallstones detected.');
INSERT INTO patient_chronic_diseases (patient_id, disease_name, status, diagnosed_date) VALUES (1190, 'Osteoarthritis', 'Active', NOW() - INTERVAL '4 years 6 months');
INSERT INTO patient_chronic_diseases (patient_id, disease_name, status, diagnosed_date) VALUES (1190, 'Anemia', 'Active', NOW() - INTERVAL '4 years 1 months');
INSERT INTO patient_chronic_diseases (patient_id, disease_name, status, diagnosed_date) VALUES (1190, 'Gastroesophageal Reflux Disease (GERD)', 'Active', NOW() - INTERVAL '8 years 8 months');
INSERT INTO prescriptions (id, patient_id, date, doctor_name, doctor_specialization, hospital_name, diagnosis, clinical_notes, follow_up_date) VALUES ('PRES-1191-1', 1191, NOW() - INTERVAL '6 days', 'Dr. Nusrat Begum', 'Urology', 'National Cancer Research Institute & Hospital', 'Acute Bronchitis & suspected Asthma', 'Cough with sputum, shortness of breath, and chest tightness for 5 days. Wheezing heard on auscultation. Advised avoiding cold drinks, dust, and using inhaler correctly.', 'In 10 days for review of symptoms.');
INSERT INTO prescription_medicines (prescription_id, name, dosage, instruction, duration) VALUES ('PRES-1191-1', 'Tab. Azithromycin 500mg', '1+0+0', '1 hour before food', '5 Days');
INSERT INTO prescription_medicines (prescription_id, name, dosage, instruction, duration) VALUES ('PRES-1191-1', 'Tab. Montelukast 10mg', '0+0+1', 'At night', '14 Days');
INSERT INTO prescription_medicines (prescription_id, name, dosage, instruction, duration) VALUES ('PRES-1191-1', 'Inhaler Salbutamol 100mcg', '2 Puffs', 'As needed (when short of breath)', 'As needed');
INSERT INTO lab_reports (id, patient_id, test_name, category, date, hospital_name, doctor_name, status, ai_interpretation) VALUES ('LAB-1191-1', 1191, 'Complete Blood Count (CBC)', 'Hematology', NOW() - INTERVAL '6 days', 'National Cancer Research Institute & Hospital', 'Dr. Nusrat Begum', 'Completed', 'Mild leukocytosis observed, consistent with active respiratory tract infection. Eosinophil counts are slightly elevated, which could point to an allergic component (Asthma).');
INSERT INTO lab_test_results (lab_report_id, parameter, value, unit, reference_range, status) VALUES ('LAB-1191-1', 'Total WBC Count', '11.2', 'x10^9/L', '4.0 - 11.0', 'High');
INSERT INTO lab_test_results (lab_report_id, parameter, value, unit, reference_range, status) VALUES ('LAB-1191-1', 'Hemoglobin (Hb)', '14.5', 'g/dL', '13.5 - 17.5', 'Normal');
INSERT INTO lab_test_results (lab_report_id, parameter, value, unit, reference_range, status) VALUES ('LAB-1191-1', 'Eosinophils', '7', '%', '1 - 6', 'High');
INSERT INTO imaging_reports (id, patient_id, type, body_part, date, hospital_name, doctor_name, findings, impression) VALUES ('IMG-1191-1', 1191, 'X-Ray', 'Chest (P/A View)', NOW() - INTERVAL '6 days', 'National Cancer Research Institute & Hospital', 'Dr. Nusrat Begum', 'Lungs are hyperinflated. Increased bronchovascular markings seen bilaterally. Both costophrenic angles are clear. Heart size and shape are normal. Bony thorax and dome of diaphragms are intact.', 'Findings are suggestive of Acute Bronchitic changes. No consolidation or pleural effusion.');
INSERT INTO patient_allergies (patient_id, allergen, severity, reaction) VALUES (1191, 'Dust Mites', 'Moderate', 'Sneezing and coughing');
INSERT INTO patient_allergies (patient_id, allergen, severity, reaction) VALUES (1191, 'Pollen', 'Low', 'Runny nose');
INSERT INTO patient_chronic_diseases (patient_id, disease_name, status, diagnosed_date) VALUES (1191, 'Bronchial Asthma', 'Controlled', NOW() - INTERVAL '1 years 5 months');
INSERT INTO prescriptions (id, patient_id, date, doctor_name, doctor_specialization, hospital_name, diagnosis, clinical_notes, follow_up_date) VALUES ('PRES-1192-1', 1192, NOW() - INTERVAL '22 days', 'Dr. Lipi Chowdhury', 'General Medicine', 'Chittagong Medical College', 'Type 2 Diabetes Mellitus & Essential Hypertension', 'Patient presents with generalized weakness and occasional dizziness. Blood pressure and fasting blood glucose are elevated. Recommended strict dietary control, low salt, regular walking, and compliance with medications.', 'In 3 months with fasting blood sugar and lipid profile reports.');
INSERT INTO prescription_medicines (prescription_id, name, dosage, instruction, duration) VALUES ('PRES-1192-1', 'Tab. Metformin HCl 500mg', '1+0+1', 'After meals', '3 Months');
INSERT INTO prescription_medicines (prescription_id, name, dosage, instruction, duration) VALUES ('PRES-1192-1', 'Tab. Amlodipine 5mg', '0+0+1', 'At night before sleeping', '1 Month');
INSERT INTO prescription_medicines (prescription_id, name, dosage, instruction, duration) VALUES ('PRES-1192-1', 'Tab. Atorvastatin 10mg', '0+0+1', 'At night after dinner', '2 Months');
INSERT INTO lab_reports (id, patient_id, test_name, category, date, hospital_name, doctor_name, status, ai_interpretation) VALUES ('LAB-1192-1', 1192, 'Diabetes and Kidney Function Panel', 'Biochemistry', NOW() - INTERVAL '22 days', 'Chittagong Medical College', 'Dr. Lipi Chowdhury', 'Completed', 'Fasting Blood Glucose is high, indicating suboptimal glycemic control. Renal function (Creatinine) is normal. HbA1c should be monitored next visit.');
INSERT INTO lab_test_results (lab_report_id, parameter, value, unit, reference_range, status) VALUES ('LAB-1192-1', 'Fasting Blood Sugar (FBS)', '142', 'mg/dL', '70 - 100', 'High');
INSERT INTO lab_test_results (lab_report_id, parameter, value, unit, reference_range, status) VALUES ('LAB-1192-1', 'Serum Creatinine', '0.9', 'mg/dL', '0.6 - 1.2', 'Normal');
INSERT INTO lab_test_results (lab_report_id, parameter, value, unit, reference_range, status) VALUES ('LAB-1192-1', 'Blood Urea Nitrogen (BUN)', '14', 'mg/dL', '7 - 20', 'Normal');
INSERT INTO imaging_reports (id, patient_id, type, body_part, date, hospital_name, doctor_name, findings, impression) VALUES ('IMG-1192-1', 1192, 'Ultrasonography', 'Whole Abdomen', NOW() - INTERVAL '22 days', 'Chittagong Medical College', 'Dr. Lipi Chowdhury', 'Liver shows normal size but mildly increased parenchymal echotexture, suggestive of Grade-I Fatty Liver. Gallbladder, spleen, kidneys, and urinary bladder are normal in size and shape. No calculi or focal masses seen.', 'Mild Hepatomegaly with Grade-I Fatty Change (Fatty Liver).');
INSERT INTO patient_chronic_diseases (patient_id, disease_name, status, diagnosed_date) VALUES (1192, 'Type 2 Diabetes Mellitus', 'Active', NOW() - INTERVAL '8 years 3 months');
INSERT INTO patient_chronic_diseases (patient_id, disease_name, status, diagnosed_date) VALUES (1192, 'Essential Hypertension', 'Active', NOW() - INTERVAL '9 years 2 months');
INSERT INTO prescriptions (id, patient_id, date, doctor_name, doctor_specialization, hospital_name, diagnosis, clinical_notes, follow_up_date) VALUES ('PRES-1193-1', 1193, NOW() - INTERVAL '19 days', 'Dr. Al-Amin Ahmed', 'Orthopedics', 'Popular Diagnostic & Hospital', 'Bilateral Osteoarthritis of Knee Joints', 'Pain, stiffness, and cracking sounds in both knees for the last 6 months, worse in the mornings and after sitting. Advised hot compression, avoidance of sitting on floor/squatting, and moderate knee exercises.', 'In 1 Month.');
INSERT INTO prescription_medicines (prescription_id, name, dosage, instruction, duration) VALUES ('PRES-1193-1', 'Tab. Naproxen 500mg', '1+0+1', 'After meals (only when pain is high)', '7 Days');
INSERT INTO prescription_medicines (prescription_id, name, dosage, instruction, duration) VALUES ('PRES-1193-1', 'Cap. Glucosamine + Chondroitin', '1+0+1', 'After meals', '2 Months');
INSERT INTO prescription_medicines (prescription_id, name, dosage, instruction, duration) VALUES ('PRES-1193-1', 'Tab. Omeprazole 20mg', '1+0+1', 'Before breakfast & dinner', '1 Month');
INSERT INTO lab_reports (id, patient_id, test_name, category, date, hospital_name, doctor_name, status, ai_interpretation) VALUES ('LAB-1193-1', 1193, 'Arthritis & Rheumatology Profile', 'Serology', NOW() - INTERVAL '19 days', 'Popular Diagnostic & Hospital', 'Dr. Al-Amin Ahmed', 'Completed', 'Uric acid level is slightly elevated, but Rheumatoid Factor is negative, suggesting OA rather than Gout or Rheumatoid Arthritis.');
INSERT INTO lab_test_results (lab_report_id, parameter, value, unit, reference_range, status) VALUES ('LAB-1193-1', 'Serum Uric Acid', '7.5', 'mg/dL', '3.5 - 7.2', 'High');
INSERT INTO lab_test_results (lab_report_id, parameter, value, unit, reference_range, status) VALUES ('LAB-1193-1', 'Rheumatoid Factor (RF)', '8', 'IU/mL', '< 14', 'Normal');
INSERT INTO lab_test_results (lab_report_id, parameter, value, unit, reference_range, status) VALUES ('LAB-1193-1', 'C-Reactive Protein (CRP)', '4.2', 'mg/L', '< 5.0', 'Normal');
INSERT INTO imaging_reports (id, patient_id, type, body_part, date, hospital_name, doctor_name, findings, impression) VALUES ('IMG-1193-1', 1193, 'X-Ray', 'Bilateral Knee Joints (AP & Lateral)', NOW() - INTERVAL '19 days', 'Popular Diagnostic & Hospital', 'Dr. Al-Amin Ahmed', 'Narrowing of the medial joint spaces in both knees. Subchondral sclerosis and osteophyte formation are noted along the margins of both joint surfaces. No joint effusion or fracture.', 'Radiological features of Bilateral Osteoarthritis of Knees (Grade-II).');
INSERT INTO patient_allergies (patient_id, allergen, severity, reaction) VALUES (1193, 'Aspirin', 'High', 'Bronchospasm and asthma flare-up');
INSERT INTO patient_chronic_diseases (patient_id, disease_name, status, diagnosed_date) VALUES (1193, 'Osteoarthritis', 'Active', NOW() - INTERVAL '7 years 8 months');
INSERT INTO patient_chronic_diseases (patient_id, disease_name, status, diagnosed_date) VALUES (1193, 'Hyperlipidemia', 'Active', NOW() - INTERVAL '7 years 8 months');
INSERT INTO prescriptions (id, patient_id, date, doctor_name, doctor_specialization, hospital_name, diagnosis, clinical_notes, follow_up_date) VALUES ('PRES-1194-1', 1194, NOW() - INTERVAL '20 days', 'Dr. Kohinoor Islam', 'General Surgery', 'Anwer Khan Modern Medical College Hospital', 'Bilateral Osteoarthritis of Knee Joints', 'Pain, stiffness, and cracking sounds in both knees for the last 6 months, worse in the mornings and after sitting. Advised hot compression, avoidance of sitting on floor/squatting, and moderate knee exercises.', 'In 1 Month.');
INSERT INTO prescription_medicines (prescription_id, name, dosage, instruction, duration) VALUES ('PRES-1194-1', 'Tab. Naproxen 500mg', '1+0+1', 'After meals (only when pain is high)', '7 Days');
INSERT INTO prescription_medicines (prescription_id, name, dosage, instruction, duration) VALUES ('PRES-1194-1', 'Cap. Glucosamine + Chondroitin', '1+0+1', 'After meals', '2 Months');
INSERT INTO prescription_medicines (prescription_id, name, dosage, instruction, duration) VALUES ('PRES-1194-1', 'Tab. Omeprazole 20mg', '1+0+1', 'Before breakfast & dinner', '1 Month');
INSERT INTO lab_reports (id, patient_id, test_name, category, date, hospital_name, doctor_name, status, ai_interpretation) VALUES ('LAB-1194-1', 1194, 'Arthritis & Rheumatology Profile', 'Serology', NOW() - INTERVAL '20 days', 'Anwer Khan Modern Medical College Hospital', 'Dr. Kohinoor Islam', 'Completed', 'Uric acid level is slightly elevated, but Rheumatoid Factor is negative, suggesting OA rather than Gout or Rheumatoid Arthritis.');
INSERT INTO lab_test_results (lab_report_id, parameter, value, unit, reference_range, status) VALUES ('LAB-1194-1', 'Serum Uric Acid', '7.5', 'mg/dL', '3.5 - 7.2', 'High');
INSERT INTO lab_test_results (lab_report_id, parameter, value, unit, reference_range, status) VALUES ('LAB-1194-1', 'Rheumatoid Factor (RF)', '8', 'IU/mL', '< 14', 'Normal');
INSERT INTO lab_test_results (lab_report_id, parameter, value, unit, reference_range, status) VALUES ('LAB-1194-1', 'C-Reactive Protein (CRP)', '4.2', 'mg/L', '< 5.0', 'Normal');
INSERT INTO imaging_reports (id, patient_id, type, body_part, date, hospital_name, doctor_name, findings, impression) VALUES ('IMG-1194-1', 1194, 'X-Ray', 'Bilateral Knee Joints (AP & Lateral)', NOW() - INTERVAL '20 days', 'Anwer Khan Modern Medical College Hospital', 'Dr. Kohinoor Islam', 'Narrowing of the medial joint spaces in both knees. Subchondral sclerosis and osteophyte formation are noted along the margins of both joint surfaces. No joint effusion or fracture.', 'Radiological features of Bilateral Osteoarthritis of Knees (Grade-II).');
INSERT INTO patient_allergies (patient_id, allergen, severity, reaction) VALUES (1194, 'Peanuts', 'High', 'Anaphylaxis and facial swelling');
INSERT INTO patient_chronic_diseases (patient_id, disease_name, status, diagnosed_date) VALUES (1194, 'Osteoarthritis', 'Active', NOW() - INTERVAL '3 years 10 months');
INSERT INTO prescriptions (id, patient_id, date, doctor_name, doctor_specialization, hospital_name, diagnosis, clinical_notes, follow_up_date) VALUES ('PRES-1195-1', 1195, NOW() - INTERVAL '30 days', 'Dr. Simin Siddique', 'Urology', 'Kurmitola General Hospital', 'Acute Bronchitis & suspected Asthma', 'Cough with sputum, shortness of breath, and chest tightness for 5 days. Wheezing heard on auscultation. Advised avoiding cold drinks, dust, and using inhaler correctly.', 'In 10 days for review of symptoms.');
INSERT INTO prescription_medicines (prescription_id, name, dosage, instruction, duration) VALUES ('PRES-1195-1', 'Tab. Azithromycin 500mg', '1+0+0', '1 hour before food', '5 Days');
INSERT INTO prescription_medicines (prescription_id, name, dosage, instruction, duration) VALUES ('PRES-1195-1', 'Tab. Montelukast 10mg', '0+0+1', 'At night', '14 Days');
INSERT INTO prescription_medicines (prescription_id, name, dosage, instruction, duration) VALUES ('PRES-1195-1', 'Inhaler Salbutamol 100mcg', '2 Puffs', 'As needed (when short of breath)', 'As needed');
INSERT INTO lab_reports (id, patient_id, test_name, category, date, hospital_name, doctor_name, status, ai_interpretation) VALUES ('LAB-1195-1', 1195, 'Complete Blood Count (CBC)', 'Hematology', NOW() - INTERVAL '30 days', 'Kurmitola General Hospital', 'Dr. Simin Siddique', 'Completed', 'Mild leukocytosis observed, consistent with active respiratory tract infection. Eosinophil counts are slightly elevated, which could point to an allergic component (Asthma).');
INSERT INTO lab_test_results (lab_report_id, parameter, value, unit, reference_range, status) VALUES ('LAB-1195-1', 'Total WBC Count', '11.2', 'x10^9/L', '4.0 - 11.0', 'High');
INSERT INTO lab_test_results (lab_report_id, parameter, value, unit, reference_range, status) VALUES ('LAB-1195-1', 'Hemoglobin (Hb)', '14.5', 'g/dL', '13.5 - 17.5', 'Normal');
INSERT INTO lab_test_results (lab_report_id, parameter, value, unit, reference_range, status) VALUES ('LAB-1195-1', 'Eosinophils', '7', '%', '1 - 6', 'High');
INSERT INTO imaging_reports (id, patient_id, type, body_part, date, hospital_name, doctor_name, findings, impression) VALUES ('IMG-1195-1', 1195, 'X-Ray', 'Chest (P/A View)', NOW() - INTERVAL '30 days', 'Kurmitola General Hospital', 'Dr. Simin Siddique', 'Lungs are hyperinflated. Increased bronchovascular markings seen bilaterally. Both costophrenic angles are clear. Heart size and shape are normal. Bony thorax and dome of diaphragms are intact.', 'Findings are suggestive of Acute Bronchitic changes. No consolidation or pleural effusion.');
INSERT INTO patient_allergies (patient_id, allergen, severity, reaction) VALUES (1195, 'Penicillin', 'High', 'Anaphylactic shock and skin hives');
INSERT INTO patient_allergies (patient_id, allergen, severity, reaction) VALUES (1195, 'Dust Mites', 'Moderate', 'Sneezing and coughing');
INSERT INTO patient_allergies (patient_id, allergen, severity, reaction) VALUES (1195, 'Pollen', 'Low', 'Runny nose');
INSERT INTO patient_chronic_diseases (patient_id, disease_name, status, diagnosed_date) VALUES (1195, 'Bronchial Asthma', 'Controlled', NOW() - INTERVAL '7 years 11 months');
INSERT INTO prescriptions (id, patient_id, date, doctor_name, doctor_specialization, hospital_name, diagnosis, clinical_notes, follow_up_date) VALUES ('PRES-1196-1', 1196, NOW() - INTERVAL '22 days', 'Dr. Sadia Begum', 'Urology', 'National Medical Center', 'Gastroesophageal Reflux Disease (GERD)', 'Complains of burning sensation in the chest (heartburn), sour taste in the mouth, and upper abdominal pain after meals. Recommended avoiding spicy foods, sleeping with head elevated, and not lying down immediately after eating.', 'In 2 weeks.');
INSERT INTO prescription_medicines (prescription_id, name, dosage, instruction, duration) VALUES ('PRES-1196-1', 'Cap. Esomeprazole 20mg', '1+0+1', '30 minutes before breakfast & dinner', '1 Month');
INSERT INTO prescription_medicines (prescription_id, name, dosage, instruction, duration) VALUES ('PRES-1196-1', 'Tab. Domperidone 10mg', '1+1+1', '15 minutes before meals', '10 Days');
INSERT INTO prescription_medicines (prescription_id, name, dosage, instruction, duration) VALUES ('PRES-1196-1', 'Syr. Antacid', '2 spoonful', '1 hour after meals', '7 Days');
INSERT INTO lab_reports (id, patient_id, test_name, category, date, hospital_name, doctor_name, status, ai_interpretation) VALUES ('LAB-1196-1', 1196, 'H. Pylori Screening Panel', 'Serology', NOW() - INTERVAL '22 days', 'National Medical Center', 'Dr. Sadia Begum', 'Completed', 'H. Pylori antigen test is negative. Upper GI symptoms are likely due to lifestyle/acid reflux rather than active bacterial infection.');
INSERT INTO lab_test_results (lab_report_id, parameter, value, unit, reference_range, status) VALUES ('LAB-1196-1', 'H. Pylori Ag (Stool)', 'Negative', 'N/A', 'Negative', 'Normal');
INSERT INTO imaging_reports (id, patient_id, type, body_part, date, hospital_name, doctor_name, findings, impression) VALUES ('IMG-1196-1', 1196, 'Ultrasonography', 'Hepatobiliary System (HBS)', NOW() - INTERVAL '22 days', 'National Medical Center', 'Dr. Sadia Begum', 'Gallbladder is distended with normal wall thickness. No gallstones or sludge seen. Common bile duct and intrahepatic biliary channels are normal. Pancreas and spleen are normal.', 'Normal HBS scan. No gallstones detected.');
INSERT INTO patient_allergies (patient_id, allergen, severity, reaction) VALUES (1196, 'Dairy Products', 'Moderate', 'Abdominal cramps and diarrhea');
INSERT INTO patient_chronic_diseases (patient_id, disease_name, status, diagnosed_date) VALUES (1196, 'Gastroesophageal Reflux Disease (GERD)', 'Active', NOW() - INTERVAL '4 years 9 months');
INSERT INTO patient_chronic_diseases (patient_id, disease_name, status, diagnosed_date) VALUES (1196, 'Allergic Rhinitis', 'Controlled', NOW() - INTERVAL '2 years 8 months');
INSERT INTO prescriptions (id, patient_id, date, doctor_name, doctor_specialization, hospital_name, diagnosis, clinical_notes, follow_up_date) VALUES ('PRES-1197-1', 1197, NOW() - INTERVAL '5 days', 'Dr. Biplob Ali', 'Neuromedicine', 'Apollo Imperial Hospital', 'Acute Bronchitis & suspected Asthma', 'Cough with sputum, shortness of breath, and chest tightness for 5 days. Wheezing heard on auscultation. Advised avoiding cold drinks, dust, and using inhaler correctly.', 'In 10 days for review of symptoms.');
INSERT INTO prescription_medicines (prescription_id, name, dosage, instruction, duration) VALUES ('PRES-1197-1', 'Tab. Azithromycin 500mg', '1+0+0', '1 hour before food', '5 Days');
INSERT INTO prescription_medicines (prescription_id, name, dosage, instruction, duration) VALUES ('PRES-1197-1', 'Tab. Montelukast 10mg', '0+0+1', 'At night', '14 Days');
INSERT INTO prescription_medicines (prescription_id, name, dosage, instruction, duration) VALUES ('PRES-1197-1', 'Inhaler Salbutamol 100mcg', '2 Puffs', 'As needed (when short of breath)', 'As needed');
INSERT INTO lab_reports (id, patient_id, test_name, category, date, hospital_name, doctor_name, status, ai_interpretation) VALUES ('LAB-1197-1', 1197, 'Complete Blood Count (CBC)', 'Hematology', NOW() - INTERVAL '5 days', 'Apollo Imperial Hospital', 'Dr. Biplob Ali', 'Completed', 'Mild leukocytosis observed, consistent with active respiratory tract infection. Eosinophil counts are slightly elevated, which could point to an allergic component (Asthma).');
INSERT INTO lab_test_results (lab_report_id, parameter, value, unit, reference_range, status) VALUES ('LAB-1197-1', 'Total WBC Count', '11.2', 'x10^9/L', '4.0 - 11.0', 'High');
INSERT INTO lab_test_results (lab_report_id, parameter, value, unit, reference_range, status) VALUES ('LAB-1197-1', 'Hemoglobin (Hb)', '14.5', 'g/dL', '13.5 - 17.5', 'Normal');
INSERT INTO lab_test_results (lab_report_id, parameter, value, unit, reference_range, status) VALUES ('LAB-1197-1', 'Eosinophils', '7', '%', '1 - 6', 'High');
INSERT INTO imaging_reports (id, patient_id, type, body_part, date, hospital_name, doctor_name, findings, impression) VALUES ('IMG-1197-1', 1197, 'X-Ray', 'Chest (P/A View)', NOW() - INTERVAL '5 days', 'Apollo Imperial Hospital', 'Dr. Biplob Ali', 'Lungs are hyperinflated. Increased bronchovascular markings seen bilaterally. Both costophrenic angles are clear. Heart size and shape are normal. Bony thorax and dome of diaphragms are intact.', 'Findings are suggestive of Acute Bronchitic changes. No consolidation or pleural effusion.');
INSERT INTO prescriptions (id, patient_id, date, doctor_name, doctor_specialization, hospital_name, diagnosis, clinical_notes, follow_up_date) VALUES ('PRES-1197-2', 1197, NOW() - INTERVAL '16 days', 'Dr. Begum Begum', 'Psychiatry', 'Apollo Imperial Hospital', 'Type 2 Diabetes Mellitus & Essential Hypertension', 'Patient presents with generalized weakness and occasional dizziness. Blood pressure and fasting blood glucose are elevated. Recommended strict dietary control, low salt, regular walking, and compliance with medications.', 'In 3 months with fasting blood sugar and lipid profile reports.');
INSERT INTO prescription_medicines (prescription_id, name, dosage, instruction, duration) VALUES ('PRES-1197-2', 'Tab. Metformin HCl 500mg', '1+0+1', 'After meals', '3 Months');
INSERT INTO prescription_medicines (prescription_id, name, dosage, instruction, duration) VALUES ('PRES-1197-2', 'Tab. Amlodipine 5mg', '0+0+1', 'At night before sleeping', '1 Month');
INSERT INTO prescription_medicines (prescription_id, name, dosage, instruction, duration) VALUES ('PRES-1197-2', 'Tab. Atorvastatin 10mg', '0+0+1', 'At night after dinner', '2 Months');
INSERT INTO lab_reports (id, patient_id, test_name, category, date, hospital_name, doctor_name, status, ai_interpretation) VALUES ('LAB-1197-2', 1197, 'Diabetes and Kidney Function Panel', 'Biochemistry', NOW() - INTERVAL '16 days', 'Apollo Imperial Hospital', 'Dr. Begum Begum', 'Completed', 'Fasting Blood Glucose is high, indicating suboptimal glycemic control. Renal function (Creatinine) is normal. HbA1c should be monitored next visit.');
INSERT INTO lab_test_results (lab_report_id, parameter, value, unit, reference_range, status) VALUES ('LAB-1197-2', 'Fasting Blood Sugar (FBS)', '142', 'mg/dL', '70 - 100', 'High');
INSERT INTO lab_test_results (lab_report_id, parameter, value, unit, reference_range, status) VALUES ('LAB-1197-2', 'Serum Creatinine', '0.9', 'mg/dL', '0.6 - 1.2', 'Normal');
INSERT INTO lab_test_results (lab_report_id, parameter, value, unit, reference_range, status) VALUES ('LAB-1197-2', 'Blood Urea Nitrogen (BUN)', '14', 'mg/dL', '7 - 20', 'Normal');
INSERT INTO imaging_reports (id, patient_id, type, body_part, date, hospital_name, doctor_name, findings, impression) VALUES ('IMG-1197-2', 1197, 'Ultrasonography', 'Whole Abdomen', NOW() - INTERVAL '16 days', 'Apollo Imperial Hospital', 'Dr. Begum Begum', 'Liver shows normal size but mildly increased parenchymal echotexture, suggestive of Grade-I Fatty Liver. Gallbladder, spleen, kidneys, and urinary bladder are normal in size and shape. No calculi or focal masses seen.', 'Mild Hepatomegaly with Grade-I Fatty Change (Fatty Liver).');
INSERT INTO patient_allergies (patient_id, allergen, severity, reaction) VALUES (1197, 'Dust Mites', 'Moderate', 'Sneezing and coughing');
INSERT INTO patient_allergies (patient_id, allergen, severity, reaction) VALUES (1197, 'Pollen', 'Low', 'Runny nose');
INSERT INTO patient_chronic_diseases (patient_id, disease_name, status, diagnosed_date) VALUES (1197, 'Type 2 Diabetes Mellitus', 'Active', NOW() - INTERVAL '9 years 1 months');
INSERT INTO patient_chronic_diseases (patient_id, disease_name, status, diagnosed_date) VALUES (1197, 'Essential Hypertension', 'Active', NOW() - INTERVAL '1 years 9 months');
INSERT INTO patient_chronic_diseases (patient_id, disease_name, status, diagnosed_date) VALUES (1197, 'Bronchial Asthma', 'Controlled', NOW() - INTERVAL '3 years 2 months');
INSERT INTO prescriptions (id, patient_id, date, doctor_name, doctor_specialization, hospital_name, diagnosis, clinical_notes, follow_up_date) VALUES ('PRES-1198-1', 1198, NOW() - INTERVAL '29 days', 'Dr. Simin Siddique', 'Urology', 'Kurmitola General Hospital', 'Bilateral Osteoarthritis of Knee Joints', 'Pain, stiffness, and cracking sounds in both knees for the last 6 months, worse in the mornings and after sitting. Advised hot compression, avoidance of sitting on floor/squatting, and moderate knee exercises.', 'In 1 Month.');
INSERT INTO prescription_medicines (prescription_id, name, dosage, instruction, duration) VALUES ('PRES-1198-1', 'Tab. Naproxen 500mg', '1+0+1', 'After meals (only when pain is high)', '7 Days');
INSERT INTO prescription_medicines (prescription_id, name, dosage, instruction, duration) VALUES ('PRES-1198-1', 'Cap. Glucosamine + Chondroitin', '1+0+1', 'After meals', '2 Months');
INSERT INTO prescription_medicines (prescription_id, name, dosage, instruction, duration) VALUES ('PRES-1198-1', 'Tab. Omeprazole 20mg', '1+0+1', 'Before breakfast & dinner', '1 Month');
INSERT INTO lab_reports (id, patient_id, test_name, category, date, hospital_name, doctor_name, status, ai_interpretation) VALUES ('LAB-1198-1', 1198, 'Arthritis & Rheumatology Profile', 'Serology', NOW() - INTERVAL '29 days', 'Kurmitola General Hospital', 'Dr. Simin Siddique', 'Completed', 'Uric acid level is slightly elevated, but Rheumatoid Factor is negative, suggesting OA rather than Gout or Rheumatoid Arthritis.');
INSERT INTO lab_test_results (lab_report_id, parameter, value, unit, reference_range, status) VALUES ('LAB-1198-1', 'Serum Uric Acid', '7.5', 'mg/dL', '3.5 - 7.2', 'High');
INSERT INTO lab_test_results (lab_report_id, parameter, value, unit, reference_range, status) VALUES ('LAB-1198-1', 'Rheumatoid Factor (RF)', '8', 'IU/mL', '< 14', 'Normal');
INSERT INTO lab_test_results (lab_report_id, parameter, value, unit, reference_range, status) VALUES ('LAB-1198-1', 'C-Reactive Protein (CRP)', '4.2', 'mg/L', '< 5.0', 'Normal');
INSERT INTO imaging_reports (id, patient_id, type, body_part, date, hospital_name, doctor_name, findings, impression) VALUES ('IMG-1198-1', 1198, 'X-Ray', 'Bilateral Knee Joints (AP & Lateral)', NOW() - INTERVAL '29 days', 'Kurmitola General Hospital', 'Dr. Simin Siddique', 'Narrowing of the medial joint spaces in both knees. Subchondral sclerosis and osteophyte formation are noted along the margins of both joint surfaces. No joint effusion or fracture.', 'Radiological features of Bilateral Osteoarthritis of Knees (Grade-II).');
INSERT INTO prescriptions (id, patient_id, date, doctor_name, doctor_specialization, hospital_name, diagnosis, clinical_notes, follow_up_date) VALUES ('PRES-1198-2', 1198, NOW() - INTERVAL '15 days', 'Dr. Zarin Ali', 'Gastroenterology', 'North West Medical College & Hospital', 'Acute Bronchitis & suspected Asthma', 'Cough with sputum, shortness of breath, and chest tightness for 5 days. Wheezing heard on auscultation. Advised avoiding cold drinks, dust, and using inhaler correctly.', 'In 10 days for review of symptoms.');
INSERT INTO prescription_medicines (prescription_id, name, dosage, instruction, duration) VALUES ('PRES-1198-2', 'Tab. Azithromycin 500mg', '1+0+0', '1 hour before food', '5 Days');
INSERT INTO prescription_medicines (prescription_id, name, dosage, instruction, duration) VALUES ('PRES-1198-2', 'Tab. Montelukast 10mg', '0+0+1', 'At night', '14 Days');
INSERT INTO prescription_medicines (prescription_id, name, dosage, instruction, duration) VALUES ('PRES-1198-2', 'Inhaler Salbutamol 100mcg', '2 Puffs', 'As needed (when short of breath)', 'As needed');
INSERT INTO lab_reports (id, patient_id, test_name, category, date, hospital_name, doctor_name, status, ai_interpretation) VALUES ('LAB-1198-2', 1198, 'Complete Blood Count (CBC)', 'Hematology', NOW() - INTERVAL '15 days', 'North West Medical College & Hospital', 'Dr. Zarin Ali', 'Completed', 'Mild leukocytosis observed, consistent with active respiratory tract infection. Eosinophil counts are slightly elevated, which could point to an allergic component (Asthma).');
INSERT INTO lab_test_results (lab_report_id, parameter, value, unit, reference_range, status) VALUES ('LAB-1198-2', 'Total WBC Count', '11.2', 'x10^9/L', '4.0 - 11.0', 'High');
INSERT INTO lab_test_results (lab_report_id, parameter, value, unit, reference_range, status) VALUES ('LAB-1198-2', 'Hemoglobin (Hb)', '14.5', 'g/dL', '13.5 - 17.5', 'Normal');
INSERT INTO lab_test_results (lab_report_id, parameter, value, unit, reference_range, status) VALUES ('LAB-1198-2', 'Eosinophils', '7', '%', '1 - 6', 'High');
INSERT INTO imaging_reports (id, patient_id, type, body_part, date, hospital_name, doctor_name, findings, impression) VALUES ('IMG-1198-2', 1198, 'X-Ray', 'Chest (P/A View)', NOW() - INTERVAL '15 days', 'North West Medical College & Hospital', 'Dr. Zarin Ali', 'Lungs are hyperinflated. Increased bronchovascular markings seen bilaterally. Both costophrenic angles are clear. Heart size and shape are normal. Bony thorax and dome of diaphragms are intact.', 'Findings are suggestive of Acute Bronchitic changes. No consolidation or pleural effusion.');
INSERT INTO patient_allergies (patient_id, allergen, severity, reaction) VALUES (1198, 'Dust Mites', 'Moderate', 'Sneezing and coughing');
INSERT INTO patient_allergies (patient_id, allergen, severity, reaction) VALUES (1198, 'Pollen', 'Low', 'Runny nose');
INSERT INTO patient_chronic_diseases (patient_id, disease_name, status, diagnosed_date) VALUES (1198, 'Osteoarthritis', 'Active', NOW() - INTERVAL '7 years 11 months');
INSERT INTO patient_chronic_diseases (patient_id, disease_name, status, diagnosed_date) VALUES (1198, 'Bronchial Asthma', 'Controlled', NOW() - INTERVAL '8 years 12 months');
INSERT INTO prescriptions (id, patient_id, date, doctor_name, doctor_specialization, hospital_name, diagnosis, clinical_notes, follow_up_date) VALUES ('PRES-1199-1', 1199, NOW() - INTERVAL '12 days', 'Dr. Selim Hasan', 'General Medicine', 'Anwer Khan Modern Medical College Hospital', 'Bilateral Osteoarthritis of Knee Joints', 'Pain, stiffness, and cracking sounds in both knees for the last 6 months, worse in the mornings and after sitting. Advised hot compression, avoidance of sitting on floor/squatting, and moderate knee exercises.', 'In 1 Month.');
INSERT INTO prescription_medicines (prescription_id, name, dosage, instruction, duration) VALUES ('PRES-1199-1', 'Tab. Naproxen 500mg', '1+0+1', 'After meals (only when pain is high)', '7 Days');
INSERT INTO prescription_medicines (prescription_id, name, dosage, instruction, duration) VALUES ('PRES-1199-1', 'Cap. Glucosamine + Chondroitin', '1+0+1', 'After meals', '2 Months');
INSERT INTO prescription_medicines (prescription_id, name, dosage, instruction, duration) VALUES ('PRES-1199-1', 'Tab. Omeprazole 20mg', '1+0+1', 'Before breakfast & dinner', '1 Month');
INSERT INTO lab_reports (id, patient_id, test_name, category, date, hospital_name, doctor_name, status, ai_interpretation) VALUES ('LAB-1199-1', 1199, 'Arthritis & Rheumatology Profile', 'Serology', NOW() - INTERVAL '12 days', 'Anwer Khan Modern Medical College Hospital', 'Dr. Selim Hasan', 'Completed', 'Uric acid level is slightly elevated, but Rheumatoid Factor is negative, suggesting OA rather than Gout or Rheumatoid Arthritis.');
INSERT INTO lab_test_results (lab_report_id, parameter, value, unit, reference_range, status) VALUES ('LAB-1199-1', 'Serum Uric Acid', '7.5', 'mg/dL', '3.5 - 7.2', 'High');
INSERT INTO lab_test_results (lab_report_id, parameter, value, unit, reference_range, status) VALUES ('LAB-1199-1', 'Rheumatoid Factor (RF)', '8', 'IU/mL', '< 14', 'Normal');
INSERT INTO lab_test_results (lab_report_id, parameter, value, unit, reference_range, status) VALUES ('LAB-1199-1', 'C-Reactive Protein (CRP)', '4.2', 'mg/L', '< 5.0', 'Normal');
INSERT INTO imaging_reports (id, patient_id, type, body_part, date, hospital_name, doctor_name, findings, impression) VALUES ('IMG-1199-1', 1199, 'X-Ray', 'Bilateral Knee Joints (AP & Lateral)', NOW() - INTERVAL '12 days', 'Anwer Khan Modern Medical College Hospital', 'Dr. Selim Hasan', 'Narrowing of the medial joint spaces in both knees. Subchondral sclerosis and osteophyte formation are noted along the margins of both joint surfaces. No joint effusion or fracture.', 'Radiological features of Bilateral Osteoarthritis of Knees (Grade-II).');
INSERT INTO patient_chronic_diseases (patient_id, disease_name, status, diagnosed_date) VALUES (1199, 'Osteoarthritis', 'Active', NOW() - INTERVAL '8 years 2 months');

-- Adjust sequences to prevent duplicate key errors in future inserts
SELECT setval('users_id_seq', COALESCE((SELECT MAX(id)+1 FROM users), 1), false);
SELECT setval('patients_id_seq', COALESCE((SELECT MAX(id)+1 FROM patients), 1), false);
SELECT setval('doctors_id_seq', COALESCE((SELECT MAX(id)+1 FROM doctors), 1), false);
SELECT setval('hospitals_id_seq', COALESCE((SELECT MAX(id)+1 FROM hospitals), 1), false);
COMMIT;